protocol,candidate,metric,mean_of_seed_metrics,median_of_seed_metrics,std_of_seed_metrics,minimum_of_seed_metrics,maximum_of_seed_metrics,p10_of_seed_metrics,p90_of_seed_metrics,n_seeds,metric_of_mean_path,metric_of_median_return_path,difference,relative_difference,primary_value,primary_method
zero_cash,V3_real_macro_vintage_clean_no_dxy_cap_0p70,cumulative_return,0.439963079444542,0.3946044350530411,0.22661364815786872,0.15423589952909578,0.8553460179325014,0.15881281620438806,0.693044262995641,10,0.44476238271256086,0.5751644596611767,0.004799303268018862,0.010908422756923223,0.439963079444542,mean_of_metrics_across_ten_full_oos_seed_histories
zero_cash,V3_real_macro_vintage_clean_no_dxy_cap_0p70,annualized_return,0.08461653495374341,0.0787830658272024,0.0385827032833679,0.033255046971242264,0.15138274792246653,0.034187908581151595,0.12749656010799473,10,0.08753889664548997,0.10918542350066174,0.002922361691746561,0.0345365322905754,0.08461653495374341,mean_of_metrics_across_ten_full_oos_seed_histories
zero_cash,V3_real_macro_vintage_clean_no_dxy_cap_0p70,annualized_volatility,0.12439220287226549,0.12428884383788782,0.02411043524718983,0.08918202158880092,0.15971171862348932,0.09520804227154171,0.15181946756639725,10,0.09769877123762447,0.0995220374300643,-0.026693431634641024,-0.2145908748159375,0.12439220287226549,mean_of_metrics_across_ten_full_oos_seed_histories
zero_cash,V3_real_macro_vintage_clean_no_dxy_cap_0p70,sharpe,0.7327139951044506,0.6799653252381239,0.33342518089387607,0.33500765305846325,1.2761529666746951,0.4137769278866466,1.2430307312890543,10,0.9083162623487628,1.0917976241229845,0.17560226724431227,0.23966004255081771,0.7327139951044506,mean_of_metrics_across_ten_full_oos_seed_histories
zero_cash,V3_real_macro_vintage_clean_no_dxy_cap_0p70,sortino,1.0963558653823893,0.9231479009922106,0.6449529297617512,0.4131497136288895,2.1544313106783575,0.5574598611075872,2.121225458256019,10,1.3729643114658652,1.726786106537967,0.2766084460834759,0.25229804921689347,1.0963558653823893,mean_of_metrics_across_ten_full_oos_seed_histories
zero_cash,V3_real_macro_vintage_clean_no_dxy_cap_0p70,calmar,0.5100812883352502,0.42410015944982615,0.3458885147058271,0.15811049945243597,1.1223179939934234,0.1775092000952921,0.9903911826179206,10,0.4946959689798298,0.5672265066455969,-0.015385319355420424,-0.030162485288635885,0.5100812883352502,mean_of_metrics_across_ten_full_oos_seed_histories
zero_cash,V3_real_macro_vintage_clean_no_dxy_cap_0p70,max_drawdown,-0.19508257989693986,-0.18271790559818568,0.06202762369850592,-0.2964720154796764,-0.11123633400504107,-0.28587345135257136,-0.11840930468246344,10,-0.17695494229721365,-0.19248998807610518,0.018127637599726215,0.0929228924966179,-0.19508257989693986,mean_of_metrics_across_ten_full_oos_seed_histories
zero_cash,V3_real_macro_vintage_clean_no_dxy_cap_0p70,average_turnover,0.2767384531097496,0.2769808145483002,0.03813318495862074,0.22933633949851967,0.36380618576164336,0.23039702191559416,0.3009365130442512,10,0.2767384531097496,,0.0,0.0,0.2767384531097496,mean_of_metrics_across_ten_full_oos_seed_histories
zero_cash,V3_real_macro_vintage_clean_no_dxy_cap_0p70,total_transaction_cost,0.015901387750930564,0.01592479951669992,0.003379046558657501,0.01078116027420159,0.02050823756911332,0.012133231247363882,0.019478077876536524,10,0.01590138775093056,,-3.469446951953614e-18,-2.1818516762793732e-16,0.015901387750930564,mean_of_metrics_across_ten_full_oos_seed_histories
zero_cash,V3_real_macro_vintage_clean_no_dxy_cap_0p70,mean_transaction_cost,6.974292873215159e-05,6.984561191535052e-05,1.4820379643234656e-05,4.728579067632276e-05,8.99484103908479e-05,5.32159265235258e-05,8.543016612516019e-05,10,6.974292873215158e-05,,-1.3552527156068805e-20,-1.9432116491863167e-16,6.974292873215159e-05,mean_of_metrics_across_ten_full_oos_seed_histories
zero_cash,V3_real_macro_vintage_clean_no_dxy_cap_0p70,average_max_weight,0.6571236875240694,0.6531079012545176,0.007775733725444847,0.6496848595433051,0.6710718538535271,0.6517941342897521,0.6705279397209719,10,0.6571236875240694,,0.0,0.0,0.6571236875240694,mean_of_metrics_across_ten_full_oos_seed_histories
zero_cash,V3_real_macro_vintage_clean_no_dxy_cap_0p70,average_effective_number_of_assets,1.9568992412966466,1.9523633661692348,0.03639237671319168,1.9050123513465673,2.015105201661771,1.9134890580110973,2.007946608941945,10,1.9568992412966464,,-2.220446049250313e-16,-1.1346757167625245e-16,1.9568992412966466,mean_of_metrics_across_ten_full_oos_seed_histories
zero_cash,V3_real_macro_vintage_clean_no_dxy_cap_0p70,mean_cash_weight,0.2717733138727815,0.24479014585596143,0.1341470752904239,0.1289511128831168,0.5040803115261139,0.13464212002499273,0.486125769822561,10,0.2717733138727814,,-5.551115123125783e-17,-2.0425534221966653e-16,0.2717733138727815,mean_of_metrics_across_ten_full_oos_seed_histories
zero_cash,V3_real_macro_vintage_clean_no_dxy_cap_0p70,cash_above_10_rate,0.5657894736842105,0.5109649122807017,0.20090506884563608,0.29385964912280704,0.9429824561403509,0.41228070175438597,0.8798245614035088,10,1.0,,0.4342105263157895,0.7674418604651163,0.5657894736842105,mean_of_metrics_across_ten_full_oos_seed_histories
zero_cash,V3_real_macro_vintage_clean_no_dxy_cap_0p70,mean_btc_weight,0.0651017165246665,0.06327280147667742,0.02936873651047986,0.01620016902042926,0.12374677291550502,0.04008316446458067,0.09059179315114982,10,0.0651017165246665,,0.0,0.0,0.0651017165246665,mean_of_metrics_across_ten_full_oos_seed_histories
zero_cash,V3_real_macro_vintage_clean_no_dxy_cap_0p70,mean_cash_transaction_cost_contribution,0.0,0.0,0.0,0.0,0.0,0.0,0.0,10,0.0,,0.0,,0.0,mean_of_metrics_across_ten_full_oos_seed_histories
zero_cash,V3_real_macro_vintage_clean_no_dxy_cap_0p70,mean_btc_transaction_cost_contribution,3.4565123390566e-05,3.208476710533229e-05,1.2641931382497233e-05,1.701880238689017e-05,5.782022391753755e-05,2.2158523229257844e-05,5.005708351215733e-05,10,3.456512339056599e-05,,-6.776263578034403e-21,-1.9604337879736534e-16,3.4565123390566e-05,mean_of_metrics_across_ten_full_oos_seed_histories
zero_cash,V3_real_macro_vintage_clean_no_dxy_cap_0p70,dsr_score,0.33724303975723063,0.27959115665041356,0.23465762401463844,0.09708220191734968,0.7348383853066631,0.12924591721648218,0.704747209772636,10,0.27959115665041356,,-0.05765188310681707,-0.1709505499307521,0.33724303975723063,mean_of_metrics_across_ten_full_oos_seed_histories
zero_cash,V4_real_garch_current_cap_0p70,cumulative_return,0.23911163741411098,0.2328189417745955,0.238272095249849,-0.10180973705516849,0.6670252506431913,-0.036602097657468476,0.5529545394064115,10,0.23231092210102222,0.18140871037789874,-0.006800715313088762,-0.028441590658805062,0.23911163741411098,mean_of_metrics_across_ten_full_oos_seed_histories
zero_cash,V4_real_garch_current_cap_0p70,annualized_return,0.047059535641156405,0.04884607455130885,0.045828885211536864,-0.024191246281836554,0.12361723333733532,-0.00851448082949996,0.10554272067028,10,0.04879496611691381,0.0387530671346521,0.0017354304757574018,0.036877339568129164,0.047059535641156405,mean_of_metrics_across_ten_full_oos_seed_histories
zero_cash,V4_real_garch_current_cap_0p70,annualized_volatility,0.10280411044803288,0.09978452689567523,0.016505057511438777,0.08285470980587342,0.13356030341499092,0.08720476965160445,0.11961414043152443,10,0.07594821060106333,0.06650276234845168,-0.026855899846969553,-0.2612337165306743,0.10280411044803288,mean_of_metrics_across_ten_full_oos_seed_histories
zero_cash,V4_real_garch_current_cap_0p70,sharpe,0.5180260605288036,0.6018625922122978,0.39729561646526185,-0.11649093025179835,1.121188531429676,-0.010795247463473883,0.9255994805322026,10,0.6653900842299352,0.6050245651611358,0.14736402370113155,0.2844722204722705,0.5180260605288036,mean_of_metrics_across_ten_full_oos_seed_histories
zero_cash,V4_real_garch_current_cap_0p70,sortino,0.7780577058112079,0.8383664284909018,0.687033117982255,-0.24664691146377474,1.9191534437574669,-0.1015785495249636,1.5130267940968172,10,0.9654725393935006,0.8736449605992355,0.18741483358229272,0.24087523609433675,0.7780577058112079,mean_of_metrics_across_ten_full_oos_seed_histories
zero_cash,V4_real_garch_current_cap_0p70,calmar,0.36795214187383,0.35226274104343247,0.35222649558785163,-0.0618029222729448,1.0564495204002258,-0.03174349947244812,0.780423716115774,10,0.28382659921086417,0.23842325320716615,-0.08412554266296585,-0.22863175149504175,0.36795214187383,mean_of_metrics_across_ten_full_oos_seed_histories
zero_cash,V4_real_garch_current_cap_0p70,max_drawdown,-0.1843464354869825,-0.14368031681497784,0.08738292246733091,-0.3914256056533859,-0.11129012122323267,-0.2652079312084531,-0.11643977979767202,10,-0.17191822842742943,-0.1625389579806611,0.012428207059553081,0.06741766949125898,-0.1843464354869825,mean_of_metrics_across_ten_full_oos_seed_histories
zero_cash,V4_real_garch_current_cap_0p70,average_turnover,0.4452178812134046,0.44199533346195774,0.057695269512265876,0.3770406921258232,0.5866177514997692,0.39817719603980845,0.48065316862843993,10,0.4452178812134046,,0.0,0.0,0.4452178812134046,mean_of_metrics_across_ten_full_oos_seed_histories
zero_cash,V4_real_garch_current_cap_0p70,total_transaction_cost,0.024589697471798493,0.025139198638496646,0.0060255335254917695,0.01644335372891989,0.0373716715206206,0.017282013062369452,0.029833331720832773,10,0.024589697471798497,,3.469446951953614e-18,1.4109351918349805e-16,0.024589697471798493,mean_of_metrics_across_ten_full_oos_seed_histories
zero_cash,V4_real_garch_current_cap_0p70,mean_transaction_cost,0.00010784955031490568,0.00011025964315130107,2.642777862057793e-05,7.211997249526268e-05,0.00016391084000272192,7.579830290512917e-05,0.00013084794614400338,10,0.00010784955031490568,,0.0,0.0,0.00010784955031490568,mean_of_metrics_across_ten_full_oos_seed_histories
zero_cash,V4_real_garch_current_cap_0p70,average_max_weight,0.6504030305103979,0.6495510149104895,0.012285693667285656,0.6286363401324763,0.671886374350774,0.6394413673318685,0.662665400870502,10,0.650403030510398,,1.1102230246251565e-16,1.7069770166260126e-16,0.6504030305103979,mean_of_metrics_across_ten_full_oos_seed_histories
zero_cash,V4_real_garch_current_cap_0p70,average_effective_number_of_assets,2.004302828951787,1.9917578538513514,0.055360596273763746,1.946630925927253,2.1448558644057094,1.957947662078531,2.040821186977743,10,2.004302828951787,,0.0,0.0,2.004302828951787,mean_of_metrics_across_ten_full_oos_seed_histories
zero_cash,V4_real_garch_current_cap_0p70,mean_cash_weight,0.37011333210439334,0.3631613426232236,0.09146647042796749,0.22794311663010627,0.5243255503777391,0.29228524969610103,0.46946822131861077,10,0.37011333210439334,,0.0,0.0,0.37011333210439334,mean_of_metrics_across_ten_full_oos_seed_histories
zero_cash,V4_real_garch_current_cap_0p70,cash_above_10_rate,0.7048245614035087,0.6666666666666667,0.1703457930314559,0.3815789473684211,0.9166666666666666,0.575,0.8969298245614035,10,1.0,,0.2951754385964913,0.41879278158058514,0.7048245614035087,mean_of_metrics_across_ten_full_oos_seed_histories
zero_cash,V4_real_garch_current_cap_0p70,mean_btc_weight,0.07368101486254598,0.0583256931680855,0.03919798603075705,0.03377440999273711,0.14383262521860718,0.035904611010452406,0.13560502197950702,10,0.07368101486254598,,0.0,0.0,0.07368101486254598,mean_of_metrics_across_ten_full_oos_seed_histories
zero_cash,V4_real_garch_current_cap_0p70,mean_cash_transaction_cost_contribution,0.0,0.0,0.0,0.0,0.0,0.0,0.0,10,0.0,,0.0,,0.0,mean_of_metrics_across_ten_full_oos_seed_histories
zero_cash,V4_real_garch_current_cap_0p70,mean_btc_transaction_cost_contribution,5.366786304851043e-05,5.27501662666702e-05,2.4818444633753683e-05,2.153804088157089e-05,9.798394585020336e-05,2.8581536520224755e-05,8.936116586001902e-05,10,5.366786304851043e-05,,0.0,0.0,5.366786304851043e-05,mean_of_metrics_across_ten_full_oos_seed_histories
zero_cash,V4_real_garch_current_cap_0p70,dsr_score,0.24447699555226357,0.22499305162543423,0.20552895264170554,0.012511979361017445,0.6463139935009126,0.021962268403486012,0.4904200850515241,10,0.22499305162543423,,-0.01948394392682934,-0.07969643067158898,0.24447699555226357,mean_of_metrics_across_ten_full_oos_seed_histories
zero_cash,V5_no_volatility_block_cap_0p50,cumulative_return,0.25859828617200165,0.29542184639839253,0.15370149328581625,0.008251815524222827,0.46888542936713384,0.0513109612168567,0.4630649099665549,10,0.2643763596311586,0.2950384313933525,0.005778073459156929,0.022343819615702153,0.25859828617200165,mean_of_metrics_across_ten_full_oos_seed_histories
zero_cash,V5_no_volatility_block_cap_0p50,annualized_return,0.0525765436050555,0.06080611980298978,0.029877028183682777,0.001876028081479575,0.09165388544413955,0.011460560982450563,0.09066563598061343,10,0.05495749251344351,0.060738483263412135,0.0023809489083880045,0.0452853828938094,0.0525765436050555,mean_of_metrics_across_ten_full_oos_seed_histories
zero_cash,V5_no_volatility_block_cap_0p50,annualized_volatility,0.1208053719342258,0.11601801442273785,0.020940507842077436,0.10025065213536562,0.17410327277245563,0.10464313988846406,0.134201278576993,10,0.09890172574955956,0.09336942443226179,-0.02190364618466624,-0.18131351142722354,0.1208053719342258,mean_of_metrics_across_ten_full_oos_seed_histories
zero_cash,V5_no_volatility_block_cap_0p50,sharpe,0.5059126924324209,0.5484668209463384,0.2529003207926155,0.08005629125309399,0.8542235490693222,0.1525440601320936,0.8492806584384478,10,0.5904504654848056,0.6782620433438303,0.08453777305238475,0.16709952985351753,0.5059126924324209,mean_of_metrics_across_ten_full_oos_seed_histories
zero_cash,V5_no_volatility_block_cap_0p50,sortino,0.7161811237470675,0.8165527151228611,0.4235275928536662,0.019053466483535373,1.2971334361181464,0.08692273311483618,1.2402693696794707,10,0.8292302310022852,1.005370938209521,0.11304910725521766,0.15784988392844465,0.7161811237470675,mean_of_metrics_across_ten_full_oos_seed_histories
zero_cash,V5_no_volatility_block_cap_0p50,calmar,0.2280510051677962,0.23379909559645157,0.16313740647558106,0.004954746492699784,0.5715813940715802,0.02580281202172764,0.38986898616326693,10,0.21658699846892637,0.24952888211724583,-0.011464006698869822,-0.050269485505818286,0.2280510051677962,mean_of_metrics_across_ten_full_oos_seed_histories
zero_cash,V5_no_volatility_block_cap_0p50,max_drawdown,-0.2736497203961881,-0.2519465143470685,0.08083251656879044,-0.4454422845198692,-0.15843033279933116,-0.3853134839162789,-0.22476739187039327,10,-0.25374326668702707,-0.2434126372388148,0.019906453709161054,0.07274428667546465,-0.2736497203961881,mean_of_metrics_across_ten_full_oos_seed_histories
zero_cash,V5_no_volatility_block_cap_0p50,average_turnover,0.41952524107793254,0.4170341557898764,0.052972522170821226,0.3310642015688603,0.5344866784639111,0.38128648648754115,0.467579269046091,10,0.4195252410779325,,-5.551115123125783e-17,-1.3231897820647667e-16,0.41952524107793254,mean_of_metrics_across_ten_full_oos_seed_histories
zero_cash,V5_no_volatility_block_cap_0p50,total_transaction_cost,0.026103251820968086,0.025401478387553897,0.0048913300331968855,0.019691143807044453,0.03469521590409246,0.021159698944633314,0.03322683063226746,10,0.026103251820968086,,0.0,0.0,0.026103251820968086,mean_of_metrics_across_ten_full_oos_seed_histories
zero_cash,V5_no_volatility_block_cap_0p50,mean_transaction_cost,0.00011448794658319337,0.00011140999292786797,2.1453201899986336e-05,8.636466582037041e-05,0.0001521719995793529,9.280569712558472e-05,0.00014573171329941868,10,0.00011448794658319336,,-1.3552527156068805e-20,-1.18375143939024e-16,0.00011448794658319337,mean_of_metrics_across_ten_full_oos_seed_histories
zero_cash,V5_no_volatility_block_cap_0p50,average_max_weight,0.4934377478474876,0.4930629685985965,0.003442947743219785,0.48641341729976456,0.49851475106358545,0.4904033617709939,0.496680895462476,10,0.4934377478474876,,0.0,0.0,0.4934377478474876,mean_of_metrics_across_ten_full_oos_seed_histories
zero_cash,V5_no_volatility_block_cap_0p50,average_effective_number_of_assets,2.8006662863090668,2.7910774740203186,0.05820985527145024,2.6859106678915365,2.8834752580143608,2.7509111992903668,2.862192801512999,10,2.800666286309067,,4.440892098500626e-16,1.5856555706796383e-16,2.8006662863090668,mean_of_metrics_across_ten_full_oos_seed_histories
zero_cash,V5_no_volatility_block_cap_0p50,mean_cash_weight,0.24155553827371962,0.24483920396461084,0.07283641496200544,0.10833680640157164,0.31851277596555777,0.16354189636877725,0.31643707748815575,10,0.24155553827371967,,5.551115123125783e-17,2.2980699025975196e-16,0.24155553827371962,mean_of_metrics_across_ten_full_oos_seed_histories
zero_cash,V5_no_volatility_block_cap_0p50,cash_above_10_rate,0.6890350877192983,0.7039473684210527,0.17234665725732745,0.3684210526315789,0.9078947368421053,0.5105263157894736,0.868421052631579,10,0.9736842105263158,,0.2846491228070175,0.4131126670910247,0.6890350877192983,mean_of_metrics_across_ten_full_oos_seed_histories
zero_cash,V5_no_volatility_block_cap_0p50,mean_btc_weight,0.09719205908823875,0.08441867486299807,0.03449740382802626,0.05882633321249703,0.17367263941173294,0.06920608784725264,0.1272674888387094,10,0.09719205908823873,,-1.3877787807814457e-17,-1.427872599675565e-16,0.09719205908823875,mean_of_metrics_across_ten_full_oos_seed_histories
zero_cash,V5_no_volatility_block_cap_0p50,mean_cash_transaction_cost_contribution,0.0,0.0,0.0,0.0,0.0,0.0,0.0,10,0.0,,0.0,,0.0,mean_of_metrics_across_ten_full_oos_seed_histories
zero_cash,V5_no_volatility_block_cap_0p50,mean_btc_transaction_cost_contribution,6.1308209902845e-05,5.890676343384035e-05,1.8380303565351194e-05,3.630519431073207e-05,8.777442756219573e-05,4.229259060645735e-05,8.495549571171304e-05,10,6.1308209902845e-05,,0.0,0.0,6.1308209902845e-05,mean_of_metrics_across_ten_full_oos_seed_histories
zero_cash,V5_no_volatility_block_cap_0p50,dsr_score,0.2034555575394259,0.2070326524268207,0.12815270895561676,0.03354972581067961,0.41662343566197285,0.046298238787043824,0.3977229959065997,10,0.2070326524268207,,0.0035770948873947994,0.017581701530574437,0.2034555575394259,mean_of_metrics_across_ten_full_oos_seed_histories
zero_cash,V7_real_macro_vintage_clean_no_dxy_garch_cap_0p80,cumulative_return,0.4781943067393334,0.26608314499399277,0.44592134612454487,0.012556627257507058,1.4113745706760743,0.11827905213224442,1.0043611601617126,10,0.4577886030475864,0.4073073235502316,-0.02040570369174699,-0.04267241036575173,0.4781943067393334,mean_of_metrics_across_ten_full_oos_seed_histories
zero_cash,V7_real_macro_vintage_clean_no_dxy_garch_cap_0p80,annualized_return,0.08612999104700117,0.055249696163105266,0.07016075099609907,0.002850015096010461,0.2223150858856815,0.02572954114402821,0.17142069006511026,10,0.08976748249339628,0.0810433095826728,0.003637491446395108,0.042232576622585824,0.08612999104700117,mean_of_metrics_across_ten_full_oos_seed_histories
zero_cash,V7_real_macro_vintage_clean_no_dxy_garch_cap_0p80,annualized_volatility,0.12734486503333614,0.11376424590232796,0.04185638746439476,0.0869684107052217,0.22632931607569767,0.09531421458530112,0.17521130050401512,10,0.08429722705585517,0.07484907267612778,-0.04304763797748097,-0.33803984138828075,0.12734486503333614,mean_of_metrics_across_ten_full_oos_seed_histories
zero_cash,V7_real_macro_vintage_clean_no_dxy_garch_cap_0p80,sharpe,0.6809663574928227,0.5662875057098833,0.42251434399807836,0.07934872638279994,1.451702049229967,0.27398176825375953,1.1027683482610147,10,1.062484720081153,1.079085945847262,0.38151836258833016,0.5602602219484114,0.6809663574928227,mean_of_metrics_across_ten_full_oos_seed_histories
zero_cash,V7_real_macro_vintage_clean_no_dxy_garch_cap_0p80,sortino,1.0854099699868025,0.807641663766789,0.8268572115431423,0.0391649977230555,2.4821185240921344,0.32427029351356185,2.200719130879732,10,1.695784358447897,1.735879724482517,0.6103743884610946,0.5623445567470844,1.0854099699868025,mean_of_metrics_across_ten_full_oos_seed_histories
zero_cash,V7_real_macro_vintage_clean_no_dxy_garch_cap_0p80,calmar,0.4726479479472003,0.24306045038805965,0.4726376737451476,0.011978022839994204,1.53809609356855,0.12900053105391995,0.966213440404929,10,0.5337589477974631,0.4500987134019695,0.06111099985026286,0.12929496492194567,0.4726479479472003,mean_of_metrics_across_ten_full_oos_seed_histories
zero_cash,V7_real_macro_vintage_clean_no_dxy_garch_cap_0p80,max_drawdown,-0.21139754829846505,-0.21083300791520942,0.043224480196343326,-0.30162555315410544,-0.14453913953443986,-0.24430587601813314,-0.16757885434169542,10,-0.16817981761958,-0.1800567457083475,0.04321773067888504,0.20443818306666162,-0.21139754829846505,mean_of_metrics_across_ten_full_oos_seed_histories
zero_cash,V7_real_macro_vintage_clean_no_dxy_garch_cap_0p80,average_turnover,0.30827275527058445,0.31651259805233545,0.048055770743289324,0.20492334664942682,0.3657680363806299,0.2628640417138798,0.36133763435314015,10,0.3082727552705845,,5.551115123125783e-17,1.8007154470246087e-16,0.30827275527058445,mean_of_metrics_across_ten_full_oos_seed_histories
zero_cash,V7_real_macro_vintage_clean_no_dxy_garch_cap_0p80,total_transaction_cost,0.014696843671449555,0.014578997064014271,0.003302242565722115,0.008478900894850691,0.020073325648877614,0.011459508087552,0.017450049867305105,10,0.014696843671449555,,0.0,0.0,0.014696843671449555,mean_of_metrics_across_ten_full_oos_seed_histories
zero_cash,V7_real_macro_vintage_clean_no_dxy_garch_cap_0p80,mean_transaction_cost,6.445984066425243e-05,6.394296957900995e-05,1.4483520025096996e-05,3.7188161819520576e-05,8.804090196876147e-05,5.026100038400001e-05,7.653530643554871e-05,10,6.445984066425243e-05,,0.0,0.0,6.445984066425243e-05,mean_of_metrics_across_ten_full_oos_seed_histories
zero_cash,V7_real_macro_vintage_clean_no_dxy_garch_cap_0p80,average_max_weight,0.7292414311385291,0.7267360488734289,0.017942822007060877,0.7078759735884537,0.7545335881229986,0.7094271791779361,0.7531638014736446,10,0.7292414311385291,,0.0,0.0,0.7292414311385291,mean_of_metrics_across_ten_full_oos_seed_histories
zero_cash,V7_real_macro_vintage_clean_no_dxy_garch_cap_0p80,average_effective_number_of_assets,1.7006975256449153,1.7117854078755768,0.052409484199028286,1.6370478064101284,1.7920098023754771,1.6382987636653783,1.7503168628651704,10,1.700697525644915,,-2.220446049250313e-16,-1.3056090314521425e-16,1.7006975256449153,mean_of_metrics_across_ten_full_oos_seed_histories
zero_cash,V7_real_macro_vintage_clean_no_dxy_garch_cap_0p80,mean_cash_weight,0.3415460567250154,0.3226647458922938,0.14005906258800993,0.12095246580914205,0.5432119799082654,0.207564634909518,0.5304112677645498,10,0.3415460567250154,,0.0,0.0,0.3415460567250154,mean_of_metrics_across_ten_full_oos_seed_histories
zero_cash,V7_real_macro_vintage_clean_no_dxy_garch_cap_0p80,cash_above_10_rate,0.5565789473684211,0.5021929824561404,0.20978844457624363,0.2850877192982456,0.8947368421052632,0.37192982456140355,0.8592105263157894,10,0.9868421052631579,,0.4302631578947368,0.7730496453900708,0.5565789473684211,mean_of_metrics_across_ten_full_oos_seed_histories
zero_cash,V7_real_macro_vintage_clean_no_dxy_garch_cap_0p80,mean_btc_weight,0.0581269418467252,0.02632015420445239,0.0681243155859601,0.017189646049929147,0.1895338324979125,0.017521866665084217,0.18385037472741889,10,0.058126941846725205,,6.938893903907228e-18,1.1937483176397586e-16,0.0581269418467252,mean_of_metrics_across_ten_full_oos_seed_histories
zero_cash,V7_real_macro_vintage_clean_no_dxy_garch_cap_0p80,mean_cash_transaction_cost_contribution,0.0,0.0,0.0,0.0,0.0,0.0,0.0,10,0.0,,0.0,,0.0,mean_of_metrics_across_ten_full_oos_seed_histories
zero_cash,V7_real_macro_vintage_clean_no_dxy_garch_cap_0p80,mean_btc_transaction_cost_contribution,2.3974127127622134e-05,2.186077163509107e-05,1.1890123280923989e-05,1.2472220645158943e-05,5.0185715134134576e-05,1.3876004886446146e-05,4.011677451816383e-05,10,2.3974127127622134e-05,,0.0,0.0,2.3974127127622134e-05,mean_of_metrics_across_ten_full_oos_seed_histories
zero_cash,V7_real_macro_vintage_clean_no_dxy_garch_cap_0p80,dsr_score,0.34296688489640403,0.21229828557507802,0.2919397406160963,0.03354118826672736,0.8376729389151552,0.07900748639386389,0.7467832762609524,10,0.21229828557507802,,-0.13066859932132602,-0.3809947988441961,0.34296688489640403,mean_of_metrics_across_ten_full_oos_seed_histories
zero_cash,V8_ewma_garch_vol_current_cap_uncapped,cumulative_return,0.2579953162043174,0.14211701733739368,0.33432673103221294,-0.14317097989844807,0.927203285942084,-0.03348423970854505,0.6881259782280232,10,0.26875087138925235,0.33549568552805087,0.010755555184934928,0.04168895522280392,0.2579953162043174,mean_of_metrics_across_ten_full_oos_seed_histories
zero_cash,V8_ewma_garch_vol_current_cap_uncapped,annualized_return,0.048248478954693676,0.030743283086218542,0.06094854619022626,-0.034626971427049846,0.16140441108883863,-0.007870541876424851,0.12663911525491053,10,0.05578883032115978,0.06820671712167758,0.007540351366466101,0.15628163892061028,0.048248478954693676,mean_of_metrics_across_ten_full_oos_seed_histories
zero_cash,V8_ewma_garch_vol_current_cap_uncapped,annualized_volatility,0.17401530089892564,0.17779995539864496,0.02455638238762844,0.13566022431436917,0.21489462084729097,0.1422983445067724,0.1969286095755692,10,0.11610593053679893,0.10801434607121418,-0.057909370362126705,-0.3327832096544347,0.17401530089892564,mean_of_metrics_across_ten_full_oos_seed_histories
zero_cash,V8_ewma_garch_vol_current_cap_uncapped,sharpe,0.33167020380509826,0.27152138205975374,0.3227993998833816,-0.1748654856658842,0.9211595299837699,0.043970180350235595,0.7306284961866367,10,0.5254590591355164,0.6648830857645336,0.19378885533041812,0.5842817748087363,0.33167020380509826,mean_of_metrics_across_ten_full_oos_seed_histories
zero_cash,V8_ewma_garch_vol_current_cap_uncapped,sortino,0.4199520729756645,0.2963082778034607,0.5342270136078971,-0.328176381286766,1.3904067317320377,-0.06560314080522175,1.1505286500199632,10,0.7360755928494638,0.98241099184176,0.3161235198737993,0.752760946347604,0.4199520729756645,mean_of_metrics_across_ten_full_oos_seed_histories
zero_cash,V8_ewma_garch_vol_current_cap_uncapped,calmar,0.22604162068120903,0.1312720721009754,0.2863055425696293,-0.11705518025232567,0.7223922470156822,-0.022362265494120473,0.6662714014665647,10,0.27350934254188347,0.4282887936828927,0.04746772186067444,0.2099954942705844,0.22604162068120903,mean_of_metrics_across_ten_full_oos_seed_histories
zero_cash,V8_ewma_garch_vol_current_cap_uncapped,max_drawdown,-0.2825870759872734,-0.23574931786945147,0.08708301376832696,-0.41362007935239653,-0.18601462760449217,-0.4017402244445859,-0.2127315800313633,10,-0.20397413047277035,-0.1592540316900708,0.07861294551450304,0.27819016577404787,-0.2825870759872734,mean_of_metrics_across_ten_full_oos_seed_histories
zero_cash,V8_ewma_garch_vol_current_cap_uncapped,average_turnover,0.5303995489340851,0.5219907546983338,0.06686293024868137,0.42048804393300643,0.6483225735758017,0.467404659046818,0.623622310779426,10,0.530399548934085,,-1.1102230246251565e-16,-2.0931824449253602e-16,0.5303995489340851,mean_of_metrics_across_ten_full_oos_seed_histories
zero_cash,V8_ewma_garch_vol_current_cap_uncapped,total_transaction_cost,0.03733966239360223,0.04136773049957834,0.00845254276260874,0.0251720574451964,0.04723895919650044,0.026924179437479524,0.04541454387194538,10,0.03733966239360223,,0.0,0.0,0.03733966239360223,mean_of_metrics_across_ten_full_oos_seed_histories
zero_cash,V8_ewma_garch_vol_current_cap_uncapped,mean_transaction_cost,0.00016377044909474662,0.00018143741447183484,3.707255597635413e-05,0.00011040376072454562,0.0002071884175285107,0.00011808850630473476,0.00019918659592958502,10,0.00016377044909474662,,0.0,0.0,0.00016377044909474662,mean_of_metrics_across_ten_full_oos_seed_histories
zero_cash,V8_ewma_garch_vol_current_cap_uncapped,average_max_weight,0.8773893414866458,0.8851217128087552,0.02433279934303645,0.8279910066158167,0.9062688576806535,0.8480869368408812,0.8988500765392633,10,0.8773893414866458,,0.0,0.0,0.8773893414866458,mean_of_metrics_across_ten_full_oos_seed_histories
zero_cash,V8_ewma_garch_vol_current_cap_uncapped,average_effective_number_of_assets,1.31072419329337,1.2924753899447978,0.0665268887099619,1.2428719434436302,1.4352900099610615,1.2471281958693803,1.4007216463703032,10,1.3107241932933702,,2.220446049250313e-16,1.6940604748212858e-16,1.31072419329337,mean_of_metrics_across_ten_full_oos_seed_histories
zero_cash,V8_ewma_garch_vol_current_cap_uncapped,mean_cash_weight,0.4134890078325156,0.4921461859123616,0.1720538428044313,0.07820993808921042,0.5869832037667501,0.22566521352120653,0.561895177569924,10,0.4134890078325156,,0.0,0.0,0.4134890078325156,mean_of_metrics_across_ten_full_oos_seed_histories
zero_cash,V8_ewma_garch_vol_current_cap_uncapped,cash_above_10_rate,0.5394736842105263,0.6293859649122807,0.21344027854424358,0.11842105263157894,0.7587719298245614,0.24078947368421055,0.7350877192982456,10,0.9868421052631579,,0.4473684210526315,0.8292682926829267,0.5394736842105263,mean_of_metrics_across_ten_full_oos_seed_histories
zero_cash,V8_ewma_garch_vol_current_cap_uncapped,mean_btc_weight,0.1679077577403812,0.16434722398837914,0.06385455872419432,0.08356783518573929,0.27800165340351596,0.0838099026818567,0.23294636363806448,10,0.1679077577403812,,0.0,0.0,0.1679077577403812,mean_of_metrics_across_ten_full_oos_seed_histories
zero_cash,V8_ewma_garch_vol_current_cap_uncapped,mean_cash_transaction_cost_contribution,0.0,0.0,0.0,0.0,0.0,0.0,0.0,10,0.0,,0.0,,0.0,mean_of_metrics_across_ten_full_oos_seed_histories
zero_cash,V8_ewma_garch_vol_current_cap_uncapped,mean_btc_transaction_cost_contribution,0.00011420584368674196,0.00012633967780506796,3.950640897714449e-05,4.4684923862460256e-05,0.0001688855457183649,6.716845124763705e-05,0.0001513245743628557,10,0.00011420584368674194,,-2.710505431213761e-20,-2.3733509107016217e-16,0.00011420584368674196,mean_of_metrics_across_ten_full_oos_seed_histories
zero_cash,V8_ewma_garch_vol_current_cap_uncapped,dsr_score,0.1418093662688596,0.07700936569968414,0.1490518687416994,0.009086940245552566,0.46310214967632446,0.02954502329547199,0.3520494999246753,10,0.07700936569968414,,-0.06480000056917545,-0.45695148546337666,0.1418093662688596,mean_of_metrics_across_ten_full_oos_seed_histories
bil_cash,V3_real_macro_vintage_clean_no_dxy_cap_0p70,cumulative_return,0.36526575679538725,0.45486341371958183,0.30799968588529486,-0.14344385395749937,0.8557979250582843,-0.0484420306038915,0.6032385049442676,10,0.3471948039857349,0.36079088141541305,-0.018070952809652374,-0.04947343810215221,0.36526575679538725,mean_of_metrics_across_ten_full_oos_seed_histories
bil_cash,V3_real_macro_vintage_clean_no_dxy_cap_0p70,annualized_return,0.06887660051656734,0.08924444214339522,0.05839596920424402,-0.03469709840613988,0.15144670250428094,-0.011362695467892724,0.11341326961897316,10,0.07033373502304463,0.07278779979515027,0.0014571345064772895,0.02115572626333083,0.06887660051656734,mean_of_metrics_across_ten_full_oos_seed_histories
bil_cash,V3_real_macro_vintage_clean_no_dxy_cap_0p70,annualized_volatility,0.11271750611312423,0.11976914265399027,0.02535074027813211,0.07204967179981579,0.14778604260065764,0.08042131262867544,0.1376565084487974,10,0.08859914508206367,0.08354284212315753,-0.02411836103106056,-0.21397174106083552,0.11271750611312423,mean_of_metrics_across_ten_full_oos_seed_histories
bil_cash,V3_real_macro_vintage_clean_no_dxy_cap_0p70,sharpe,0.6822958217641761,0.7794503875095005,0.5195268567812374,-0.2266699032719865,1.2731894910344088,-0.01883471741665102,1.2417884276869664,10,0.8117810891720456,0.8831232843363475,0.12948526740786948,0.18977877817435007,0.6822958217641761,mean_of_metrics_across_ten_full_oos_seed_histories
bil_cash,V3_real_macro_vintage_clean_no_dxy_cap_0p70,sortino,1.0684268673704067,1.138139660567966,0.8957244819039856,-0.3840130648383713,2.14733360807343,-0.11545009473952896,2.05666816520828,10,1.2092382406637714,1.3471331453671693,0.14081137329336468,0.13179317891914039,1.0684268673704067,mean_of_metrics_across_ten_full_oos_seed_histories
bil_cash,V3_real_macro_vintage_clean_no_dxy_cap_0p70,calmar,0.4628945240371757,0.408401942130891,0.41191454795306764,-0.11102413339289974,0.9899734879665377,-0.036619258645704214,0.9754272703977713,10,0.376772289790757,0.356292932585876,-0.08612223424641868,-0.18605152961261234,0.4628945240371757,mean_of_metrics_across_ten_full_oos_seed_histories
bil_cash,V3_real_macro_vintage_clean_no_dxy_cap_0p70,max_drawdown,-0.2080002928989754,-0.22045486019373417,0.07897007903485709,-0.31251852498907995,-0.09567454612388382,-0.3096439099514486,-0.11323597658973703,10,-0.18667438378258905,-0.20429201125847896,0.02132590911638635,0.1025282648363588,-0.2080002928989754,mean_of_metrics_across_ten_full_oos_seed_histories
bil_cash,V3_real_macro_vintage_clean_no_dxy_cap_0p70,average_turnover,0.24186329432606518,0.2324330277951761,0.07220350928090805,0.12619490172176165,0.34415246396469273,0.16538574410887966,0.33319192489964655,10,0.24186329432606518,,0.0,0.0,0.24186329432606518,mean_of_metrics_across_ten_full_oos_seed_histories
bil_cash,V3_real_macro_vintage_clean_no_dxy_cap_0p70,total_transaction_cost,0.016495329830522525,0.015807632557644787,0.005999079056684904,0.007393034679389774,0.02505721997255249,0.0106108951595743,0.023168049984815847,10,0.01649532983052253,,3.469446951953614e-18,2.1032904389300787e-16,0.016495329830522525,mean_of_metrics_across_ten_full_oos_seed_histories
bil_cash,V3_real_macro_vintage_clean_no_dxy_cap_0p70,mean_transaction_cost,7.234793785316898e-05,6.933172174405609e-05,2.6311750248617995e-05,3.242559069907796e-05,0.00010990008759891442,4.653901385778202e-05,0.00010161425431936775,10,7.234793785316899e-05,,1.3552527156068805e-20,1.8732430471721012e-16,7.234793785316898e-05,mean_of_metrics_across_ten_full_oos_seed_histories
bil_cash,V3_real_macro_vintage_clean_no_dxy_cap_0p70,average_max_weight,0.6489820179189589,0.6484668974258391,0.01573961992467549,0.623939049604088,0.6709040431878835,0.6276291574978456,0.6692833355969303,10,0.6489820179189589,,0.0,0.0,0.6489820179189589,mean_of_metrics_across_ten_full_oos_seed_histories
bil_cash,V3_real_macro_vintage_clean_no_dxy_cap_0p70,average_effective_number_of_assets,1.9679669826779054,1.968305497721477,0.05715034395669393,1.8957008213367057,2.093888160037623,1.9168193146971602,2.0196733429008527,10,1.9679669826779054,,0.0,0.0,1.9679669826779054,mean_of_metrics_across_ten_full_oos_seed_histories
bil_cash,V3_real_macro_vintage_clean_no_dxy_cap_0p70,mean_cash_weight,0.32239791466919493,0.2920422056937074,0.15194470155913833,0.11542624433133936,0.5198166716586075,0.16001888356572835,0.5042702754201557,10,0.3223979146691949,,-5.551115123125783e-17,-1.721821038706672e-16,0.32239791466919493,mean_of_metrics_across_ten_full_oos_seed_histories
bil_cash,V3_real_macro_vintage_clean_no_dxy_cap_0p70,cash_above_10_rate,0.5741228070175438,0.668859649122807,0.26777504152449527,0.16228070175438597,0.8771929824561403,0.22149122807017543,0.8732456140350877,10,1.0,,0.4258771929824562,0.7417876241405654,0.5741228070175438,mean_of_metrics_across_ten_full_oos_seed_histories
bil_cash,V3_real_macro_vintage_clean_no_dxy_cap_0p70,mean_btc_weight,0.05695021052209505,0.047315085898961044,0.039354745605811384,0.017402590515175155,0.14129489207223553,0.021384619419333402,0.11054400221254718,10,0.056950210522095056,,6.938893903907228e-18,1.2184140919400352e-16,0.05695021052209505,mean_of_metrics_across_ten_full_oos_seed_histories
bil_cash,V3_real_macro_vintage_clean_no_dxy_cap_0p70,mean_cash_transaction_cost_contribution,1.234470339565225e-05,1.002138160123878e-05,7.159240040546349e-06,1.3914656483087129e-06,2.3632798035237058e-05,5.774180086374372e-06,2.2619993910413266e-05,10,1.2344703395652246e-05,,-3.3881317890172014e-21,-2.7446036412754046e-16,1.234470339565225e-05,mean_of_metrics_across_ten_full_oos_seed_histories
bil_cash,V3_real_macro_vintage_clean_no_dxy_cap_0p70,mean_btc_transaction_cost_contribution,2.9969098734956155e-05,2.548462508406402e-05,1.7084116913863828e-05,8.983262943409081e-06,5.787900539818468e-05,1.452758105586758e-05,5.47313294628169e-05,10,2.996909873495616e-05,,3.3881317890172014e-21,1.1305417687003254e-16,2.9969098734956155e-05,mean_of_metrics_across_ten_full_oos_seed_histories
bil_cash,V3_real_macro_vintage_clean_no_dxy_cap_0p70,dsr_score,0.3695074711997753,0.3516062901059137,0.2841487268803731,0.006717256235665825,0.7525674888632949,0.02172427477957293,0.722683924379248,10,0.3516062901059137,,-0.017901181093861573,-0.048446059928740244,0.3695074711997753,mean_of_metrics_across_ten_full_oos_seed_histories
bil_cash,V4_real_garch_current_cap_0p80,cumulative_return,0.3018553416118073,0.39653527109084885,0.2863944181270998,-0.24421940616703786,0.6484176327059872,0.030806955444703594,0.6044811538069341,10,0.29192700878062205,0.37322510523662866,-0.009928332831185271,-0.032891029120675055,0.3018553416118073,mean_of_metrics_across_ten_full_oos_seed_histories
bil_cash,V4_real_garch_current_cap_0p80,annualized_return,0.05744237112990662,0.07913022413360071,0.057434768349786794,-0.06186423249342754,0.1207443705789093,0.006121677862668308,0.11385218868451676,10,0.06015670662345807,0.07501563723986293,0.002714335493551448,0.04725319376898536,0.05744237112990662,mean_of_metrics_across_ten_full_oos_seed_histories
bil_cash,V4_real_garch_current_cap_0p80,annualized_volatility,0.12132762522533261,0.1252301066321589,0.04242794869460862,0.05358215644616547,0.20233753276221422,0.08138306464939223,0.17058617021863262,10,0.09232252023717893,0.09035784018503405,-0.029005104988153674,-0.239064309832857,0.12132762522533261,mean_of_metrics_across_ten_full_oos_seed_histories
bil_cash,V4_real_garch_current_cap_0p80,sharpe,0.5796987029534358,0.6849636435199754,0.4179951300560758,-0.21372155487220104,1.1372505249715694,0.1268532572981388,0.9987802960521662,10,0.6789487281868858,0.8458592335647928,0.09925002523344995,0.17120967276240773,0.5796987029534358,mean_of_metrics_across_ten_full_oos_seed_histories
bil_cash,V4_real_garch_current_cap_0p80,sortino,0.8707806951683541,1.0005229690525352,0.7219096405468647,-0.40908311971879274,1.8996411296805529,0.06320371747919207,1.6930136627988495,10,1.0148073918730194,1.35310538548688,0.14402669670466528,0.16539950587308277,0.8707806951683541,mean_of_metrics_across_ten_full_oos_seed_histories
bil_cash,V4_real_garch_current_cap_0p80,calmar,0.31621287428421685,0.3587264583147304,0.2702262199161215,-0.16196423700811818,0.739802572993877,0.02179990925223129,0.5915249424772363,10,0.31311676997108767,0.40031250454483674,-0.0030961043131291777,-0.009791202588248678,0.31621287428421685,mean_of_metrics_across_ten_full_oos_seed_histories
bil_cash,V4_real_garch_current_cap_0p80,max_drawdown,-0.2217520382317879,-0.1921549125236538,0.08704639029509322,-0.38196230004977394,-0.08634039428291151,-0.32973202148515973,-0.15552449032419227,10,-0.19212227639232726,-0.18739269043108508,0.029629761839460644,0.1336166380959706,-0.2217520382317879,mean_of_metrics_across_ten_full_oos_seed_histories
bil_cash,V4_real_garch_current_cap_0p80,average_turnover,0.3461294784952904,0.2967561108258826,0.10962465326213316,0.24981980075201524,0.582269158683727,0.26678797649085095,0.49858962266158124,10,0.3461294784952904,,0.0,0.0,0.3461294784952904,mean_of_metrics_across_ten_full_oos_seed_histories
bil_cash,V4_real_garch_current_cap_0p80,total_transaction_cost,0.02253207247093978,0.01776461751501475,0.00838035671293968,0.01504178155102726,0.03560369045524586,0.01505412605206338,0.03418996488454638,10,0.02253207247093978,,0.0,0.0,0.02253207247093978,mean_of_metrics_across_ten_full_oos_seed_histories
bil_cash,V4_real_garch_current_cap_0p80,mean_transaction_cost,9.882487925850783e-05,7.791498910094188e-05,3.675595049534948e-05,6.597272610099675e-05,0.00015615653708441168,6.60268686494008e-05,0.00014995598633572974,10,9.882487925850781e-05,,-1.3552527156068805e-20,-1.3713679447680246e-16,9.882487925850783e-05,mean_of_metrics_across_ten_full_oos_seed_histories
bil_cash,V4_real_garch_current_cap_0p80,average_max_weight,0.7186073594008724,0.7125679433557776,0.028555491389595632,0.6866714554605219,0.7727570268665628,0.6905409789180311,0.7487653392776833,10,0.7186073594008724,,0.0,0.0,0.7186073594008724,mean_of_metrics_across_ten_full_oos_seed_histories
bil_cash,V4_real_garch_current_cap_0p80,average_effective_number_of_assets,1.7235638490320135,1.738635106056231,0.08676202392452069,1.5761386989949189,1.820842104098551,1.6254453706276877,1.8194800804813052,10,1.7235638490320135,,0.0,0.0,1.7235638490320135,mean_of_metrics_across_ten_full_oos_seed_histories
bil_cash,V4_real_garch_current_cap_0p80,mean_cash_weight,0.34226903759385235,0.3614300696089622,0.18312112925656412,0.016685293005912916,0.6974316391677208,0.17821057409321156,0.49596930321013744,10,0.3422690375938524,,5.551115123125783e-17,1.621857227329139e-16,0.34226903759385235,mean_of_metrics_across_ten_full_oos_seed_histories
bil_cash,V4_real_garch_current_cap_0p80,cash_above_10_rate,0.5679824561403508,0.6359649122807018,0.2710658001936226,0.008771929824561403,0.9912280701754386,0.33245614035087717,0.7978070175438595,10,1.0,,0.4320175438596492,0.7606177606177609,0.5679824561403508,mean_of_metrics_across_ten_full_oos_seed_histories
bil_cash,V4_real_garch_current_cap_0p80,mean_btc_weight,0.06592190918850623,0.030878396286400878,0.0691243247607284,0.014212052941440519,0.22948919311268734,0.02134017624786372,0.14425151509607428,10,0.06592190918850621,,-1.3877787807814457e-17,-2.1051859660390585e-16,0.06592190918850623,mean_of_metrics_across_ten_full_oos_seed_histories
bil_cash,V4_real_garch_current_cap_0p80,mean_cash_transaction_cost_contribution,1.7052311149229078e-05,1.749447887439659e-05,8.442880706282626e-06,3.068856693164893e-06,3.096347769814322e-05,6.9423357564836974e-06,2.7239584245282773e-05,10,1.7052311149229078e-05,,0.0,0.0,1.7052311149229078e-05,mean_of_metrics_across_ten_full_oos_seed_histories
bil_cash,V4_real_garch_current_cap_0p80,mean_btc_transaction_cost_contribution,3.6998729449327785e-05,2.5617635152179517e-05,2.3970197800539188e-05,1.261457058053618e-05,7.287269724631119e-05,1.5029274817774528e-05,7.20797091360336e-05,10,3.699872944932778e-05,,-6.776263578034403e-21,-1.8314854804176304e-16,3.6998729449327785e-05,mean_of_metrics_across_ten_full_oos_seed_histories
bil_cash,V4_real_garch_current_cap_0p80,dsr_score,0.2850479885657752,0.287442627704946,0.2237375446954868,0.007223250245881552,0.6559903225044176,0.04491895511785469,0.5661729372070256,10,0.287442627704946,,0.0023946391391708177,0.008400828054319884,0.2850479885657752,mean_of_metrics_across_ten_full_oos_seed_histories
bil_cash,V5_no_volatility_block_cap_0p70,cumulative_return,0.27926364710558865,0.2754850422029079,0.2725211567195237,-0.15830997879124642,0.8285859847486656,-0.002325474919091016,0.5205451776345326,10,0.2722575732918693,0.3593267986129478,-0.007006073813719371,-0.025087668539508824,0.27926364710558865,mean_of_metrics_across_ten_full_oos_seed_histories
bil_cash,V5_no_volatility_block_cap_0p70,annualized_return,0.05398910917962425,0.05705838146721076,0.051319098185207905,-0.03854393319152849,0.14757400568657997,-0.0007918699055786899,0.09989317777551264,10,0.05645365215160969,0.07252444756857224,0.0024645429719854367,0.04564889121963077,0.05398910917962425,mean_of_metrics_across_ten_full_oos_seed_histories
bil_cash,V5_no_volatility_block_cap_0p70,annualized_volatility,0.12985712356100038,0.12426005545809451,0.016780476185526316,0.11693299525493753,0.17377328963198105,0.11885114494860204,0.14303246167743733,10,0.10275918216785676,0.10467875605291418,-0.027097941393143615,-0.20867504723693003,0.12985712356100038,mean_of_metrics_across_ten_full_oos_seed_histories
bil_cash,V5_no_volatility_block_cap_0p70,sharpe,0.48589112749418356,0.5052447197630936,0.36217988279096264,-0.13280200055617192,1.1195081693794056,0.06702346240129423,0.843614477930171,10,0.5862755863272554,0.721617907748599,0.10038445883307184,0.2065986661472297,0.48589112749418356,mean_of_metrics_across_ten_full_oos_seed_histories
bil_cash,V5_no_volatility_block_cap_0p70,sortino,0.6541451543630137,0.6694145831251839,0.5917982894599203,-0.25464565081053514,1.8311933805658003,0.007410433684002658,1.2385458429052612,10,0.7554643637928475,0.9978927849978759,0.10131920942983386,0.1548879614165993,0.6541451543630137,mean_of_metrics_across_ten_full_oos_seed_histories
bil_cash,V5_no_volatility_block_cap_0p70,calmar,0.21674606211063127,0.19646077367595455,0.22382515020583768,-0.08215401897741369,0.7100360537512987,-0.0006204174613822187,0.4702096815010928,10,0.19548713297412462,0.2455823317470434,-0.02125892913650665,-0.09808219318723166,0.21674606211063127,mean_of_metrics_across_ten_full_oos_seed_histories
bil_cash,V5_no_volatility_block_cap_0p70,max_drawdown,-0.3115491595663437,-0.30286209483639337,0.08182798331883841,-0.4691667391479075,-0.2078401581256465,-0.4098234178735753,-0.21272047186488258,10,-0.28878449078836355,-0.2953162267523155,0.022764668777980168,0.07306926717333186,-0.3115491595663437,mean_of_metrics_across_ten_full_oos_seed_histories
bil_cash,V5_no_volatility_block_cap_0p70,average_turnover,0.3345648100143657,0.33391414308761735,0.09159774484518694,0.2177544934736492,0.5175112826299966,0.24136721263975597,0.4275842395691849,10,0.33456481001436567,,-5.551115123125783e-17,-1.6592047211682024e-16,0.3345648100143657,mean_of_metrics_across_ten_full_oos_seed_histories
bil_cash,V5_no_volatility_block_cap_0p70,total_transaction_cost,0.021465622007835104,0.021011345217051725,0.006065682764015782,0.014034808428966424,0.03338640589908821,0.01600600071941241,0.028174573941860657,10,0.021465622007835108,,3.469446951953614e-18,1.6162806513071186e-16,0.021465622007835104,mean_of_metrics_across_ten_full_oos_seed_histories
bil_cash,V5_no_volatility_block_cap_0p70,mean_transaction_cost,9.41474649466452e-05,9.215502288180581e-05,2.6603871771999047e-05,6.155617732002817e-05,0.00014643160482056232,7.02017575412825e-05,0.00012357269272745902,10,9.414746494664521e-05,,1.3552527156068805e-20,1.4394999550704025e-16,9.41474649466452e-05,mean_of_metrics_across_ten_full_oos_seed_histories
bil_cash,V5_no_volatility_block_cap_0p70,average_max_weight,0.654966061108261,0.65393090514636,0.0114005721017799,0.6395599653004231,0.6746402165068119,0.642282288974557,0.6677615904901647,10,0.6549660611082608,,-2.220446049250313e-16,-3.3901696303059124e-16,0.654966061108261,mean_of_metrics_across_ten_full_oos_seed_histories
bil_cash,V5_no_volatility_block_cap_0p70,average_effective_number_of_assets,1.9487941368545303,1.9499839517753035,0.023900073901504882,1.9193371589204131,1.9986919853684457,1.9246875723746135,1.9728826801317298,10,1.9487941368545303,,0.0,0.0,1.9487941368545303,mean_of_metrics_across_ten_full_oos_seed_histories
bil_cash,V5_no_volatility_block_cap_0p70,mean_cash_weight,0.2363157508483522,0.24281659850133602,0.09594888116749722,0.06851793531574817,0.36786867010946994,0.11740678172164325,0.3206491358205022,10,0.2363157508483522,,0.0,0.0,0.2363157508483522,mean_of_metrics_across_ten_full_oos_seed_histories
bil_cash,V5_no_volatility_block_cap_0p70,cash_above_10_rate,0.4706140350877194,0.4342105263157895,0.21563261942155046,0.11403508771929824,0.7631578947368421,0.27587719298245617,0.7197368421052631,10,0.9517543859649122,,0.48114035087719287,1.0223671947809876,0.4706140350877194,mean_of_metrics_across_ten_full_oos_seed_histories
bil_cash,V5_no_volatility_block_cap_0p70,mean_btc_weight,0.04549516148215209,0.03819716492164526,0.022721252342179348,0.022318717825423502,0.08986069437625385,0.022370806322647117,0.07741824323793313,10,0.04549516148215209,,0.0,0.0,0.04549516148215209,mean_of_metrics_across_ten_full_oos_seed_histories
bil_cash,V5_no_volatility_block_cap_0p70,mean_cash_transaction_cost_contribution,1.4776496710580292e-05,1.2190840146651979e-05,5.544351662630563e-06,9.275762639467913e-06,2.3901314629908844e-05,1.0134198426857703e-05,2.3813815912105857e-05,10,1.4776496710580292e-05,,0.0,0.0,1.4776496710580292e-05,mean_of_metrics_across_ten_full_oos_seed_histories
bil_cash,V5_no_volatility_block_cap_0p70,mean_btc_transaction_cost_contribution,3.404312867973125e-05,3.157346673767718e-05,1.4195949861556128e-05,1.5947509624383968e-05,6.0157466224871135e-05,2.122022460916249e-05,5.431126345389073e-05,10,3.404312867973126e-05,,6.776263578034403e-21,1.9904937768157851e-16,3.404312867973125e-05,mean_of_metrics_across_ten_full_oos_seed_histories
bil_cash,V5_no_volatility_block_cap_0p70,dsr_score,0.20521110432973008,0.17191071709476405,0.18507033367774378,0.011142561391919548,0.6269483379835922,0.03262235875233087,0.39561377493229505,10,0.17191071709476405,,-0.033300387234966033,-0.16227380747125397,0.20521110432973008,mean_of_metrics_across_ten_full_oos_seed_histories
bil_cash,V7_real_macro_vintage_clean_no_dxy_garch_cap_0p80,cumulative_return,0.5367276357081017,0.6007741777501672,0.47278048515693655,-0.3386472298776061,1.397872302439528,0.14242966274971722,1.0461605797863216,10,0.5081887790597914,0.6182299060215595,-0.02853885664831024,-0.053171953053356556,0.5367276357081017,mean_of_metrics_across_ten_full_oos_seed_histories
bil_cash,V7_real_macro_vintage_clean_no_dxy_garch_cap_0p80,annualized_return,0.0935975479630169,0.11321853704993523,0.08420054483882528,-0.0899900033435782,0.22075073415765556,0.02847871764529343,0.1770656097106614,10,0.09824800749970253,0.11602992624945285,0.004650459536685622,0.04968569837452529,0.0935975479630169,mean_of_metrics_across_ten_full_oos_seed_histories
bil_cash,V7_real_macro_vintage_clean_no_dxy_garch_cap_0p80,annualized_volatility,0.14658148536191717,0.12754566554788804,0.052749440780415005,0.10104313632066228,0.24594368545362918,0.10138184004936159,0.2343798474246235,10,0.10014368837105105,0.08585389941856496,-0.04643779699086613,-0.31680533783791887,0.14658148536191717,mean_of_metrics_across_ten_full_oos_seed_histories
bil_cash,V7_real_macro_vintage_clean_no_dxy_garch_cap_0p80,sharpe,0.7548847133758281,0.8230427566192624,0.4936940626994656,-0.25199066117453184,1.6192936937705926,0.32391515865025494,1.1153392732673577,10,0.9865013125328427,1.322643313951238,0.2316165991570146,0.3068238037583649,0.7548847133758281,mean_of_metrics_across_ten_full_oos_seed_histories
bil_cash,V7_real_macro_vintage_clean_no_dxy_garch_cap_0p80,sortino,1.2317551130960722,1.2247560519613396,0.9416451210612203,-0.4302529708803875,2.9940111087110495,0.36706812387940324,2.180533869473356,10,1.5125425270219923,2.23633666803989,0.2807874139259201,0.2279571734191127,1.2317551130960722,mean_of_metrics_across_ten_full_oos_seed_histories
bil_cash,V7_real_macro_vintage_clean_no_dxy_garch_cap_0p80,calmar,0.6535773910140862,0.534602829782589,0.6316490027134143,-0.16082701017680476,1.8971823900841578,0.13880050470374708,1.5813364951210818,10,0.5911440827758333,0.958490589308881,-0.06243330823825288,-0.09552550179464102,0.6535773910140862,mean_of_metrics_across_ten_full_oos_seed_histories
bil_cash,V7_real_macro_vintage_clean_no_dxy_garch_cap_0p80,max_drawdown,-0.22371182261577208,-0.1968394985878154,0.12840640192553296,-0.5595453353553481,-0.09077235161701536,-0.28624415934920017,-0.13603868541690828,10,-0.16619976476523235,-0.12105484137628952,0.05751205785053973,0.25708099454948086,-0.22371182261577208,mean_of_metrics_across_ten_full_oos_seed_histories
bil_cash,V7_real_macro_vintage_clean_no_dxy_garch_cap_0p80,average_turnover,0.29206893752315805,0.2760305285807827,0.07207905513713307,0.18279331116037986,0.4276908391566274,0.23616487164394598,0.3929166332454636,10,0.29206893752315805,,0.0,0.0,0.29206893752315805,mean_of_metrics_across_ten_full_oos_seed_histories
bil_cash,V7_real_macro_vintage_clean_no_dxy_garch_cap_0p80,total_transaction_cost,0.018808972813662346,0.01687041468913972,0.006512639344116839,0.011936973510925283,0.03309615237457533,0.013481485810806904,0.02798900166909389,10,0.018808972813662346,,0.0,0.0,0.018808972813662346,mean_of_metrics_across_ten_full_oos_seed_histories
bil_cash,V7_real_macro_vintage_clean_no_dxy_garch_cap_0p80,mean_transaction_cost,8.249549479676468e-05,7.399304688219177e-05,2.856420764963526e-05,5.235514697774247e-05,0.00014515856304638303,5.9129323731609224e-05,0.0001227587792504118,10,8.249549479676468e-05,,0.0,0.0,8.249549479676468e-05,mean_of_metrics_across_ten_full_oos_seed_histories
bil_cash,V7_real_macro_vintage_clean_no_dxy_garch_cap_0p80,average_max_weight,0.7279863523074546,0.733360424271555,0.021924819438216437,0.6783521005878195,0.7547565202366078,0.7073914425772779,0.7447214355912954,10,0.7279863523074549,,3.3306690738754696e-16,4.575180651832892e-16,0.7279863523074546,mean_of_metrics_across_ten_full_oos_seed_histories
bil_cash,V7_real_macro_vintage_clean_no_dxy_garch_cap_0p80,average_effective_number_of_assets,1.6952182753647418,1.6757664895086486,0.0708329612130997,1.6292300758383162,1.8756883959962103,1.6335013205809172,1.737478137654931,10,1.6952182753647418,,0.0,0.0,1.6952182753647418,mean_of_metrics_across_ten_full_oos_seed_histories
bil_cash,V7_real_macro_vintage_clean_no_dxy_garch_cap_0p80,mean_cash_weight,0.3260836568895216,0.35513884153442316,0.12340926304123605,0.09677691382666294,0.46314257976135953,0.13759193216090307,0.4475194684223089,10,0.3260836568895217,,5.551115123125783e-17,1.7023591970469473e-16,0.3260836568895216,mean_of_metrics_across_ten_full_oos_seed_histories
bil_cash,V7_real_macro_vintage_clean_no_dxy_garch_cap_0p80,cash_above_10_rate,0.5671052631578948,0.6140350877192983,0.22725384344416488,0.17543859649122806,0.8596491228070176,0.21885964912280703,0.757017543859649,10,1.0,,0.4328947368421052,0.7633410672853826,0.5671052631578948,mean_of_metrics_across_ten_full_oos_seed_histories
bil_cash,V7_real_macro_vintage_clean_no_dxy_garch_cap_0p80,mean_btc_weight,0.075273215996107,0.05115148659569313,0.06783281365989136,0.011780504664835378,0.19525183369971494,0.01781185532357285,0.18592773334991497,10,0.07527321599610702,,1.3877787807814457e-17,1.8436554920852845e-16,0.075273215996107,mean_of_metrics_across_ten_full_oos_seed_histories
bil_cash,V7_real_macro_vintage_clean_no_dxy_garch_cap_0p80,mean_cash_transaction_cost_contribution,1.6232649346105074e-05,1.5106084838449035e-05,5.604286245074343e-06,8.752292651094186e-06,2.570121095463599e-05,1.0890391948265155e-05,2.37491180915653e-05,10,1.6232649346105077e-05,,3.3881317890172014e-21,2.0872327842344252e-16,1.6232649346105074e-05,mean_of_metrics_across_ten_full_oos_seed_histories
bil_cash,V7_real_macro_vintage_clean_no_dxy_garch_cap_0p80,mean_btc_transaction_cost_contribution,3.0102134115179317e-05,2.257479075174017e-05,2.0468614277769775e-05,1.2103129457741596e-05,7.452549401883934e-05,1.2929928323653804e-05,5.5219315751665666e-05,10,3.0102134115179314e-05,,-3.3881317890172014e-21,-1.1255453769667116e-16,3.0102134115179317e-05,mean_of_metrics_across_ten_full_oos_seed_histories
bil_cash,V7_real_macro_vintage_clean_no_dxy_garch_cap_0p80,dsr_score,0.3991552396785255,0.38036138610902936,0.2825502436402336,0.0054252226365067435,0.9161654122140461,0.10082736717732661,0.7159780129914094,10,0.38036138610902936,,-0.018793853569496144,-0.04708407081072635,0.3991552396785255,mean_of_metrics_across_ten_full_oos_seed_histories
bil_cash,V8_ewma_garch_vol_current_cap_0p70,cumulative_return,0.3465543547515833,0.2832407089781599,0.3495595148948221,-0.07148103611948176,0.8775226893191144,-0.07024614621459328,0.7959761542353242,10,0.32803448538231805,0.4457133964037474,-0.01851986936926525,-0.05344001342167708,0.3465543547515833,mean_of_metrics_across_ten_full_oos_seed_histories
bil_cash,V8_ewma_garch_vol_current_cap_0p70,annualized_return,0.06444312449802034,0.05852678482218854,0.06373661878764086,-0.016772454193141217,0.15450714016738543,-0.016474388192231425,0.14285154489511112,10,0.06684267252712361,0.08770212414617418,0.0023995480291032767,0.037235128616040176,0.06444312449802034,mean_of_metrics_across_ten_full_oos_seed_histories
bil_cash,V8_ewma_garch_vol_current_cap_0p70,annualized_volatility,0.12193597375898528,0.12190197043951875,0.034717353018430305,0.06472534958658613,0.19041183980699347,0.09076867948653655,0.15433289485672047,10,0.09220441529547799,0.07952458597170095,-0.029731558463507293,-0.24382926175891073,0.12193597375898528,mean_of_metrics_across_ten_full_oos_seed_histories
bil_cash,V8_ewma_garch_vol_current_cap_0p70,sharpe,0.6544986918410602,0.6609425727809661,0.5514534233624883,-0.06537768619215498,1.5318789400295945,0.005474347595178357,1.2930850669257368,10,0.7481593870288953,1.0974787798033938,0.09366069518783504,0.14310295246637375,0.6544986918410602,mean_of_metrics_across_ten_full_oos_seed_histories
bil_cash,V8_ewma_garch_vol_current_cap_0p70,sortino,1.0098626467365939,0.9211332746359615,1.004430766745586,-0.1707481479988641,2.820887724403426,-0.11150488695457089,2.1720075679323725,10,1.0685898671856306,1.7865002080360086,0.05872722044903678,0.0581536713322508,1.0098626467365939,mean_of_metrics_across_ten_full_oos_seed_histories
bil_cash,V8_ewma_garch_vol_current_cap_0p70,calmar,0.43663344949819294,0.3114638306160282,0.5032291924559844,-0.053316168656740694,1.516762081306167,-0.03758445669109538,0.9720114885762706,10,0.3587159309500794,0.5903686315240296,-0.07791751854811352,-0.17845064009104503,0.43663344949819294,mean_of_metrics_across_ten_full_oos_seed_histories
bil_cash,V8_ewma_garch_vol_current_cap_0p70,max_drawdown,-0.2458568228144319,-0.2430069068826854,0.11385862828980181,-0.45878573338073536,-0.10186643117708405,-0.35120750524392547,-0.1169347483819795,10,-0.18633873424602865,-0.1485548510932435,0.059518088568403266,0.24208434765841905,-0.2458568228144319,mean_of_metrics_across_ten_full_oos_seed_histories
bil_cash,V8_ewma_garch_vol_current_cap_0p70,average_turnover,0.34201653227950174,0.3288106714692586,0.0905771346328552,0.22883755346471552,0.4711463786690312,0.24945783773720656,0.4612018492475402,10,0.34201653227950185,,1.1102230246251565e-16,3.2461092369589415e-16,0.34201653227950174,mean_of_metrics_across_ten_full_oos_seed_histories
bil_cash,V8_ewma_garch_vol_current_cap_0p70,total_transaction_cost,0.02378304172080036,0.021674788815855682,0.006357032519167232,0.013682445212487841,0.03375765972348405,0.018623173441368192,0.03313384160622187,10,0.02378304172080036,,0.0,0.0,0.02378304172080036,mean_of_metrics_across_ten_full_oos_seed_histories
bil_cash,V8_ewma_garch_vol_current_cap_0p70,mean_transaction_cost,0.00010431158649473843,9.50648632274372e-05,2.7881721575294876e-05,6.0010724616174745e-05,0.00014805991106791252,8.168058526915873e-05,0.00014532386669395558,10,0.00010431158649473843,,0.0,0.0,0.00010431158649473843,mean_of_metrics_across_ten_full_oos_seed_histories
bil_cash,V8_ewma_garch_vol_current_cap_0p70,average_max_weight,0.641685471426198,0.6450860685939457,0.014667736555593124,0.613314328090242,0.6625368775058209,0.6269715917574947,0.6586119357405426,10,0.6416854714261979,,-1.1102230246251565e-16,-1.7301669962350805e-16,0.641685471426198,mean_of_metrics_across_ten_full_oos_seed_histories
bil_cash,V8_ewma_garch_vol_current_cap_0p70,average_effective_number_of_assets,2.0015235185512474,1.9873464105896614,0.06779098567902828,1.9146200260182544,2.1583133534972587,1.9531513665434126,2.0685602430723966,10,2.0015235185512474,,0.0,0.0,2.0015235185512474,mean_of_metrics_across_ten_full_oos_seed_histories
bil_cash,V8_ewma_garch_vol_current_cap_0p70,mean_cash_weight,0.3519315669382011,0.31143983276872605,0.14049753173765442,0.10238332602173479,0.5909273560340319,0.26009965426879134,0.5183882530072222,10,0.3519315669382011,,0.0,0.0,0.3519315669382011,mean_of_metrics_across_ten_full_oos_seed_histories
bil_cash,V8_ewma_garch_vol_current_cap_0p70,cash_above_10_rate,0.6679824561403509,0.6403508771929824,0.22603729256785915,0.21052631578947367,0.9824561403508771,0.5105263157894737,0.9785087719298246,10,1.0,,0.3320175438596491,0.49704530531845037,0.6679824561403509,mean_of_metrics_across_ten_full_oos_seed_histories
bil_cash,V8_ewma_garch_vol_current_cap_0p70,mean_btc_weight,0.09719057435857764,0.07369834208007467,0.05879583021527913,0.026202726469829886,0.16664553522000586,0.03887093543414192,0.16614137446233784,10,0.09719057435857764,,0.0,0.0,0.09719057435857764,mean_of_metrics_across_ten_full_oos_seed_histories
bil_cash,V8_ewma_garch_vol_current_cap_0p70,mean_cash_transaction_cost_contribution,1.6738466622824386e-05,1.589386686032193e-05,4.817141801589138e-06,9.786260063725498e-06,2.507776071381444e-05,1.1860826583230542e-05,2.266654297181689e-05,10,1.6738466622824393e-05,,6.776263578034403e-21,4.048318003510767e-16,1.6738466622824386e-05,mean_of_metrics_across_ten_full_oos_seed_histories
bil_cash,V8_ewma_garch_vol_current_cap_0p70,mean_btc_transaction_cost_contribution,4.488535004856351e-05,4.034772651978517e-05,1.682623761824194e-05,1.2076160661693363e-05,6.728829416766013e-05,3.1520103664184316e-05,6.635437105557763e-05,10,4.4885350048563515e-05,,6.776263578034403e-21,1.5096826850415234e-16,4.488535004856351e-05,mean_of_metrics_across_ten_full_oos_seed_histories
bil_cash,V8_ewma_garch_vol_current_cap_0p70,dsr_score,0.33947329483312505,0.2603920925243374,0.31666647247378726,0.01640655289571713,0.8977685939039071,0.02365211159980063,0.755495150059358,10,0.2603920925243374,,-0.07908120230878762,-0.23295264609153302,0.33947329483312505,mean_of_metrics_across_ten_full_oos_seed_histories
