protocol,strategy_name,strategy_type,source_pattern_original,portable_source_hint,source_files,source_rows,source_unique_dates,source_start_date,source_end_date,source_rows_per_file_min,source_rows_per_file_max,replications_per_date_min,replications_per_date_max,return_column,return_semantics,history_semantics,timezone_kind,duplicate_dates,missing_returns,source_set_sha256,aligned_observations,aligned_start_date,aligned_end_date,aligned_index_equals_td3
zero_cash,V3_real_macro_vintage_clean_no_dxy_cap_0p70,TD3,/Users/thiagoherrera/Desktop/portfolio_drl_td3/outputs/tables/final_corrected_limited_td3_60ep_10seeds/per_candidate/V3_real_macro_vintage_clean_no_dxy/F*_V3_real_macro_vintage_clean_no_dxy_cap_0p70_seed_*/test_policy_history.csv,repo://outputs/tables/final_corrected_limited_td3_60ep_10seeds/per_candidate/V3_real_macro_vintage_clean_no_dxy/F*_V3_real_macro_vintage_clean_no_dxy_cap_0p70_seed_*/test_policy_history.csv,40,2280,228,2022-01-07,2026-05-15,52,72,10,10,financial_net_return,net return after asset-specific transaction costs,"returns, weights, turnover, costs, equity and drawdown",naive,0,0,704e9780d2f825ef867e54ee73f7d5613a4ea8a72b1303e7cd1d231966303be8,228,2022-01-07,2026-05-15,True
zero_cash,V4_real_garch_current_cap_0p70,TD3,/Users/thiagoherrera/Desktop/portfolio_drl_td3/outputs/tables/final_corrected_limited_td3_60ep_10seeds/per_candidate/V4_real_garch_current/F*_V4_real_garch_current_cap_0p70_seed_*/test_policy_history.csv,repo://outputs/tables/final_corrected_limited_td3_60ep_10seeds/per_candidate/V4_real_garch_current/F*_V4_real_garch_current_cap_0p70_seed_*/test_policy_history.csv,40,2280,228,2022-01-07,2026-05-15,52,72,10,10,financial_net_return,net return after asset-specific transaction costs,"returns, weights, turnover, costs, equity and drawdown",naive,0,0,e605592d5b506e4f99b977b1f2a36094938928ffe5ba65bea3cba3f5fc4d023f,228,2022-01-07,2026-05-15,True
zero_cash,V5_no_volatility_block_cap_0p50,TD3,/Users/thiagoherrera/Desktop/portfolio_drl_td3/outputs/tables/final_corrected_limited_td3_60ep_10seeds/per_candidate/V5_no_volatility_block/F*_V5_no_volatility_block_cap_0p50_seed_*/test_policy_history.csv,repo://outputs/tables/final_corrected_limited_td3_60ep_10seeds/per_candidate/V5_no_volatility_block/F*_V5_no_volatility_block_cap_0p50_seed_*/test_policy_history.csv,40,2280,228,2022-01-07,2026-05-15,52,72,10,10,financial_net_return,net return after asset-specific transaction costs,"returns, weights, turnover, costs, equity and drawdown",naive,0,0,9ff5a3f3c8890f81f047e4f66daa01ea51e7ee239af90f94c79c0904187a0b66,228,2022-01-07,2026-05-15,True
zero_cash,V7_real_macro_vintage_clean_no_dxy_garch_cap_0p80,TD3,/Users/thiagoherrera/Desktop/portfolio_drl_td3/outputs/tables/final_corrected_limited_td3_60ep_10seeds/per_candidate/V7_real_macro_vintage_clean_no_dxy_garch/F*_V7_real_macro_vintage_clean_no_dxy_garch_cap_0p80_seed_*/test_policy_history.csv,repo://outputs/tables/final_corrected_limited_td3_60ep_10seeds/per_candidate/V7_real_macro_vintage_clean_no_dxy_garch/F*_V7_real_macro_vintage_clean_no_dxy_garch_cap_0p80_seed_*/test_policy_history.csv,40,2280,228,2022-01-07,2026-05-15,52,72,10,10,financial_net_return,net return after asset-specific transaction costs,"returns, weights, turnover, costs, equity and drawdown",naive,0,0,7552c2af8c8f6495bf438f51d3752e5c17213a805934f52367443f2df3def36b,228,2022-01-07,2026-05-15,True
zero_cash,V8_ewma_garch_vol_current_cap_uncapped,TD3,/Users/thiagoherrera/Desktop/portfolio_drl_td3/outputs/tables/final_corrected_limited_td3_60ep_10seeds/per_candidate/V8_ewma_garch_vol_current/F*_V8_ewma_garch_vol_current_cap_uncapped_seed_*/test_policy_history.csv,repo://outputs/tables/final_corrected_limited_td3_60ep_10seeds/per_candidate/V8_ewma_garch_vol_current/F*_V8_ewma_garch_vol_current_cap_uncapped_seed_*/test_policy_history.csv,40,2280,228,2022-01-07,2026-05-15,52,72,10,10,financial_net_return,net return after asset-specific transaction costs,"returns, weights, turnover, costs, equity and drawdown",naive,0,0,02fb30b8ef9efce8abd34954b68bade661ef7bc58d6b675b0cf156bcf97f356f,228,2022-01-07,2026-05-15,True
zero_cash,60_40_SPY_TLT,benchmark,/Users/thiagoherrera/Projects/portfolio_drl_outputs/final_corrected_zero_cash_benchmark_comparison/benchmarks/histories/60_40_SPY_TLT_history.csv,external://final_corrected_zero_cash_benchmark_comparison/benchmarks/histories/60_40_SPY_TLT_history.csv,1,593,593,2015-01-09,2026-05-15,593,593,1,1,financial_net_return,net return after asset-specific transaction costs,"returns, weights, turnover, costs, equity and drawdown",naive,0,0,149044aae5f4beb7c3a6dcb8ac65da3b4be7823f66625a227addf682a2d009c1,228,2022-01-07,2026-05-15,True
zero_cash,BuyHold_BTC-USD,benchmark,/Users/thiagoherrera/Projects/portfolio_drl_outputs/final_corrected_zero_cash_benchmark_comparison/benchmarks/histories/BuyHold_BTC-USD_history.csv,external://final_corrected_zero_cash_benchmark_comparison/benchmarks/histories/BuyHold_BTC-USD_history.csv,1,593,593,2015-01-09,2026-05-15,593,593,1,1,financial_net_return,net return after asset-specific transaction costs,"returns, weights, turnover, costs, equity and drawdown",naive,0,0,4b36ff45a210eb8781563da0fc5577d2215bb5e61b9fcc233fb8144e3f304bb3,228,2022-01-07,2026-05-15,True
zero_cash,BuyHold_GLD,benchmark,/Users/thiagoherrera/Projects/portfolio_drl_outputs/final_corrected_zero_cash_benchmark_comparison/benchmarks/histories/BuyHold_GLD_history.csv,external://final_corrected_zero_cash_benchmark_comparison/benchmarks/histories/BuyHold_GLD_history.csv,1,593,593,2015-01-09,2026-05-15,593,593,1,1,financial_net_return,net return after asset-specific transaction costs,"returns, weights, turnover, costs, equity and drawdown",naive,0,0,5178ce5f7cbb65d20b8c75656894a3bc1cd8e446bbf42961b0851db3d48b7219,228,2022-01-07,2026-05-15,True
zero_cash,BuyHold_SPY,benchmark,/Users/thiagoherrera/Projects/portfolio_drl_outputs/final_corrected_zero_cash_benchmark_comparison/benchmarks/histories/BuyHold_SPY_history.csv,external://final_corrected_zero_cash_benchmark_comparison/benchmarks/histories/BuyHold_SPY_history.csv,1,593,593,2015-01-09,2026-05-15,593,593,1,1,financial_net_return,net return after asset-specific transaction costs,"returns, weights, turnover, costs, equity and drawdown",naive,0,0,f51a95f20d6cd6b0ea7d89e777e2e23ba589eb7366878eb7d5bcf855b4c7fed8,228,2022-01-07,2026-05-15,True
zero_cash,BuyHold_TLT,benchmark,/Users/thiagoherrera/Projects/portfolio_drl_outputs/final_corrected_zero_cash_benchmark_comparison/benchmarks/histories/BuyHold_TLT_history.csv,external://final_corrected_zero_cash_benchmark_comparison/benchmarks/histories/BuyHold_TLT_history.csv,1,593,593,2015-01-09,2026-05-15,593,593,1,1,financial_net_return,net return after asset-specific transaction costs,"returns, weights, turnover, costs, equity and drawdown",naive,0,0,b639c9006292f04a4f2992702db34b06a41b6a09fd9ffb0eb65b5ef5de35f315,228,2022-01-07,2026-05-15,True
zero_cash,Equal_Weight_Risky,benchmark,/Users/thiagoherrera/Projects/portfolio_drl_outputs/final_corrected_zero_cash_benchmark_comparison/benchmarks/histories/Equal_Weight_Risky_history.csv,external://final_corrected_zero_cash_benchmark_comparison/benchmarks/histories/Equal_Weight_Risky_history.csv,1,593,593,2015-01-09,2026-05-15,593,593,1,1,financial_net_return,net return after asset-specific transaction costs,"returns, weights, turnover, costs, equity and drawdown",naive,0,0,137f084675434262d111fee6af3b26413054c06399ac1ad5e4b6e41acfa4a411,228,2022-01-07,2026-05-15,True
zero_cash,Equal_Weight,benchmark,/Users/thiagoherrera/Projects/portfolio_drl_outputs/final_corrected_zero_cash_benchmark_comparison/benchmarks/histories/Equal_Weight_history.csv,external://final_corrected_zero_cash_benchmark_comparison/benchmarks/histories/Equal_Weight_history.csv,1,593,593,2015-01-09,2026-05-15,593,593,1,1,financial_net_return,net return after asset-specific transaction costs,"returns, weights, turnover, costs, equity and drawdown",naive,0,0,8fd8ea064a94a4b95948513925e14ecf172c139e6df1126d97adf254a44282ed,228,2022-01-07,2026-05-15,True
zero_cash,defensive_risk_off_12p,benchmark,/Users/thiagoherrera/Projects/portfolio_drl_outputs/final_corrected_zero_cash_benchmark_comparison/benchmarks/histories/defensive_risk_off_12p_history.csv,external://final_corrected_zero_cash_benchmark_comparison/benchmarks/histories/defensive_risk_off_12p_history.csv,1,581,581,2015-04-03,2026-05-15,581,581,1,1,financial_net_return,net return after asset-specific transaction costs,"returns, weights, turnover, costs, equity and drawdown",naive,0,0,0775ddd0cc080fe1a8e2f44e53de67a20b08a5a339f3d0800536232e05ef4fdd,228,2022-01-07,2026-05-15,True
zero_cash,momentum_winner_12p,benchmark,/Users/thiagoherrera/Projects/portfolio_drl_outputs/final_corrected_zero_cash_benchmark_comparison/benchmarks/histories/momentum_winner_12p_history.csv,external://final_corrected_zero_cash_benchmark_comparison/benchmarks/histories/momentum_winner_12p_history.csv,1,581,581,2015-04-03,2026-05-15,581,581,1,1,financial_net_return,net return after asset-specific transaction costs,"returns, weights, turnover, costs, equity and drawdown",naive,0,0,7de9324993cb185951ce835761b56f2323e8653f789ab2c1d4258c430ecb66ff,228,2022-01-07,2026-05-15,True
zero_cash,risk_adjusted_momentum_winner_12p_12p,benchmark,/Users/thiagoherrera/Projects/portfolio_drl_outputs/final_corrected_zero_cash_benchmark_comparison/benchmarks/histories/risk_adjusted_momentum_winner_12p_12p_history.csv,external://final_corrected_zero_cash_benchmark_comparison/benchmarks/histories/risk_adjusted_momentum_winner_12p_12p_history.csv,1,581,581,2015-04-03,2026-05-15,581,581,1,1,financial_net_return,net return after asset-specific transaction costs,"returns, weights, turnover, costs, equity and drawdown",naive,0,0,07ed75cfb2268bd6af7e792268e1c5dad2a8c6ae00548c46263137dce57677d0,228,2022-01-07,2026-05-15,True
zero_cash,rolling_markowitz_long_only_52p,benchmark,/Users/thiagoherrera/Projects/portfolio_drl_outputs/final_corrected_zero_cash_benchmark_comparison/benchmarks/histories/rolling_markowitz_long_only_52p_history.csv,external://final_corrected_zero_cash_benchmark_comparison/benchmarks/histories/rolling_markowitz_long_only_52p_history.csv,1,593,593,2015-01-09,2026-05-15,593,593,1,1,financial_net_return,net return after asset-specific transaction costs,"returns, weights, turnover, costs, equity and drawdown",naive,0,0,0dadc9e99b75446e1dc0d512dd2a37894b16278469a3cb77144cbb70430d8b79,228,2022-01-07,2026-05-15,True
zero_cash,rolling_markowitz_min_variance_52p,benchmark,/Users/thiagoherrera/Projects/portfolio_drl_outputs/final_corrected_zero_cash_benchmark_comparison/benchmarks/histories/rolling_markowitz_min_variance_52p_history.csv,external://final_corrected_zero_cash_benchmark_comparison/benchmarks/histories/rolling_markowitz_min_variance_52p_history.csv,1,593,593,2015-01-09,2026-05-15,593,593,1,1,financial_net_return,net return after asset-specific transaction costs,"returns, weights, turnover, costs, equity and drawdown",naive,0,0,43255363c34d455edf36fcf8bda10f19c4cbac0b99cfaef3bc592de5657c56d5,228,2022-01-07,2026-05-15,True
zero_cash,rolling_risk_parity_inverse_vol_12p,benchmark,/Users/thiagoherrera/Projects/portfolio_drl_outputs/final_corrected_zero_cash_benchmark_comparison/benchmarks/histories/rolling_risk_parity_inverse_vol_12p_history.csv,external://final_corrected_zero_cash_benchmark_comparison/benchmarks/histories/rolling_risk_parity_inverse_vol_12p_history.csv,1,593,593,2015-01-09,2026-05-15,593,593,1,1,financial_net_return,net return after asset-specific transaction costs,"returns, weights, turnover, costs, equity and drawdown",naive,0,0,88885ecac59c203fbfeab6e94bd833cb1471525975ff3e6fc4bb217683a1d5ea,228,2022-01-07,2026-05-15,True
zero_cash,trend_spy_cash_12p,benchmark,/Users/thiagoherrera/Projects/portfolio_drl_outputs/final_corrected_zero_cash_benchmark_comparison/benchmarks/histories/trend_spy_cash_12p_history.csv,external://final_corrected_zero_cash_benchmark_comparison/benchmarks/histories/trend_spy_cash_12p_history.csv,1,581,581,2015-04-03,2026-05-15,581,581,1,1,financial_net_return,net return after asset-specific transaction costs,"returns, weights, turnover, costs, equity and drawdown",naive,0,0,5b8391101d015cc552409faf57b7bd732e22ab5cfdd5adb4bc0785bedf910a4e,228,2022-01-07,2026-05-15,True
bil_cash,V3_real_macro_vintage_clean_no_dxy_cap_0p70,TD3,/Users/thiagoherrera/Projects/portfolio_drl_outputs/final_corrected_limited_td3_cash_bil_proxy_60ep_10seeds/per_candidate/V3_real_macro_vintage_clean_no_dxy/F*_V3_real_macro_vintage_clean_no_dxy_cap_0p70_seed_*/test_policy_history.csv,external://final_corrected_limited_td3_cash_bil_proxy_60ep_10seeds/per_candidate/V3_real_macro_vintage_clean_no_dxy/F*_V3_real_macro_vintage_clean_no_dxy_cap_0p70_seed_*/test_policy_history.csv,40,2280,228,2022-01-07,2026-05-15,52,72,10,10,financial_net_return,net return after asset-specific transaction costs,"returns, weights, turnover, costs, equity and drawdown",naive,0,0,864849bdc9fbb7affcef21f05d169f7ad0384182a767ee9dd9facef6bdfd09ff,228,2022-01-07,2026-05-15,True
bil_cash,V4_real_garch_current_cap_0p80,TD3,/Users/thiagoherrera/Projects/portfolio_drl_outputs/final_corrected_limited_td3_cash_bil_proxy_60ep_10seeds/per_candidate/V4_real_garch_current/F*_V4_real_garch_current_cap_0p80_seed_*/test_policy_history.csv,external://final_corrected_limited_td3_cash_bil_proxy_60ep_10seeds/per_candidate/V4_real_garch_current/F*_V4_real_garch_current_cap_0p80_seed_*/test_policy_history.csv,40,2280,228,2022-01-07,2026-05-15,52,72,10,10,financial_net_return,net return after asset-specific transaction costs,"returns, weights, turnover, costs, equity and drawdown",naive,0,0,965af327823fda3df84da6fac0dda2c4485744a073bd248cf01afe55d62aba8b,228,2022-01-07,2026-05-15,True
bil_cash,V5_no_volatility_block_cap_0p70,TD3,/Users/thiagoherrera/Projects/portfolio_drl_outputs/final_corrected_limited_td3_cash_bil_proxy_60ep_10seeds/per_candidate/V5_no_volatility_block/F*_V5_no_volatility_block_cap_0p70_seed_*/test_policy_history.csv,external://final_corrected_limited_td3_cash_bil_proxy_60ep_10seeds/per_candidate/V5_no_volatility_block/F*_V5_no_volatility_block_cap_0p70_seed_*/test_policy_history.csv,40,2280,228,2022-01-07,2026-05-15,52,72,10,10,financial_net_return,net return after asset-specific transaction costs,"returns, weights, turnover, costs, equity and drawdown",naive,0,0,980eca1da785af82d0369c15ba5fcc6169fd11c6c30514cdf8935dab8b8a636e,228,2022-01-07,2026-05-15,True
bil_cash,V7_real_macro_vintage_clean_no_dxy_garch_cap_0p80,TD3,/Users/thiagoherrera/Projects/portfolio_drl_outputs/final_corrected_limited_td3_cash_bil_proxy_60ep_10seeds/per_candidate/V7_real_macro_vintage_clean_no_dxy_garch/F*_V7_real_macro_vintage_clean_no_dxy_garch_cap_0p80_seed_*/test_policy_history.csv,external://final_corrected_limited_td3_cash_bil_proxy_60ep_10seeds/per_candidate/V7_real_macro_vintage_clean_no_dxy_garch/F*_V7_real_macro_vintage_clean_no_dxy_garch_cap_0p80_seed_*/test_policy_history.csv,40,2280,228,2022-01-07,2026-05-15,52,72,10,10,financial_net_return,net return after asset-specific transaction costs,"returns, weights, turnover, costs, equity and drawdown",naive,0,0,03e04482b46aa5ec71cc3fb00996af225e5381af29b089bb9a66d7495fdbe7fa,228,2022-01-07,2026-05-15,True
bil_cash,V8_ewma_garch_vol_current_cap_0p70,TD3,/Users/thiagoherrera/Projects/portfolio_drl_outputs/final_corrected_limited_td3_cash_bil_proxy_60ep_10seeds/per_candidate/V8_ewma_garch_vol_current/F*_V8_ewma_garch_vol_current_cap_0p70_seed_*/test_policy_history.csv,external://final_corrected_limited_td3_cash_bil_proxy_60ep_10seeds/per_candidate/V8_ewma_garch_vol_current/F*_V8_ewma_garch_vol_current_cap_0p70_seed_*/test_policy_history.csv,40,2280,228,2022-01-07,2026-05-15,52,72,10,10,financial_net_return,net return after asset-specific transaction costs,"returns, weights, turnover, costs, equity and drawdown",naive,0,0,3e39250790d942bb7c9d2d753149cbc90211d359b0e07797820ac1553553a1a6,228,2022-01-07,2026-05-15,True
bil_cash,60_40_SPY_TLT,benchmark,/Users/thiagoherrera/Projects/portfolio_drl_outputs/final_corrected_bil_cash_benchmark_comparison/benchmarks/histories/60_40_SPY_TLT_history.csv,external://final_corrected_bil_cash_benchmark_comparison/benchmarks/histories/60_40_SPY_TLT_history.csv,1,593,593,2015-01-09,2026-05-15,593,593,1,1,financial_net_return,net return after asset-specific transaction costs,"returns, weights, turnover, costs, equity and drawdown",naive,0,0,18202c7176078d5d9d53799d54e4126d91487aeeda94cf18a83cb9632b5bfe34,228,2022-01-07,2026-05-15,True
bil_cash,BuyHold_BTC-USD,benchmark,/Users/thiagoherrera/Projects/portfolio_drl_outputs/final_corrected_bil_cash_benchmark_comparison/benchmarks/histories/BuyHold_BTC-USD_history.csv,external://final_corrected_bil_cash_benchmark_comparison/benchmarks/histories/BuyHold_BTC-USD_history.csv,1,593,593,2015-01-09,2026-05-15,593,593,1,1,financial_net_return,net return after asset-specific transaction costs,"returns, weights, turnover, costs, equity and drawdown",naive,0,0,9b8431cbd70b87a72ef502b216af088d51e355a74a2f96490569839f4173698b,228,2022-01-07,2026-05-15,True
bil_cash,BuyHold_GLD,benchmark,/Users/thiagoherrera/Projects/portfolio_drl_outputs/final_corrected_bil_cash_benchmark_comparison/benchmarks/histories/BuyHold_GLD_history.csv,external://final_corrected_bil_cash_benchmark_comparison/benchmarks/histories/BuyHold_GLD_history.csv,1,593,593,2015-01-09,2026-05-15,593,593,1,1,financial_net_return,net return after asset-specific transaction costs,"returns, weights, turnover, costs, equity and drawdown",naive,0,0,a6a7e2b721e4b2f941389cd71c5d074155c8c8643c21c1a00b6b4d8b5e14f25d,228,2022-01-07,2026-05-15,True
bil_cash,BuyHold_SPY,benchmark,/Users/thiagoherrera/Projects/portfolio_drl_outputs/final_corrected_bil_cash_benchmark_comparison/benchmarks/histories/BuyHold_SPY_history.csv,external://final_corrected_bil_cash_benchmark_comparison/benchmarks/histories/BuyHold_SPY_history.csv,1,593,593,2015-01-09,2026-05-15,593,593,1,1,financial_net_return,net return after asset-specific transaction costs,"returns, weights, turnover, costs, equity and drawdown",naive,0,0,b206befd0a044e6832e3012a1d1cce32af35f4170a5b3ead9c9f31db5d51565e,228,2022-01-07,2026-05-15,True
bil_cash,BuyHold_TLT,benchmark,/Users/thiagoherrera/Projects/portfolio_drl_outputs/final_corrected_bil_cash_benchmark_comparison/benchmarks/histories/BuyHold_TLT_history.csv,external://final_corrected_bil_cash_benchmark_comparison/benchmarks/histories/BuyHold_TLT_history.csv,1,593,593,2015-01-09,2026-05-15,593,593,1,1,financial_net_return,net return after asset-specific transaction costs,"returns, weights, turnover, costs, equity and drawdown",naive,0,0,8f60b083ccb323021b1e56d74472891a37524c27601625efeb9bccc2b46d54ef,228,2022-01-07,2026-05-15,True
bil_cash,Equal_Weight_Risky,benchmark,/Users/thiagoherrera/Projects/portfolio_drl_outputs/final_corrected_bil_cash_benchmark_comparison/benchmarks/histories/Equal_Weight_Risky_history.csv,external://final_corrected_bil_cash_benchmark_comparison/benchmarks/histories/Equal_Weight_Risky_history.csv,1,593,593,2015-01-09,2026-05-15,593,593,1,1,financial_net_return,net return after asset-specific transaction costs,"returns, weights, turnover, costs, equity and drawdown",naive,0,0,5684f4a1820b91903bcb41b5102683170d2a30b216e5e9aa41d63659f486161c,228,2022-01-07,2026-05-15,True
bil_cash,Equal_Weight,benchmark,/Users/thiagoherrera/Projects/portfolio_drl_outputs/final_corrected_bil_cash_benchmark_comparison/benchmarks/histories/Equal_Weight_history.csv,external://final_corrected_bil_cash_benchmark_comparison/benchmarks/histories/Equal_Weight_history.csv,1,593,593,2015-01-09,2026-05-15,593,593,1,1,financial_net_return,net return after asset-specific transaction costs,"returns, weights, turnover, costs, equity and drawdown",naive,0,0,c806c782279b8bc6aa0229bbc4640384da1d5c1950ce4e897d82ac9c2912c911,228,2022-01-07,2026-05-15,True
bil_cash,defensive_risk_off_12p,benchmark,/Users/thiagoherrera/Projects/portfolio_drl_outputs/final_corrected_bil_cash_benchmark_comparison/benchmarks/histories/defensive_risk_off_12p_history.csv,external://final_corrected_bil_cash_benchmark_comparison/benchmarks/histories/defensive_risk_off_12p_history.csv,1,581,581,2015-04-03,2026-05-15,581,581,1,1,financial_net_return,net return after asset-specific transaction costs,"returns, weights, turnover, costs, equity and drawdown",naive,0,0,0ced5a646c38ac203aa8c48ea35cf772c8414e99dae7b17e0c13faad656830a5,228,2022-01-07,2026-05-15,True
bil_cash,momentum_winner_12p,benchmark,/Users/thiagoherrera/Projects/portfolio_drl_outputs/final_corrected_bil_cash_benchmark_comparison/benchmarks/histories/momentum_winner_12p_history.csv,external://final_corrected_bil_cash_benchmark_comparison/benchmarks/histories/momentum_winner_12p_history.csv,1,581,581,2015-04-03,2026-05-15,581,581,1,1,financial_net_return,net return after asset-specific transaction costs,"returns, weights, turnover, costs, equity and drawdown",naive,0,0,4e2c3c59b51c7f4b09e7232b447880d3995cc791ede68f3a331248fc577b39eb,228,2022-01-07,2026-05-15,True
bil_cash,risk_adjusted_momentum_winner_12p_12p,benchmark,/Users/thiagoherrera/Projects/portfolio_drl_outputs/final_corrected_bil_cash_benchmark_comparison/benchmarks/histories/risk_adjusted_momentum_winner_12p_12p_history.csv,external://final_corrected_bil_cash_benchmark_comparison/benchmarks/histories/risk_adjusted_momentum_winner_12p_12p_history.csv,1,581,581,2015-04-03,2026-05-15,581,581,1,1,financial_net_return,net return after asset-specific transaction costs,"returns, weights, turnover, costs, equity and drawdown",naive,0,0,c7b9f36e23d62f97181c6395f814390eb4febac936580893bbfcdfa3dce3d144,228,2022-01-07,2026-05-15,True
bil_cash,rolling_markowitz_long_only_52p,benchmark,/Users/thiagoherrera/Projects/portfolio_drl_outputs/final_corrected_bil_cash_benchmark_comparison/benchmarks/histories/rolling_markowitz_long_only_52p_history.csv,external://final_corrected_bil_cash_benchmark_comparison/benchmarks/histories/rolling_markowitz_long_only_52p_history.csv,1,593,593,2015-01-09,2026-05-15,593,593,1,1,financial_net_return,net return after asset-specific transaction costs,"returns, weights, turnover, costs, equity and drawdown",naive,0,0,df51302b167fb6c76878ded5c07c490d8031434e63b1435dd30f3eab60030541,228,2022-01-07,2026-05-15,True
bil_cash,rolling_markowitz_min_variance_52p,benchmark,/Users/thiagoherrera/Projects/portfolio_drl_outputs/final_corrected_bil_cash_benchmark_comparison/benchmarks/histories/rolling_markowitz_min_variance_52p_history.csv,external://final_corrected_bil_cash_benchmark_comparison/benchmarks/histories/rolling_markowitz_min_variance_52p_history.csv,1,593,593,2015-01-09,2026-05-15,593,593,1,1,financial_net_return,net return after asset-specific transaction costs,"returns, weights, turnover, costs, equity and drawdown",naive,0,0,d8f025559fb1bc0fc82f615d293a7210b9a3273796c1903b918fb0d217b79705,228,2022-01-07,2026-05-15,True
bil_cash,rolling_risk_parity_inverse_vol_12p,benchmark,/Users/thiagoherrera/Projects/portfolio_drl_outputs/final_corrected_bil_cash_benchmark_comparison/benchmarks/histories/rolling_risk_parity_inverse_vol_12p_history.csv,external://final_corrected_bil_cash_benchmark_comparison/benchmarks/histories/rolling_risk_parity_inverse_vol_12p_history.csv,1,593,593,2015-01-09,2026-05-15,593,593,1,1,financial_net_return,net return after asset-specific transaction costs,"returns, weights, turnover, costs, equity and drawdown",naive,0,0,2b26c2277cc68d33f8798d05014c88f8f27ce662d8ed0964dc90167a077db00d,228,2022-01-07,2026-05-15,True
bil_cash,trend_spy_cash_12p,benchmark,/Users/thiagoherrera/Projects/portfolio_drl_outputs/final_corrected_bil_cash_benchmark_comparison/benchmarks/histories/trend_spy_cash_12p_history.csv,external://final_corrected_bil_cash_benchmark_comparison/benchmarks/histories/trend_spy_cash_12p_history.csv,1,581,581,2015-04-03,2026-05-15,581,581,1,1,financial_net_return,net return after asset-specific transaction costs,"returns, weights, turnover, costs, equity and drawdown",naive,0,0,6190bb20a716a5c2ec2241284c0dd23e8e96a8eaff0858301597bbb8866b3106,228,2022-01-07,2026-05-15,True
