protocol,strategy_name,strategy_type,base_candidate,cap_label,transaction_cost_mode,n_observations,start_date,end_date,frequency,cumulative_return,annualized_return,annualized_volatility,sharpe,sortino,calmar,max_drawdown,average_turnover,total_transaction_cost,mean_transaction_cost,average_max_weight,average_effective_number_of_assets,mean_cash_weight,cash_above_10_rate,mean_btc_weight,mean_cash_transaction_cost_contribution,mean_btc_transaction_cost_contribution,std_sharpe,worst_max_drawdown,dsr_score,median_aligned_seed_dsr_n25,date_averaged_dsr_n25,dsr_method,n_aligned_seeds,type,dsr_available,sortino_score,calmar_score,drawdown_score,stability_score,discipline_score,robust_score,mandate_bucket,recovery_required,drawdown_multiplier,mandate_aware_score,rank_mandate_aware,rank_robust,rank_sharpe
zero_cash,BuyHold_GLD,benchmark,,,asset_specific,228,2022-01-07,2026-05-15,weekly Friday,1.4408633139757354,0.22570823774842297,0.1664043116160493,1.3081884451675567,2.1982624534964055,1.3010381844969388,-0.1734831770796148,0.0,0.0,0.0,1.0,1.0,0.0,0.0,0.0,0.0,0.0,0.0,-0.1734831770796148,0.7460632557929164,,0.7460632557929164,aligned_single_history_n25,1,benchmark,True,0.9954003019140825,0.9933648162144073,0.9773228376960634,0.993196851308819,0.8,0.9074901111488645,clean_mandate,0.20989672837708917,0.7901032716229108,0.7170109057841568,1,1,1
zero_cash,rolling_markowitz_long_only_52p,benchmark,,,asset_specific,228,2022-01-07,2026-05-15,weekly Friday,1.9134219892756352,0.27619360337745547,0.2245106918365903,1.1988242479757492,2.2121237277382066,1.3112690117028711,-0.21063077134628416,0.10383556675119289,0.00816639001176669,3.5817500051608295e-05,0.5909031263913668,1.9620233202532145,0.0,0.0,0.3171396223338405,0.0,1.8812983376717518e-05,0.0,-0.21063077134628416,0.7285523154586597,,0.7285523154586597,aligned_single_history_n25,1,benchmark,True,1.0,1.0,0.9000007650157258,0.9700002295047176,0.992404664050643,0.9001860655429608,eligible_yellow,0.26683428198172726,0.7331657180182727,0.6599855630938487,2,2,2
zero_cash,trend_spy_cash_12p,benchmark,,,asset_specific,228,2022-01-07,2026-05-15,weekly Friday,0.43268905342697295,0.08545944249028747,0.10745378258147749,0.8174290189188304,1.1603290158097521,0.5256181277344917,-0.16258846105371783,0.17543859649122806,0.004,1.7543859649122806e-05,1.0,1.0,0.29385964912280704,0.29385964912280704,0.0,0.0,0.0,0.0,-0.16258846105371783,0.36552682902855127,,0.36552682902855127,aligned_single_history_n25,1,benchmark,True,0.6509745035816541,0.49046759352744823,1.0,1.0,0.6530701754385965,0.6205999769023157,clean_mandate,0.1941559836377505,0.8058440163622496,0.5001067779412814,3,4,6
zero_cash,defensive_risk_off_12p,benchmark,,,asset_specific,228,2022-01-07,2026-05-15,weekly Friday,0.4349751859959239,0.08585423077929355,0.14231637410267597,0.6507149699585638,0.8468444327843481,0.45581350850188435,-0.18835385344648825,0.24561403508771928,0.008400000000000001,3.68421052631579e-05,1.0,1.0,0.11842105263157894,0.11842105263157894,0.0,0.0,0.0,0.0,-0.18835385344648825,0.245632342999914,,0.245632342999914,aligned_single_history_n25,1,benchmark,True,0.5469483937628186,0.4451959387170629,0.9463697829547271,0.9839109348864181,0.7407894736842104,0.549504604012012,clean_mandate,0.23206400257833307,0.767935997421667,0.42198436616976254,4,10,13
zero_cash,rolling_markowitz_min_variance_52p,benchmark,,,asset_specific,228,2022-01-07,2026-05-15,weekly Friday,0.4122168472146197,0.08190227967534502,0.10439543275418126,0.8064203650326056,1.2637392644952323,0.3547726501232396,-0.23085849387458168,0.037810999613717804,0.0022532606662660597,9.882722220465174e-06,0.47796827291972954,2.647942470859379,0.0,0.0,0.017949877202326457,0.0,2.900652872152003e-06,0.0,-0.23085849387458168,0.38376360312804647,,0.38376360312804647,aligned_single_history_n25,1,benchmark,True,0.6852899578930933,0.3796660796253557,0.8578971116737901,0.957369133502137,1.0,0.602541768543386,eligible_yellow,0.3001508721555553,0.6998491278444448,0.42168833120493804,5,5,7
zero_cash,BuyHold_SPY,benchmark,,,asset_specific,228,2022-01-07,2026-05-15,weekly Friday,0.6497481321827132,0.12095061740240043,0.16816682908247196,0.7634141117043921,1.096043735503628,0.5380491913795269,-0.22479472014870994,0.0,0.0,0.0,1.0,1.0,0.0,0.0,0.0,0.0,0.0,0.0,-0.22479472014870994,0.33826318770281705,,0.33826318770281705,aligned_single_history_n25,1,benchmark,True,0.6296422021194238,0.4985297365267339,0.8705187514328327,0.9611556254298498,0.8,0.5938067192979866,eligible_yellow,0.2899808940824461,0.7100191059175539,0.42161411592379233,6,6,11
zero_cash,V7_real_macro_vintage_clean_no_dxy_garch_cap_0p80,TD3,V7_real_macro_vintage_clean_no_dxy_garch,0p80,asset_specific,228,2022-01-07,2026-05-15,weekly Friday,0.4577886030475864,0.08976748249339628,0.08429722705585517,1.062484720081153,1.695784358447897,0.5337589477974631,-0.16817981761958,0.3082727552705845,0.014696843671449555,6.445984066425243e-05,0.7292414311385291,1.700697525644915,0.3415460567250154,0.9868421052631579,0.058126941846725205,0.0,2.3974127127622134e-05,0.4008323013377463,-0.30162555315410544,0.21229828557507802,0.21229828557507802,0.5889816031432386,median_aligned_seed_history_n25,10,td3,True,0.8286589553616766,0.4957473071025084,0.9883616883595826,0.21317901183473165,0.44671845249740405,0.5204788152276412,clean_mandate,0.20218290104274675,0.7978170989572533,0.41524689843362494,7,12,3
zero_cash,V3_real_macro_vintage_clean_no_dxy_cap_0p70,TD3,V3_real_macro_vintage_clean_no_dxy,0p70,asset_specific,228,2022-01-07,2026-05-15,weekly Friday,0.44476238271256086,0.08753889664548997,0.09769877123762447,0.9083162623487628,1.3729643114658652,0.4946959689798298,-0.17695494229721365,0.2767384531097496,0.01590138775093056,6.974292873215158e-05,0.6571236875240694,1.9568992412966464,0.2717733138727814,1.0,0.0651017165246665,0.0,3.456512339056599e-05,0.3163149002634915,-0.2964720154796764,0.27959115665041356,0.27959115665041356,0.44439110209167193,median_aligned_seed_history_n25,10,td3,True,0.7215349834745068,0.4704130854945606,0.9700964186564567,0.3639954477483033,0.4913798482593293,0.5287499607752029,clean_mandate,0.21500030969278316,0.7849996903072168,0.4150685554584873,8,11,4
zero_cash,Equal_Weight,benchmark,,,asset_specific,228,2022-01-07,2026-05-15,weekly Friday,0.5136658991736218,0.0991563667059947,0.13021917701748498,0.7913205232039142,1.1963432275469057,0.3945776085810408,-0.2512975002879043,0.0,0.0,0.0,0.2,4.999999999999999,0.2,1.0,0.2,0.0,0.0,0.0,-0.2512975002879043,0.3660421342444993,,0.3660421342444993,aligned_single_history_n25,1,benchmark,True,0.6629253890416396,0.4054815107365612,0.8153536745925141,0.9446061023777541,0.5,0.5652576816556425,eligible_red,0.3356439979625254,0.6643560020374746,0.3755323335057142,9,9,9
zero_cash,rolling_risk_parity_inverse_vol_12p,benchmark,,,asset_specific,228,2022-01-07,2026-05-15,weekly Friday,0.44204560735411746,0.0870721448064411,0.11238619088106326,0.7993464897270386,1.202231112672235,0.32249969632385656,-0.26999140091903406,0.06561194255980307,0.004435584723542288,1.945431896290477e-05,0.38111933621673044,3.3504992995213074,0.0,0.0,0.09470357086415249,0.0,7.91491306368035e-06,0.0,-0.26999140091903406,0.3685038203948592,,0.3685038203948592,aligned_single_history_n25,1,benchmark,True,0.6648792133054586,0.3587355160010691,0.7764426449063695,0.9329327934719108,1.0,0.5750337680629098,eligible_red,0.3698468775010814,0.6301531224989185,0.3623593244871615,10,7,8
zero_cash,V4_real_garch_current_cap_0p70,TD3,V4_real_garch_current,0p70,asset_specific,228,2022-01-07,2026-05-15,weekly Friday,0.23231092210102222,0.04879496611691381,0.07594821060106333,0.6653900842299352,0.9654725393935006,0.28382659921086417,-0.17191822842742943,0.4452178812134046,0.024589697471798497,0.00010784955031490568,0.650403030510398,2.004302828951787,0.37011333210439334,1.0,0.07368101486254598,0.0,5.366786304851043e-05,0.3769077157292766,-0.3914256056533859,0.22499305162543423,0.22499305162543423,0.2683364935061234,median_aligned_seed_history_n25,10,td3,True,0.5863137122312045,0.3336541514410277,0.9805802511521441,0.19888492533507532,0.5,0.4434670184284059,clean_mandate,0.20761020750516912,0.7923897924948309,0.3513987387107859,11,13,12
zero_cash,60_40_SPY_TLT,benchmark,,,asset_specific,228,2022-01-07,2026-05-15,weekly Friday,0.17068974293223782,0.03659601838492699,0.12506403956913067,0.3496406498886238,0.4356431213797056,0.1473985162481731,-0.24827942177729057,0.0,0.0,0.0,0.5999999999999998,1.9230769230769234,0.0,0.0,0.0,0.0,0.0,0.0,-0.24827942177729057,0.10291550980732272,,0.10291550980732272,aligned_single_history_n25,1,benchmark,True,0.4104961562556169,0.2451739742517729,0.821635752626354,0.9464907257879062,0.9846153846153847,0.4291338837471878,eligible_yellow,0.3302815287620525,0.6697184712379475,0.2873988885795697,12,14,18
zero_cash,V8_ewma_garch_vol_current_cap_uncapped,TD3,V8_ewma_garch_vol_current,uncapped,asset_specific,228,2022-01-07,2026-05-15,weekly Friday,0.26875087138925235,0.05578883032115978,0.11610593053679893,0.5254590591355164,0.7360755928494638,0.27350934254188347,-0.20397413047277035,0.530399548934085,0.03733966239360223,0.00016377044909474662,0.8773893414866458,1.3107241932933702,0.4134890078325156,0.9868421052631579,0.1679077577403812,0.0,0.00011420584368674194,0.3062343992900931,-0.41362007935239653,0.07700936569968414,0.07700936569968414,0.18556534695911708,median_aligned_seed_history_n25,10,td3,True,0.5101910789489111,0.3269629139893656,0.9138564474519518,0.30844719588724356,0.35048405666664406,0.37598099783740996,eligible_yellow,0.25624057996244937,0.7437594200375506,0.2796394088966916,13,17,15
zero_cash,V5_no_volatility_block_cap_0p50,TD3,V5_no_volatility_block,0p50,asset_specific,228,2022-01-07,2026-05-15,weekly Friday,0.2643763596311586,0.05495749251344351,0.09890172574955956,0.5904504654848056,0.8292302310022852,0.21658699846892637,-0.25374326668702707,0.4195252410779325,0.026103251820968086,0.00011448794658319336,0.4934377478474876,2.800666286309067,0.24155553827371967,0.9736842105263158,0.09719205908823873,0.0,6.1308209902845e-05,0.2399223104075714,-0.4454422845198692,0.2070326524268207,0.2070326524268207,0.22059231648654992,median_aligned_seed_history_n25,10,td3,True,0.5411033315550752,0.2900460345593416,0.8102628542848912,0.40438117907640087,0.513157894736842,0.4159751097381454,eligible_red,0.3400214100053012,0.6599785899946988,0.27453466639787133,14,15,14
zero_cash,momentum_winner_12p,benchmark,,,asset_specific,228,2022-01-07,2026-05-15,weekly Friday,2.164517510799018,0.3004846187538317,0.3614291915419867,0.8971611533196885,1.6398602522661376,0.9713956605816546,-0.3093328814892037,0.45614035087719296,0.0444,0.00019473684210526317,1.0,1.0,0.10964912280701754,0.10964912280701754,0.37719298245614036,0.0,0.00014473684210526317,0.0,-0.3093328814892037,0.5501316104886295,,0.5501316104886295,aligned_single_history_n25,1,benchmark,True,0.8101012095387743,0.7795757759248523,0.6945540359654631,0.9083662107896389,0.7451754385964913,0.715253378642922,not_eligible,0.4478755006553396,0.5521244993446603,0.0,15,3,5
zero_cash,Equal_Weight_Risky,benchmark,,,asset_specific,228,2022-01-07,2026-05-15,weekly Friday,0.6595907740907703,0.12247239547146793,0.16277397127185625,0.7913205232039137,1.1821249668671356,0.40074254472994403,-0.30561365914867045,0.0,0.0,0.0,0.25,4.0,0.0,0.0,0.25,0.0,0.0,0.0,-0.30561365914867045,0.3660421342444989,,0.3660421342444989,aligned_single_history_n25,1,benchmark,True,0.6582072292755923,0.4094797685070275,0.702295532711245,0.9106886598133734,1.0,0.5697632357178978,not_eligible,0.4401204936922908,0.5598795063077092,0.0,15,8,10
zero_cash,risk_adjusted_momentum_winner_12p_12p,benchmark,,,asset_specific,228,2022-01-07,2026-05-15,weekly Friday,0.6182270832452723,0.11602948225160326,0.30909878578090305,0.5018355888550975,0.6472036645041498,0.2365100068483016,-0.49059016063546523,0.35964912280701755,0.03,0.00013157894736842105,1.0,1.0,0.0,0.0,0.2149122807017544,0.0,7.456140350877193e-05,0.0,-0.49059016063546523,0.19132655285775257,,0.19132655285775257,aligned_single_history_n25,1,benchmark,True,0.48069999237413014,0.30296706425696035,0.3172701555780165,0.795181046673405,0.8,0.38124000518758683,not_eligible,0.9630559182905728,0.0369440817094272,0.0,15,16,16
zero_cash,BuyHold_BTC-USD,benchmark,,,asset_specific,228,2022-01-07,2026-05-15,weekly Friday,0.7074443774278996,0.12977333896755172,0.5131787191095913,0.4918542301179646,0.3953367308720968,0.20182000523787358,-0.6430152393197859,0.0,0.0,0.0,1.0,1.0,0.0,0.0,1.0,0.0,0.0,0.0,-0.6430152393197859,0.16851613424311573,,0.16851613424311573,aligned_single_history_n25,1,benchmark,True,0.39712096260213636,0.2804689288105685,0.0,0.7,0.8,0.29607281855547574,not_eligible,1.80124002518919,0.0,0.0,15,18,17
zero_cash,BuyHold_TLT,benchmark,,,asset_specific,228,2022-01-07,2026-05-15,weekly Friday,-0.3401236119888653,-0.09045372223037107,0.1516641905461336,-0.5489279650114005,-0.8013945473501016,-0.23063661390271453,-0.39219151157207677,0.0,0.0,0.0,1.0,1.0,0.0,0.0,0.0,0.0,0.0,0.0,-0.39219151157207677,0.0008432122246800899,,0.0008432122246800899,aligned_single_history_n25,1,benchmark,True,0.0,0.0,0.5220852356585313,0.8566255706975593,0.8,0.20422830608593964,not_eligible,0.6452550746477188,0.3547449253522812,0.0,15,19,19
bil_cash,BuyHold_GLD,benchmark,,,asset_specific,228,2022-01-07,2026-05-15,weekly Friday,1.4988884808017944,0.23229361880884336,0.16543200057298252,1.3474054884786069,2.2927257862918013,1.3389979519584156,-0.1734831770796148,0.0,0.0,0.0,1.0,1.0,0.0,0.0,0.0,0.0,0.0,0.0,-0.1734831770796148,0.7703032434109172,,0.7703032434109172,aligned_single_history_n25,1,benchmark,True,1.0,1.0,0.8495524807074989,0.9548657442122497,0.8,0.8940104195506251,clean_mandate,0.20989672837708917,0.7901032716229108,0.70636055735192,1,1,1
bil_cash,rolling_markowitz_long_only_52p,benchmark,,,asset_specific,228,2022-01-07,2026-05-15,weekly Friday,1.968834214977127,0.2816893030703187,0.22417122321989089,1.2195652401357844,2.2639509476591826,1.3373607560626246,-0.21063075299117573,0.103835527210852,0.008166390274852305,3.581750120549257e-05,0.5909031333470443,1.9620232159854076,0.0,0.0,0.31713962264975737,0.0,1.8812994704157782e-05,0.0,-0.21063075299117573,0.7434177577033395,,0.7434177577033395,aligned_single_history_n25,1,benchmark,True,0.9906296865027335,0.9989516674205138,0.7823391468248939,0.9347017440474681,0.9924046431970815,0.8813828766839864,eligible_yellow,0.26683425252418164,0.7331657474758184,0.646199735596402,2,2,2
bil_cash,trend_spy_cash_12p,benchmark,,,asset_specific,228,2022-01-07,2026-05-15,weekly Friday,0.49199774814912,0.09554781364922849,0.10751366222888395,0.9032336086219155,1.2965089844125814,0.6075481621453481,-0.15726788360585953,0.17543859649122806,0.008,3.508771929824561e-05,1.0,1.0,0.29385964912280704,0.29385964912280704,0.0,1.7543859649122806e-05,0.0,0.0,-0.15726788360585953,0.42802028707938644,,0.42802028707938644,aligned_single_history_n25,1,benchmark,True,0.6755893624970457,0.5316365946856311,0.8788917823311279,0.9636675346993383,0.6530701754385965,0.6307053071518842,clean_mandate,0.18661669651178492,0.8133833034882151,0.5130051662587489,3,4,5
bil_cash,V7_real_macro_vintage_clean_no_dxy_garch_cap_0p80,TD3,V7_real_macro_vintage_clean_no_dxy_garch,0p80,asset_specific,228,2022-01-07,2026-05-15,weekly Friday,0.5081887790597914,0.09824800749970253,0.10014368837105105,0.9865013125328427,1.5125425270219923,0.5911440827758333,-0.16619976476523235,0.29206893752315805,0.018808972813662346,8.249549479676468e-05,0.7279863523074549,1.6952182753647418,0.3260836568895217,1.0,0.07527321599610702,1.6232649346105077e-05,3.0102134115179314e-05,0.46835931162968614,-0.5595453353553481,0.38036138610902936,0.38036138610902936,0.5116777521946844,median_aligned_seed_history_n25,10,td3,True,0.7459390887290646,0.5211327014839984,0.8627307948149051,0.11862629276449538,0.43904365507294835,0.530747205127654,clean_mandate,0.19932803775047697,0.8006719622495231,0.4249544061880089,4,11,3
bil_cash,rolling_markowitz_min_variance_52p,benchmark,,,asset_specific,228,2022-01-07,2026-05-15,weekly Friday,0.43329852512056477,0.08556473861788283,0.10397243489326992,0.8418310211156397,1.3324762995380712,0.370636746968185,-0.23085875676873346,0.03781101332141901,0.0022532626585392073,9.882730958505295e-06,0.4779684111712217,2.6479422882322448,0.0,0.0,0.017949872479618087,0.0,2.9006603677768537e-06,0.0,-0.23085875676873346,0.41283094096573786,,0.41283094096573786,aligned_single_history_n25,1,benchmark,True,0.6873018527974696,0.37993699928540553,0.745739408125485,0.9237218224376454,1.0,0.5915301461688838,eligible_yellow,0.3001513165499545,0.6998486834500455,0.4139815940173063,5,5,7
bil_cash,defensive_risk_off_12p,benchmark,,,asset_specific,228,2022-01-07,2026-05-15,weekly Friday,0.4728299967759402,0.0923217913210872,0.14042468132399683,0.6999200502562037,0.927601739354536,0.47746403946483007,-0.19335862743625032,0.23684210526315788,0.0108,4.736842105263158e-05,1.0,1.0,0.13157894736842105,0.13157894736842105,0.0,1.4035087719298246e-05,0.0,0.0,-0.19335862743625032,0.2759802825004837,,0.2759802825004837,aligned_single_history_n25,1,benchmark,True,0.5554574451041802,0.44834086677032164,0.813590638027155,0.9440771914081465,0.7342105263157894,0.5367105882857228,clean_mandate,0.23970829418493408,0.7602917058150659,0.40805660869675975,6,10,13
bil_cash,BuyHold_SPY,benchmark,,,asset_specific,228,2022-01-07,2026-05-15,weekly Friday,0.6698352807452723,0.12404892465869799,0.16826161804606957,0.7795225030534743,1.1241206757090594,0.5518324552358324,-0.22479454312937097,0.0,0.0,0.0,1.0,1.0,0.0,0.0,0.0,0.0,0.0,0.0,-0.22479454312937097,0.35017380210206095,,0.35017380210206095,aligned_single_history_n25,1,benchmark,True,0.619452384061155,0.4959606008155568,0.7567117530517947,0.9270135259155383,0.8,0.5743428531552838,eligible_yellow,0.2899805995133572,0.7100194004866428,0.4077945682711025,7,7,11
bil_cash,Equal_Weight,benchmark,,,asset_specific,228,2022-01-07,2026-05-15,weekly Friday,0.5883874801123843,0.11130219973783828,0.1300632895424597,0.8767629381289029,1.354985270907359,0.4446844850564,-0.2502947673645993,0.0,0.0,0.0,0.2,4.999999999999999,0.2,1.0,0.2,0.0,0.0,0.0,-0.2502947673645993,0.4339858026137583,,0.4339858026137583,aligned_single_history_n25,1,benchmark,True,0.694631732937688,0.42735139634974284,0.710572670122556,0.9131718010367668,0.5,0.5774954472636737,eligible_red,0.3338575702409744,0.6661424297590256,0.38469422041499884,8,6,6
bil_cash,risk_adjusted_momentum_winner_12p_12p,benchmark,,,asset_specific,228,2022-01-07,2026-05-15,weekly Friday,0.07208645325477159,0.016001894347274837,0.04658992658619624,0.3643147207623331,0.4128191554705355,0.1771422293434176,-0.09033359468595537,0.03508771929824561,0.0016,7.017543859649123e-06,1.0,1.0,0.9254385964912281,0.9254385964912281,0.0,8.771929824561404e-07,0.0,0.0,-0.09033359468595537,0.0970985979445615,,0.0970985979445615,aligned_single_history_n25,1,benchmark,True,0.38782230193232897,0.2560381993314703,1.0,1.0,0.33728070175438596,0.4247657147238476,clean_mandate,0.09930409011286885,0.9006959098871311,0.3825847419120535,9,15,18
bil_cash,V3_real_macro_vintage_clean_no_dxy_cap_0p70,TD3,V3_real_macro_vintage_clean_no_dxy,0p70,asset_specific,228,2022-01-07,2026-05-15,weekly Friday,0.3471948039857349,0.07033373502304463,0.08859914508206367,0.8117810891720456,1.2092382406637714,0.376772289790757,-0.18667438378258905,0.24186329432606518,0.01649532983052253,7.234793785316899e-05,0.6489820179189589,1.9679669826779054,0.3223979146691949,1.0,0.056950210522095056,1.2344703395652246e-05,2.996909873495616e-05,0.4928664519170413,-0.31251852498907995,0.3516062901059137,0.3516062901059137,0.3737474230427644,median_aligned_seed_history_n25,10,td3,True,0.6471702899000941,0.38386572244570116,0.8256848403922251,0.21992296625302715,0.4935933965355811,0.48221378201184867,clean_mandate,0.22951986272210184,0.7704801372778982,0.37153614096178367,10,12,10
bil_cash,rolling_risk_parity_inverse_vol_12p,benchmark,,,asset_specific,228,2022-01-07,2026-05-15,weekly Friday,0.4666730638701062,0.09127867490229513,0.11192283451072436,0.8367550757865162,1.271267206891117,0.3380800229359376,-0.26999132959592653,0.06561184759129535,0.004435579585108723,1.945429642591545e-05,0.38111914367297867,3.3505000715776703,0.0,0.0,0.09470357310468726,0.0,7.914908634570646e-06,0.0,-0.26999132959592653,0.39773692182667997,,0.39773692182667997,aligned_single_history_n25,1,benchmark,True,0.6673695642342586,0.3590902120609257,0.6749345004410265,0.9024803501323079,1.0,0.5661012418864256,eligible_red,0.3698467436646763,0.6301532563353237,0.35673054099020185,11,8,8
bil_cash,V4_real_garch_current_cap_0p80,TD3,V4_real_garch_current,0p80,asset_specific,228,2022-01-07,2026-05-15,weekly Friday,0.29192700878062205,0.06015670662345807,0.09232252023717893,0.6789487281868858,1.0148073918730194,0.31311676997108767,-0.19212227639232726,0.3461294784952904,0.02253207247093978,9.882487925850781e-05,0.7186073594008724,1.7235638490320135,0.3422690375938524,1.0,0.06592190918850621,1.7052311149229078e-05,3.699872944932778e-05,0.39654499855065145,-0.38196230004977394,0.287442627704946,0.287442627704946,0.2839855882346225,median_aligned_seed_history_n25,10,td3,True,0.5838553212231298,0.3431056915522396,0.8158276420165714,0.31110994852714224,0.44471276980640273,0.44734577051207775,clean_mandate,0.23781108301189777,0.7621889169881022,0.34096198834580865,12,13,14
bil_cash,V8_ewma_garch_vol_current_cap_0p70,TD3,V8_ewma_garch_vol_current,0p70,asset_specific,228,2022-01-07,2026-05-15,weekly Friday,0.32803448538231805,0.06684267252712361,0.09220441529547799,0.7481593870288953,1.0685898671856306,0.3587159309500794,-0.18633873424602865,0.34201653227950185,0.02378304172080036,0.00010431158649473843,0.6416854714261979,2.0015235185512474,0.3519315669382011,1.0,0.09719057435857764,1.6738466622824393e-05,4.4885350048563515e-05,0.5231546523967716,-0.45878573338073536,0.2603920925243374,0.2603920925243374,0.3201124939198566,median_aligned_seed_history_n25,10,td3,True,0.6013691867489257,0.3723038383191649,0.8262921512009327,0.10000124360622209,0.5,0.43179617981168145,clean_mandate,0.22901266422380284,0.7709873357761972,0.33290938627134803,13,14,12
bil_cash,60_40_SPY_TLT,benchmark,,,asset_specific,228,2022-01-07,2026-05-15,weekly Friday,0.18627030685386936,0.039726421321683025,0.12496100815108666,0.3739768167772648,0.4736713406648031,0.160006947172636,-0.24827935301347304,0.0,0.0,0.0,0.5999999999999998,1.9230769230769234,0.0,0.0,0.0,0.0,0.0,0.0,-0.24827935301347304,0.11232395255079014,,0.11232395255079014,aligned_single_history_n25,1,benchmark,True,0.4076383662218305,0.24506610087672756,0.7142192800121635,0.914265784003649,0.9846153846153847,0.4120283188179073,eligible_yellow,0.33028140707424647,0.6697185929257535,0.27594302592429265,14,16,17
bil_cash,V5_no_volatility_block_cap_0p70,TD3,V5_no_volatility_block,0p70,asset_specific,228,2022-01-07,2026-05-15,weekly Friday,0.2722575732918693,0.05645365215160969,0.10275918216785676,0.5862755863272554,0.7554643637928475,0.19548713297412462,-0.28878449078836355,0.33456481001436567,0.021465622007835108,9.414746494664521e-05,0.6549660611082608,1.9487941368545303,0.2363157508483522,0.9517543859649122,0.04549516148215209,1.4776496710580292e-05,3.404312867973126e-05,0.343594005693679,-0.4691667391479075,0.17191071709476405,0.17191071709476405,0.20619166919816623,median_aligned_seed_history_n25,10,td3,True,0.4994021811910312,0.26778484504017674,0.6409309083642748,0.3346250433389274,0.5138816343884499,0.3603068426826273,eligible_red,0.40604357898279453,0.5939564210172055,0.2140065627477826,15,17,15
bil_cash,momentum_winner_12p,benchmark,,,asset_specific,228,2022-01-07,2026-05-15,weekly Friday,2.392238223115601,0.321259470958446,0.3605680539994521,0.9426637496448051,1.7642539893303615,1.0370090899804274,-0.30979426705363733,0.4298245614035088,0.044399999999999995,0.00019473684210526314,1.0,1.0,0.11842105263157894,0.11842105263157894,0.37280701754385964,1.0526315789473684e-05,0.00013596491228070177,0.0,-0.30979426705363733,0.5968192428514958,,0.5968192428514958,aligned_single_history_n25,1,benchmark,True,0.827907065780067,0.8066298825526101,0.6029166618821188,0.8808749985646356,0.7407894736842104,0.7215176353449761,not_eligible,0.4488433698329076,0.5511566301670924,0.0,16,3,4
bil_cash,Equal_Weight_Risky,benchmark,,,asset_specific,228,2022-01-07,2026-05-15,weekly Friday,0.6911026606941333,0.1272980758925497,0.1624407599572301,0.8190831900245825,1.2336854179398467,0.41653274316152106,-0.30561361137265186,0.0,0.0,0.0,0.25,4.0,0.0,0.0,0.25,0.0,0.0,0.0,-0.30561361137265186,0.3876542036332463,,0.3876542036332463,aligned_single_history_n25,1,benchmark,True,0.6551313324666507,0.4093252161757266,0.6104809725871637,0.8831442917761491,1.0,0.5590741458841388,not_eligible,0.4401203946073654,0.5598796053926346,0.0,16,9,9
bil_cash,BuyHold_BTC-USD,benchmark,,,asset_specific,228,2022-01-07,2026-05-15,weekly Friday,0.7503232963148998,0.1361823205881858,0.5131067754295661,0.5029295440009841,0.4149466612676246,0.21178708102197757,-0.6430152393197859,0.0,0.0,0.0,1.0,1.0,0.0,0.0,1.0,0.0,0.0,0.0,-0.6430152393197859,0.17445009216814095,,0.17445009216814095,aligned_single_history_n25,1,benchmark,True,0.3885151084686401,0.2782220606638093,0.0,0.7,0.8,0.2956824614769322,not_eligible,1.80124002518919,0.0,0.0,16,18,16
bil_cash,BuyHold_TLT,benchmark,,,asset_specific,228,2022-01-07,2026-05-15,weekly Friday,-0.33018504298779683,-0.08734741111259992,0.1512384330258224,-0.5283992618658764,-0.7781254334686712,-0.22271626720034457,-0.39219142907970206,0.0,0.0,0.0,1.0,1.0,0.0,0.0,0.0,0.0,0.0,0.0,-0.39219142907970206,0.0009742374279790855,,0.0009742374279790855,aligned_single_history_n25,1,benchmark,True,0.0,0.0,0.45383054182351706,0.8361491625470551,0.8,0.1919817687566268,not_eligible,0.6452548513520883,0.35474514864791173,0.0,16,19,19
