protocol,profile,strategy_name,strategy_type_average_path,strategy_group_average_path,base_candidate_average_path,feature_family_average_path,constraint_status_average_path,robust_score_average_path,original_mandate_aware_score_average_path,profile_score_average_path,profile_multiplier_average_path,profile_eligible_average_path,failed_constraints_average_path,annualized_return_average_path,annualized_volatility_average_path,sharpe_average_path,max_drawdown_average_path,average_turnover_average_path,average_effective_number_of_assets_average_path,average_max_weight_average_path,max_drawdown_limit_average_path,max_annualized_volatility_limit_average_path,min_effective_assets_average_path,max_average_turnover_limit_average_path,drawdown_pass_average_path,volatility_pass_average_path,effective_assets_pass_average_path,turnover_pass_average_path,drawdown_multiplier_average_path,volatility_multiplier_average_path,effective_assets_multiplier_average_path,turnover_multiplier_average_path,profile_rank_average_path,profile_eligible_rank_average_path,strategy_type_seed_aggregated,strategy_group_seed_aggregated,base_candidate_seed_aggregated,feature_family_seed_aggregated,constraint_status_seed_aggregated,robust_score_seed_aggregated,original_mandate_aware_score_seed_aggregated,profile_score_seed_aggregated,profile_multiplier_seed_aggregated,profile_eligible_seed_aggregated,failed_constraints_seed_aggregated,annualized_return_seed_aggregated,annualized_volatility_seed_aggregated,sharpe_seed_aggregated,max_drawdown_seed_aggregated,average_turnover_seed_aggregated,average_effective_number_of_assets_seed_aggregated,average_max_weight_seed_aggregated,max_drawdown_limit_seed_aggregated,max_annualized_volatility_limit_seed_aggregated,min_effective_assets_seed_aggregated,max_average_turnover_limit_seed_aggregated,drawdown_pass_seed_aggregated,volatility_pass_seed_aggregated,effective_assets_pass_seed_aggregated,turnover_pass_seed_aggregated,drawdown_multiplier_seed_aggregated,volatility_multiplier_seed_aggregated,effective_assets_multiplier_seed_aggregated,turnover_multiplier_seed_aggregated,profile_rank_seed_aggregated,profile_eligible_rank_seed_aggregated,rank_changed
zero_cash,aggressive,rolling_markowitz_long_only_52p,benchmark,,,,,0.9001860655429608,0.6599855630938487,0.9001860655429608,1.0,True,,0.2761936033774554,0.2245106918365903,1.1988242479757492,-0.2106307713462841,0.1038355667511928,1.9620233202532145,0.5909031263913668,-0.25,0.25,1.5,0.2,True,True,True,True,1.0,1.0,1.0,1.0,1,1.0,benchmark,,,,,0.8651860655429607,0.6343247629632093,0.8651860655429607,1.0,True,,0.2761936033774554,0.2245106918365903,1.1988242479757492,-0.2106307713462841,0.1038355667511928,1.9620233202532145,0.5909031263913668,-0.25,0.25,1.5,0.2,True,True,True,True,1.0,1.0,1.0,1.0,1,1.0,False
zero_cash,aggressive,BuyHold_GLD,benchmark,,,,,0.9074901111488644,0.7170109057841568,0.6049934074325762,0.6666666666666666,False,effective_assets,0.2257082377484229,0.1664043116160493,1.3081884451675567,-0.1734831770796148,0.0,1.0,1.0,-0.25,0.25,1.5,0.2,True,True,False,True,1.0,1.0,0.6666666666666666,1.0,2,,benchmark,,,,,0.8724901111488644,0.6893572912773549,0.5816600740992429,0.6666666666666666,False,effective_assets,0.2257082377484229,0.1664043116160493,1.3081884451675567,-0.1734831770796148,0.0,1.0,1.0,-0.25,0.25,1.5,0.2,True,True,False,True,1.0,1.0,0.6666666666666666,1.0,2,,False
zero_cash,aggressive,rolling_markowitz_min_variance_52p,benchmark,,,,,0.602541768543386,0.421688331204938,0.602541768543386,1.0,True,,0.081902279675345,0.1043954327541812,0.8064203650326056,-0.2308584938745816,0.0378109996137178,2.647942470859379,0.4779682729197295,-0.25,0.25,1.5,0.2,True,True,True,True,1.0,1.0,1.0,1.0,3,2.0,benchmark,,,,,0.567541768543386,0.3971936117303825,0.567541768543386,1.0,True,,0.081902279675345,0.1043954327541812,0.8064203650326056,-0.2308584938745816,0.0378109996137178,2.647942470859379,0.4779682729197295,-0.25,0.25,1.5,0.2,True,True,True,True,1.0,1.0,1.0,1.0,3,2.0,False
zero_cash,aggressive,Equal_Weight,benchmark,,,,,0.5652576816556425,0.3755323335057142,0.5623391408669436,0.9948367958836924,False,drawdown,0.0991563667059947,0.1302191770174849,0.7913205232039142,-0.2512975002879043,0.0,4.999999999999999,0.2,-0.25,0.25,1.5,0.2,False,True,True,True,0.9948367958836924,1.0,1.0,1.0,4,,benchmark,,,,,0.5302576816556425,0.35227987343440254,0.5275198530110143,0.9948367958836924,False,drawdown,0.0991563667059947,0.1302191770174849,0.7913205232039142,-0.2512975002879043,0.0,4.999999999999999,0.2,-0.25,0.25,1.5,0.2,False,True,True,True,0.9948367958836924,1.0,1.0,1.0,4,,False
zero_cash,aggressive,rolling_risk_parity_inverse_vol_12p,benchmark,,,,,0.5750337680629098,0.3623593244871615,0.5324556320178443,0.9259554161688685,False,drawdown,0.0870721448064411,0.1123861908810632,0.7993464897270386,-0.269991400919034,0.065611942559803,3.350499299521307,0.3811193362167304,-0.25,0.25,1.5,0.2,False,True,True,True,0.9259554161688685,1.0,1.0,1.0,5,,benchmark,,,,,0.5400337680629098,0.3403039651996994,0.500047192451934,0.9259554161688687,False,drawdown,0.0870721448064411,0.1123861908810632,0.7993464897270386,-0.269991400919034,0.065611942559803,3.350499299521307,0.3811193362167304,-0.25,0.25,1.5,0.2,False,True,True,True,0.9259554161688687,1.0,1.0,1.0,5,,False
zero_cash,aggressive,Equal_Weight_Risky,benchmark,,,,,0.5697632357178978,0.0,0.4660812914130318,0.8180262645865042,False,drawdown,0.1224723954714679,0.1627739712718562,0.7913205232039137,-0.3056136591486704,0.0,4.0,0.25,-0.25,0.25,1.5,0.2,False,True,True,True,0.8180262645865042,1.0,1.0,1.0,6,,benchmark,,,,,0.5347632357178977,0.0,0.4374503721525042,0.8180262645865043,False,drawdown,0.1224723954714679,0.1627739712718562,0.7913205232039137,-0.3056136591486704,0.0,4.0,0.25,-0.25,0.25,1.5,0.2,False,True,True,True,0.8180262645865043,1.0,1.0,1.0,6,,False
zero_cash,aggressive,60_40_SPY_TLT,benchmark,,,,,0.4291338837471878,0.2873988885795697,0.4291338837471878,1.0,True,,0.0365960183849269,0.1250640395691306,0.3496406498886238,-0.2482794217772905,0.0,1.9230769230769231,0.5999999999999998,-0.25,0.25,1.5,0.2,True,True,True,True,1.0,1.0,1.0,1.0,7,3.0,benchmark,,,,,0.3941338837471878,0.26395874208624154,0.3941338837471878,1.0,True,,0.0365960183849269,0.1250640395691306,0.3496406498886238,-0.2482794217772905,0.0,1.9230769230769231,0.5999999999999998,-0.25,0.25,1.5,0.2,True,True,True,True,1.0,1.0,1.0,1.0,7,3.0,False
zero_cash,aggressive,trend_spy_cash_12p,benchmark,,,,,0.6205999769023157,0.5001067779412814,0.4137333179348771,0.6666666666666666,False,effective_assets,0.0854594424902874,0.1074537825814774,0.8174290189188304,-0.1625884610537178,0.175438596491228,1.0,1.0,-0.25,0.25,1.5,0.2,True,True,False,True,1.0,1.0,0.6666666666666666,1.0,8,,benchmark,,,,,0.5855999769023156,0.47190223736860254,0.3903999846015437,0.6666666666666666,False,effective_assets,0.0854594424902874,0.1074537825814774,0.8174290189188304,-0.1625884610537178,0.175438596491228,1.0,1.0,-0.25,0.25,1.5,0.2,True,True,False,True,1.0,1.0,0.6666666666666666,1.0,8,,False
zero_cash,aggressive,BuyHold_SPY,benchmark,,,,,0.5938067192979866,0.4216141159237923,0.3958711461986577,0.6666666666666666,False,effective_assets,0.1209506174024004,0.1681668290824719,0.7634141117043921,-0.2247947201487099,0.0,1.0,1.0,-0.25,0.25,1.5,0.2,True,True,False,True,1.0,1.0,0.6666666666666666,1.0,9,,benchmark,,,,,0.5588067192979865,0.3967634472166779,0.37253781286532434,0.6666666666666666,False,effective_assets,0.1209506174024004,0.1681668290824719,0.7634141117043921,-0.2247947201487099,0.0,1.0,1.0,-0.25,0.25,1.5,0.2,True,True,False,True,1.0,1.0,0.6666666666666666,1.0,10,,True
zero_cash,aggressive,V3_real_macro_vintage_clean_no_dxy_cap_0p70,td3,,V3_real_macro_vintage_clean_no_dxy,,,0.5287499607752029,0.4150685554584873,0.3821297364595082,0.7227040469171212,False,turnover,0.0875388966454899,0.0976987712376244,0.9083162623487628,-0.1769549422972136,0.2767384531097496,1.9568992412966464,0.6571236875240694,-0.25,0.25,1.5,0.2,True,True,True,False,1.0,1.0,1.0,0.7227040469171212,10,,td3,,V3_real_macro_vintage_clean_no_dxy,,,0.5395905702200859,0.40881352664073667,0.3899642887763732,0.7227040469171212,False,turnover,0.08461653495374341,0.12439220287226549,0.7327139951044506,-0.19508257989693986,0.2767384531097496,1.9568992412966466,0.6571236875240694,-0.25,0.25,1.5,0.2,True,True,True,False,1.0,1.0,1.0,0.7227040469171212,9,,True
zero_cash,aggressive,V7_real_macro_vintage_clean_no_dxy_garch_cap_0p80,td3,,V7_real_macro_vintage_clean_no_dxy_garch,,,0.5204788152276412,0.4152468984336249,0.3376742227971422,0.6487761132976259,False,turnover,0.0897674824933962,0.0842972270558551,1.062484720081153,-0.16817981761958,0.3082727552705845,1.700697525644915,0.7292414311385291,-0.25,0.25,1.5,0.2,True,True,True,False,1.0,1.0,1.0,0.6487761132976259,11,,td3,,V7_real_macro_vintage_clean_no_dxy_garch,,,0.4693060776497923,0.3435010487627105,0.30447457300458614,0.648776113297626,False,turnover,0.08612999104700117,0.12734486503333614,0.6809663574928227,-0.21139754829846505,0.30827275527058445,1.7006975256449153,0.7292414311385291,-0.25,0.25,1.5,0.2,True,True,True,False,1.0,1.0,1.0,0.648776113297626,11,,False
zero_cash,aggressive,defensive_risk_off_12p,benchmark,,,,,0.549504604012012,0.4219843661697625,0.2983024993208065,0.5428571428571429,False,effective_assets;turnover,0.0858542307792935,0.1423163741026759,0.6507149699585638,-0.1883538534464882,0.2456140350877192,1.0,1.0,-0.25,0.25,1.5,0.2,True,True,False,False,1.0,1.0,0.6666666666666666,0.8142857142857144,12,,benchmark,,,,,0.5145046040120119,0.3951066062600042,0.2793024993208066,0.542857142857143,False,effective_assets;turnover,0.0858542307792935,0.1423163741026759,0.6507149699585638,-0.1883538534464882,0.2456140350877192,1.0,1.0,-0.25,0.25,1.5,0.2,True,True,False,False,1.0,1.0,0.6666666666666666,0.8142857142857146,12,,False
zero_cash,aggressive,V4_real_garch_current_cap_0p70,td3,,V4_real_garch_current,,,0.4434670184284059,0.3513987387107859,0.199213480473773,0.4492182556884654,False,turnover,0.0487949661169138,0.0759482106010633,0.6653900842299352,-0.1719182284274294,0.4452178812134046,2.004302828951787,0.650403030510398,-0.25,0.25,1.5,0.2,True,True,True,False,1.0,1.0,1.0,0.4492182556884654,13,,td3,,V4_real_garch_current,,,0.4516693616265811,0.3495872517001036,0.20289812277781547,0.4492182556884654,False,turnover,0.047059535641156405,0.10280411044803288,0.5180260605288036,-0.1843464354869825,0.4452178812134046,2.004302828951787,0.6504030305103979,-0.25,0.25,1.5,0.2,True,True,True,False,1.0,1.0,1.0,0.4492182556884654,13,,False
zero_cash,aggressive,V5_no_volatility_block_cap_0p50,td3,,V5_no_volatility_block,,,0.4159751097381454,0.2745346663978713,0.1953820792419109,0.4696965627700732,False,drawdown;turnover,0.0549574925134435,0.0989017257495595,0.5904504654848056,-0.253743266687027,0.4195252410779325,2.800666286309067,0.4934377478474876,-0.25,0.25,1.5,0.2,False,True,True,False,0.985247818647956,1.0,1.0,0.4767293607557866,14,,td3,,V5_no_volatility_block,,,0.4527595126574402,0.2821840788419499,0.19718981690606688,0.43552882135744664,False,drawdown;turnover,0.0525765436050555,0.1208053719342258,0.5059126924324209,-0.2736497203961881,0.41952524107793254,2.8006662863090668,0.4934377478474876,-0.25,0.25,1.5,0.2,False,True,True,False,0.913576668881853,1.0,1.0,0.47672936075578654,14,,False
zero_cash,aggressive,V8_ewma_garch_vol_current_cap_uncapped,td3,,V8_ewma_garch_vol_current,,,0.3759809978374099,0.2796394088966916,0.1238833105029202,0.3294935414701265,False,effective_assets;turnover,0.0557888303211597,0.1161059305367989,0.5254590591355164,-0.2039741304727703,0.530399548934085,1.3107241932933702,0.8773893414866458,-0.25,0.25,1.5,0.2,True,True,False,False,1.0,1.0,0.8738161288622468,0.3770742271593727,15,,td3,,V8_ewma_garch_vol_current,,,0.3601153750418297,0.21826686988536875,0.10497267952349584,0.29149735556640033,False,drawdown;effective_assets;turnover,0.048248478954693676,0.17401530089892564,0.33167020380509826,-0.2825870759872734,0.5303995489340851,1.31072419329337,0.8773893414866458,-0.25,0.25,1.5,0.2,False,True,False,False,0.8846830631817678,1.0,0.8738161288622467,0.37707422715937267,16,,True
zero_cash,aggressive,momentum_winner_12p,benchmark,,,,,0.715253378642922,0.0,0.1168774872691652,0.1634071096468239,False,drawdown;volatility;effective_assets;turnover,0.3004846187538317,0.3614291915419867,0.8971611533196885,-0.3093328814892037,0.4561403508771929,1.0,1.0,-0.25,0.25,1.5,0.2,False,False,False,False,0.8081908356991964,0.6916984179761746,0.6666666666666666,0.4384615384615385,16,,benchmark,,,,,0.680253378642922,0.0,0.1111582384315264,0.16340710964682395,False,drawdown;volatility;effective_assets;turnover,0.3004846187538317,0.3614291915419867,0.8971611533196885,-0.3093328814892037,0.4561403508771929,1.0,1.0,-0.25,0.25,1.5,0.2,False,False,False,False,0.8081908356991964,0.6916984179761746,0.6666666666666666,0.43846153846153857,15,,True
zero_cash,aggressive,BuyHold_TLT,benchmark,,,,,0.2042283060859396,0.0,0.0867893618550889,0.4249624526512393,False,drawdown;effective_assets,-0.090453722230371,0.1516641905461336,-0.5489279650114005,-0.3921915115720767,0.0,1.0,1.0,-0.25,0.25,1.5,0.2,False,True,False,True,0.637443678976859,1.0,0.6666666666666666,1.0,17,,benchmark,,,,,0.16922830608593967,0.0,0.07191567601229559,0.42496245265123944,False,drawdown;effective_assets,-0.090453722230371,0.1516641905461336,-0.5489279650114005,-0.3921915115720767,0.0,1.0,1.0,-0.25,0.25,1.5,0.2,False,True,False,True,0.6374436789768592,1.0,0.6666666666666666,1.0,17,,False
zero_cash,aggressive,risk_adjusted_momentum_winner_12p_12p,benchmark,,,,,0.3812400051875868,0.0,0.0582535078837831,0.1528000920446947,False,drawdown;volatility;effective_assets;turnover,0.1160294822516032,0.309098785780903,0.5018355888550975,-0.4905901606354652,0.3596491228070175,1.0,1.0,-0.25,0.25,1.5,0.2,False,False,False,False,0.5095903262229579,0.8088029183563543,0.6666666666666666,0.5560975609756098,18,,benchmark,,,,,0.3462400051875869,0.0,0.052905504662218876,0.15280009204469477,False,drawdown;volatility;effective_assets;turnover,0.1160294822516032,0.309098785780903,0.5018355888550975,-0.4905901606354652,0.3596491228070175,1.0,1.0,-0.25,0.25,1.5,0.2,False,False,False,False,0.5095903262229579,0.8088029183563545,0.6666666666666666,0.5560975609756098,18,,False
zero_cash,aggressive,BuyHold_BTC-USD,benchmark,,,,,0.2960728185554757,0.0,0.0373850006257167,0.1262696143743161,False,drawdown;volatility;effective_assets,0.1297733389675517,0.5131787191095913,0.4918542301179646,-0.6430152393197859,0.0,1.0,1.0,-0.25,0.25,1.5,0.2,False,False,False,True,0.3887932738024415,0.4871597178343078,0.6666666666666666,1.0,19,,benchmark,,,,,0.2610728185554757,0.0,0.03296556412261572,0.1262696143743161,False,drawdown;volatility;effective_assets,0.1297733389675517,0.5131787191095913,0.4918542301179646,-0.6430152393197859,0.0,1.0,1.0,-0.25,0.25,1.5,0.2,False,False,False,True,0.38879327380244155,0.4871597178343078,0.6666666666666666,1.0,19,,False
zero_cash,conservative,rolling_markowitz_min_variance_52p,benchmark,,,,,0.602541768543386,0.421688331204938,0.2206719291003469,0.3662350738502494,False,drawdown;volatility;effective_assets,0.081902279675345,0.1043954327541812,0.8064203650326056,-0.2308584938745816,0.0378109996137178,2.647942470859379,0.4779682729197295,-0.1,0.1,3.0,0.05,False,False,False,True,0.4331657818677745,0.9578963117617308,0.8826474902864597,1.0,1,,benchmark,,,,,0.567541768543386,0.3971936117303825,0.20785370151558835,0.3662350738502498,False,drawdown;volatility;effective_assets,0.081902279675345,0.1043954327541812,0.8064203650326056,-0.2308584938745816,0.0378109996137178,2.647942470859379,0.4779682729197295,-0.1,0.1,3.0,0.05,False,False,False,True,0.43316578186777466,0.9578963117617313,0.8826474902864597,1.0,1,,False
zero_cash,conservative,Equal_Weight,benchmark,,,,,0.5652576816556425,0.3755323335057142,0.1727361986910534,0.3055884144468559,False,drawdown;volatility,0.0991563667059947,0.1302191770174849,0.7913205232039142,-0.2512975002879043,0.0,4.999999999999999,0.2,-0.1,0.1,3.0,0.05,False,False,True,True,0.397934718353477,0.7679360466743901,1.0,1.0,2,,benchmark,,,,,0.5302576816556425,0.35227987343440254,0.16204060418541358,0.30558841444685614,False,drawdown;volatility,0.0991563667059947,0.1302191770174849,0.7913205232039142,-0.2512975002879043,0.0,4.999999999999999,0.2,-0.1,0.1,3.0,0.05,False,False,True,True,0.397934718353477,0.7679360466743905,1.0,1.0,2,,False
zero_cash,conservative,rolling_risk_parity_inverse_vol_12p,benchmark,,,,,0.5750337680629098,0.3623593244871615,0.1444167518715427,0.2511448194738769,False,drawdown;volatility;turnover,0.0870721448064411,0.1123861908810632,0.7993464897270386,-0.269991400919034,0.065611942559803,3.350499299521307,0.3811193362167304,-0.1,0.1,3.0,0.05,False,False,True,False,0.3703821664675474,0.8897890320513542,1.0,0.7620563886586148,3,,benchmark,,,,,0.5400337680629098,0.3403039651996994,0.13562668318995727,0.2511448194738774,False,drawdown;volatility;turnover,0.0870721448064411,0.1123861908810632,0.7993464897270386,-0.269991400919034,0.065611942559803,3.350499299521307,0.3811193362167304,-0.1,0.1,3.0,0.05,False,False,True,False,0.37038216646754746,0.8897890320513546,1.0,0.7620563886586157,3,,False
zero_cash,conservative,Equal_Weight_Risky,benchmark,,,,,0.5697632357178978,0.0,0.1145345997941177,0.2010213938247611,False,drawdown;volatility,0.1224723954714679,0.1627739712718562,0.7913205232039137,-0.3056136591486704,0.0,4.0,0.25,-0.1,0.1,3.0,0.05,False,False,True,True,0.3272105058346017,0.614348837339512,1.0,1.0,4,,benchmark,,,,,0.5347632357178977,0.0,0.10749885101025115,0.20102139382476125,False,drawdown;volatility,0.1224723954714679,0.1627739712718562,0.7913205232039137,-0.3056136591486704,0.0,4.0,0.25,-0.1,0.1,3.0,0.05,False,False,True,True,0.32721050583460176,0.6143488373395122,1.0,1.0,4,,False
zero_cash,conservative,BuyHold_GLD,benchmark,,,,,0.9074901111488644,0.7170109057841568,0.1047849003386085,0.11546671313691,False,drawdown;volatility;effective_assets,0.2257082377484229,0.1664043116160493,1.3081884451675567,-0.1734831770796148,0.0,1.0,1.0,-0.1,0.1,3.0,0.05,False,False,False,True,0.5764247674234607,0.6009459672579496,0.3333333333333333,1.0,5,,benchmark,,,,,0.8724901111488644,0.6893572912773549,0.10074356537881671,0.11546671313691007,False,drawdown;volatility;effective_assets,0.2257082377484229,0.1664043116160493,1.3081884451675567,-0.1734831770796148,0.0,1.0,1.0,-0.1,0.1,3.0,0.05,False,False,False,True,0.5764247674234607,0.6009459672579496,0.3333333333333333,1.0,5,,False
zero_cash,conservative,60_40_SPY_TLT,benchmark,,,,,0.4291338837471878,0.2873988885795697,0.0885921070994692,0.2064439804330641,False,drawdown;volatility;effective_assets,0.0365960183849269,0.1250640395691306,0.3496406498886238,-0.2482794217772905,0.0,1.9230769230769231,0.5999999999999998,-0.1,0.1,3.0,0.05,False,False,False,True,0.4027720029479573,0.7995903566246457,0.6410256410256411,1.0,6,,benchmark,,,,,0.3941338837471878,0.26395874208624154,0.08136656778431209,0.20644398043306433,False,drawdown;volatility;effective_assets,0.0365960183849269,0.1250640395691306,0.3496406498886238,-0.2482794217772905,0.0,1.9230769230769231,0.5999999999999998,-0.1,0.1,3.0,0.05,False,False,False,True,0.4027720029479574,0.7995903566246463,0.6410256410256411,1.0,6,,False
zero_cash,conservative,rolling_markowitz_long_only_52p,benchmark,,,,,0.9001860655429608,0.6599855630938487,0.0599487616757647,0.0665959671788584,False,drawdown;volatility;effective_assets;turnover,0.2761936033774554,0.2245106918365903,1.1988242479757492,-0.2106307713462841,0.1038355667511928,1.9620233202532145,0.5909031263913668,-0.1,0.1,3.0,0.05,False,False,False,False,0.4747644390267963,0.4454130855949828,0.6540077734177382,0.4815305734287388,7,,benchmark,,,,,0.8651860655429607,0.6343247629632093,0.05761790282450472,0.06659596717885849,False,drawdown;volatility;effective_assets;turnover,0.2761936033774554,0.2245106918365903,1.1988242479757492,-0.2106307713462841,0.1038355667511928,1.9620233202532145,0.5909031263913668,-0.1,0.1,3.0,0.05,False,False,False,False,0.47476443902679644,0.4454130855949828,0.6540077734177382,0.48153057342873923,7,,False
zero_cash,conservative,BuyHold_SPY,benchmark,,,,,0.5938067192979866,0.4216141159237923,0.0523597315249482,0.0881763877425457,False,drawdown;volatility;effective_assets,0.1209506174024004,0.1681668290824719,0.7634141117043921,-0.2247947201487099,0.0,1.0,1.0,-0.1,0.1,3.0,0.05,False,False,False,True,0.4448503057983138,0.5946475921892911,0.3333333333333333,1.0,8,,benchmark,,,,,0.5588067192979865,0.3967634472166779,0.04927355795395919,0.08817638774254577,False,drawdown;volatility;effective_assets,0.1209506174024004,0.1681668290824719,0.7634141117043921,-0.2247947201487099,0.0,1.0,1.0,-0.1,0.1,3.0,0.05,False,False,False,True,0.4448503057983139,0.5946475921892913,0.3333333333333333,1.0,8,,False
zero_cash,conservative,V3_real_macro_vintage_clean_no_dxy_cap_0p70,td3,,V3_real_macro_vintage_clean_no_dxy,,,0.5287499607752029,0.4150685554584873,0.0352156214479781,0.0666016530693418,False,drawdown;effective_assets;turnover,0.0875388966454899,0.0976987712376244,0.9083162623487628,-0.1769549422972136,0.2767384531097496,1.9568992412966464,0.6571236875240694,-0.1,0.1,3.0,0.05,False,True,False,False,0.56511560910257,1.0,0.6522997470988822,0.1806760117292803,9,,td3,,V3_real_macro_vintage_clean_no_dxy,,,0.5395905702200859,0.40881352664073667,0.026205980147480594,0.048566416082460095,False,drawdown;volatility;effective_assets;turnover,0.08461653495374341,0.12439220287226549,0.7327139951044506,-0.19508257989693986,0.2767384531097496,1.9568992412966466,0.6571236875240694,-0.1,0.1,3.0,0.05,False,False,False,False,0.5126034321097711,0.8039089082029275,0.6522997470988822,0.1806760117292803,10,,True
zero_cash,conservative,trend_spy_cash_12p,benchmark,,,,,0.6205999769023157,0.5001067779412814,0.0337461266355184,0.0543766160030492,False,drawdown;volatility;effective_assets;turnover,0.0854594424902874,0.1074537825814774,0.8174290189188304,-0.1625884610537178,0.175438596491228,1.0,1.0,-0.1,0.1,3.0,0.05,False,False,False,False,0.6150497972113831,0.9306326645520776,0.3333333333333333,0.285,10,,benchmark,,,,,0.5855999769023156,0.47190223736860254,0.031842945075411744,0.054376616003049286,False,drawdown;volatility;effective_assets;turnover,0.0854594424902874,0.1074537825814774,0.8174290189188304,-0.1625884610537178,0.175438596491228,1.0,1.0,-0.1,0.1,3.0,0.05,False,False,False,False,0.6150497972113832,0.9306326645520782,0.3333333333333333,0.28500000000000014,9,,True
zero_cash,conservative,V7_real_macro_vintage_clean_no_dxy_garch_cap_0p80,td3,,V7_real_macro_vintage_clean_no_dxy_garch,,,0.5204788152276412,0.4152468984336249,0.0284557387896658,0.054672232485044,False,drawdown;effective_assets;turnover,0.0897674824933962,0.0842972270558551,1.062484720081153,-0.16817981761958,0.3082727552705845,1.700697525644915,0.7292414311385291,-0.1,0.1,3.0,0.05,False,True,False,False,0.5946016675211194,1.0,0.5668991752149717,0.1621940283244064,11,,td3,,V7_real_macro_vintage_clean_no_dxy_garch,,,0.4693060776497923,0.3435010487627105,0.016029334070057924,0.03415539417330837,False,drawdown;volatility;effective_assets;turnover,0.08612999104700117,0.12734486503333614,0.6809663574928227,-0.21139754829846505,0.30827275527058445,1.7006975256449153,0.7292414311385291,-0.1,0.1,3.0,0.05,False,False,False,False,0.4730423829646945,0.7852691977318611,0.5668991752149718,0.1621940283244065,12,,True
zero_cash,conservative,V4_real_garch_current_cap_0p70,td3,,V4_real_garch_current,,,0.4434670184284059,0.3513987387107859,0.0193543633181138,0.0436432981796558,False,drawdown;effective_assets;turnover,0.0487949661169138,0.0759482106010633,0.6653900842299352,-0.1719182284274294,0.4452178812134046,2.004302828951787,0.650403030510398,-0.1,0.1,3.0,0.05,False,True,False,False,0.5816718850276674,1.0,0.668100942983929,0.1123045639221163,12,,td3,,V4_real_garch_current,,,0.4516693616265811,0.3495872517001036,0.017881950908969883,0.03959079899635485,False,drawdown;volatility;effective_assets;turnover,0.047059535641156405,0.10280411044803288,0.5180260605288036,-0.1843464354869825,0.4452178812134046,2.004302828951787,0.6504030305103979,-0.1,0.1,3.0,0.05,False,False,False,False,0.5424569221305146,0.9727237516494991,0.668100942983929,0.11230456392211635,11,,True
zero_cash,conservative,V5_no_volatility_block_cap_0p50,td3,,V5_no_volatility_block,,,0.4159751097381454,0.2745346663978713,0.0182400000760595,0.0438487776048465,False,drawdown;effective_assets;turnover,0.0549574925134435,0.0989017257495595,0.5904504654848056,-0.253743266687027,0.4195252410779325,2.800666286309067,0.4934377478474876,-0.1,0.1,3.0,0.05,False,True,False,False,0.3940991274591824,1.0,0.9335554287696892,0.1191823401889466,13,,td3,,V5_no_volatility_block,,,0.4527595126574402,0.2821840788419499,0.015238364082930752,0.03365664035083491,False,drawdown;volatility;effective_assets;turnover,0.0525765436050555,0.1208053719342258,0.5059126924324209,-0.2736497203961881,0.41952524107793254,2.8006662863090668,0.4934377478474876,-0.1,0.1,3.0,0.05,False,False,False,False,0.36543066755274123,0.8277777585457575,0.9335554287696889,0.11918234018894663,13,,False
zero_cash,conservative,defensive_risk_off_12p,benchmark,,,,,0.549504604012012,0.4219843661697625,0.0139103329473512,0.0253143155594873,False,drawdown;volatility;effective_assets;turnover,0.0858542307792935,0.1423163741026759,0.6507149699585638,-0.1883538534464882,0.2456140350877192,1.0,1.0,-0.1,0.1,3.0,0.05,False,False,False,False,0.5309156046993763,0.7026598353879767,0.3333333333333333,0.2035714285714286,14,,benchmark,,,,,0.5145046040120119,0.3951066062600042,0.013024331902769177,0.0253143155594874,False,drawdown;volatility;effective_assets;turnover,0.0858542307792935,0.1423163741026759,0.6507149699585638,-0.1883538534464882,0.2456140350877192,1.0,1.0,-0.1,0.1,3.0,0.05,False,False,False,False,0.5309156046993764,0.702659835387977,0.3333333333333333,0.20357142857142865,14,,False
zero_cash,conservative,BuyHold_TLT,benchmark,,,,,0.2042283060859396,0.0,0.0114449378647083,0.0560399196568386,False,drawdown;volatility;effective_assets,-0.090453722230371,0.1516641905461336,-0.5489279650114005,-0.3921915115720767,0.0,1.0,1.0,-0.1,0.1,3.0,0.05,False,False,False,True,0.2549774715907436,0.6593514239577981,0.3333333333333333,1.0,15,,benchmark,,,,,0.16922830608593967,0.0,0.009483540676718952,0.05603991965683862,False,drawdown;volatility;effective_assets,-0.090453722230371,0.1516641905461336,-0.5489279650114005,-0.3921915115720767,0.0,1.0,1.0,-0.1,0.1,3.0,0.05,False,False,False,True,0.2549774715907437,0.6593514239577981,0.3333333333333333,1.0,15,,False
zero_cash,conservative,V8_ewma_garch_vol_current_cap_uncapped,td3,,V8_ewma_garch_vol_current,,,0.3759809978374099,0.2796394088966916,0.0065387287473403,0.0173911149365266,False,drawdown;volatility;effective_assets;turnover,0.0557888303211597,0.1161059305367989,0.5254590591355164,-0.2039741304727703,0.530399548934085,1.3107241932933702,0.8773893414866458,-0.1,0.1,3.0,0.05,False,False,False,False,0.4902582487701771,0.8612824473105251,0.4369080644311234,0.0942685567898431,16,,td3,,V8_ewma_garch_vol_current,,,0.3601153750418297,0.21826686988536875,0.003016191075762578,0.008375624271560824,False,drawdown;volatility;effective_assets;turnover,0.048248478954693676,0.17401530089892564,0.33167020380509826,-0.2825870759872734,0.5303995489340851,1.31072419329337,0.8773893414866458,-0.1,0.1,3.0,0.05,False,False,False,False,0.35387322527270715,0.5746621100755019,0.43690806443112334,0.09426855678984317,16,,False
zero_cash,conservative,BuyHold_BTC-USD,benchmark,,,,,0.2960728185554757,0.0,0.0029908000500573,0.0101015691499452,False,drawdown;volatility;effective_assets,0.1297733389675517,0.5131787191095913,0.4918542301179646,-0.6430152393197859,0.0,1.0,1.0,-0.1,0.1,3.0,0.05,False,False,False,True,0.1555173095209766,0.1948638871337231,0.3333333333333333,1.0,17,,benchmark,,,,,0.2610728185554757,0.0,0.0026372451298092583,0.010101569149945292,False,drawdown;volatility;effective_assets,0.1297733389675517,0.5131787191095913,0.4918542301179646,-0.6430152393197859,0.0,1.0,1.0,-0.1,0.1,3.0,0.05,False,False,False,True,0.15551730952097664,0.19486388713372313,0.3333333333333333,1.0,17,,False
zero_cash,conservative,momentum_winner_12p,benchmark,,,,,0.715253378642922,0.0,0.0023375497453833,0.0032681421929364,False,drawdown;volatility;effective_assets;turnover,0.3004846187538317,0.3614291915419867,0.8971611533196885,-0.3093328814892037,0.4561403508771929,1.0,1.0,-0.1,0.1,3.0,0.05,False,False,False,False,0.3232763342796785,0.2766793671904698,0.3333333333333333,0.1096153846153846,18,,benchmark,,,,,0.680253378642922,0.0,0.0022231647686305283,0.003268142192936479,False,drawdown;volatility;effective_assets;turnover,0.3004846187538317,0.3614291915419867,0.8971611533196885,-0.3093328814892037,0.4561403508771929,1.0,1.0,-0.1,0.1,3.0,0.05,False,False,False,False,0.32327633427967856,0.27667936719046987,0.3333333333333333,0.10961538461538464,18,,False
zero_cash,conservative,risk_adjusted_momentum_winner_12p_12p,benchmark,,,,,0.3812400051875868,0.0,0.0011650701576756,0.0030560018408938,False,drawdown;volatility;effective_assets;turnover,0.1160294822516032,0.309098785780903,0.5018355888550975,-0.4905901606354652,0.3596491228070175,1.0,1.0,-0.1,0.1,3.0,0.05,False,False,False,False,0.2038361304891831,0.3235211673425417,0.3333333333333333,0.1390243902439024,19,,benchmark,,,,,0.3462400051875869,0.0,0.0010581100932443774,0.0030560018408938953,False,drawdown;volatility;effective_assets;turnover,0.1160294822516032,0.309098785780903,0.5018355888550975,-0.4905901606354652,0.3596491228070175,1.0,1.0,-0.1,0.1,3.0,0.05,False,False,False,False,0.20383613048918314,0.3235211673425418,0.3333333333333333,0.13902439024390245,19,,False
zero_cash,moderate,rolling_markowitz_min_variance_52p,benchmark,,,,,0.602541768543386,0.421688331204938,0.3915007144186311,0.6497486728016617,False,drawdown,0.081902279675345,0.1043954327541812,0.8064203650326056,-0.2308584938745816,0.0378109996137178,2.647942470859379,0.4779682729197295,-0.15,0.15,2.3,0.1,False,True,True,True,0.6497486728016617,1.0,1.0,1.0,1,,benchmark,,,,,0.567541768543386,0.3971936117303825,0.36875951087057307,0.6497486728016619,False,drawdown,0.081902279675345,0.1043954327541812,0.8064203650326056,-0.2308584938745816,0.0378109996137178,2.647942470859379,0.4779682729197295,-0.15,0.15,2.3,0.1,False,True,True,True,0.6497486728016619,1.0,1.0,1.0,1,,False
zero_cash,moderate,rolling_markowitz_long_only_52p,benchmark,,,,,0.9001860655429608,0.6599855630938487,0.3518731663577493,0.3908893725715602,False,drawdown;volatility;effective_assets;turnover,0.2761936033774554,0.2245106918365903,1.1988242479757492,-0.2106307713462841,0.1038355667511928,1.9620233202532145,0.5909031263913668,-0.15,0.15,2.3,0.1,False,False,False,False,0.7121466585401944,0.6681196283924742,0.8530536175013976,0.9630611468574776,2,,benchmark,,,,,0.8651860655429607,0.6343247629632093,0.3381920383177451,0.39088937257156064,False,drawdown;volatility;effective_assets;turnover,0.2761936033774554,0.2245106918365903,1.1988242479757492,-0.2106307713462841,0.1038355667511928,1.9620233202532145,0.5909031263913668,-0.15,0.15,2.3,0.1,False,False,False,False,0.7121466585401947,0.6681196283924742,0.8530536175013976,0.9630611468574785,2,,False
zero_cash,moderate,Equal_Weight,benchmark,,,,,0.5652576816556425,0.3755323335057142,0.3374034845201661,0.5969020775302154,False,drawdown,0.0991563667059947,0.1302191770174849,0.7913205232039142,-0.2512975002879043,0.0,4.999999999999999,0.2,-0.15,0.15,2.3,0.1,False,True,True,True,0.5969020775302154,1.0,1.0,1.0,3,,benchmark,,,,,0.5302576816556425,0.35227987343440254,0.3165119118066086,0.5969020775302154,False,drawdown,0.0991563667059947,0.1302191770174849,0.7913205232039142,-0.2512975002879043,0.0,4.999999999999999,0.2,-0.15,0.15,2.3,0.1,False,True,True,True,0.5969020775302154,1.0,1.0,1.0,3,,False
zero_cash,moderate,rolling_risk_parity_inverse_vol_12p,benchmark,,,,,0.5750337680629098,0.3623593244871615,0.3194733792107065,0.555573249701321,False,drawdown,0.0870721448064411,0.1123861908810632,0.7993464897270386,-0.269991400919034,0.065611942559803,3.350499299521307,0.3811193362167304,-0.15,0.15,2.3,0.1,False,True,True,True,0.555573249701321,1.0,1.0,1.0,4,,benchmark,,,,,0.5400337680629098,0.3403039651996994,0.3000283154711603,0.5555732497013212,False,drawdown,0.0870721448064411,0.1123861908810632,0.7993464897270386,-0.269991400919034,0.065611942559803,3.350499299521307,0.3811193362167304,-0.15,0.15,2.3,0.1,False,True,True,True,0.5555732497013212,1.0,1.0,1.0,4,,False
zero_cash,moderate,BuyHold_GLD,benchmark,,,,,0.9074901111488644,0.7170109057841568,0.3075209031676555,0.3388697015974534,False,drawdown;volatility;effective_assets,0.2257082377484229,0.1664043116160493,1.3081884451675567,-0.1734831770796148,0.0,1.0,1.0,-0.15,0.15,2.3,0.1,False,False,False,True,0.8646371511351909,0.9014189508869244,0.4347826086956522,1.0,5,,benchmark,,,,,0.8724901111488644,0.6893572912773549,0.2956604636117447,0.33886970159745344,False,drawdown;volatility;effective_assets,0.2257082377484229,0.1664043116160493,1.3081884451675567,-0.1734831770796148,0.0,1.0,1.0,-0.15,0.15,2.3,0.1,False,False,False,True,0.8646371511351909,0.9014189508869244,0.4347826086956522,1.0,5,,False
zero_cash,moderate,Equal_Weight_Risky,benchmark,,,,,0.5697632357178978,0.0,0.2577028495367648,0.4522981361057125,False,drawdown;volatility,0.1224723954714679,0.1627739712718562,0.7913205232039137,-0.3056136591486704,0.0,4.0,0.25,-0.15,0.15,2.3,0.1,False,False,True,True,0.4908157587519025,0.921523256009268,1.0,1.0,6,,benchmark,,,,,0.5347632357178977,0.0,0.24187241477306504,0.4522981361057127,False,drawdown;volatility,0.1224723954714679,0.1627739712718562,0.7913205232039137,-0.3056136591486704,0.0,4.0,0.25,-0.15,0.15,2.3,0.1,False,False,True,True,0.4908157587519026,0.9215232560092681,1.0,1.0,6,,False
zero_cash,moderate,60_40_SPY_TLT,benchmark,,,,,0.4291338837471878,0.2873988885795697,0.216776480630883,0.5051488331287091,False,drawdown;effective_assets,0.0365960183849269,0.1250640395691306,0.3496406498886238,-0.2482794217772905,0.0,1.9230769230769231,0.5999999999999998,-0.15,0.15,2.3,0.1,False,True,False,True,0.6041580044219359,1.0,0.8361204013377929,1.0,7,,benchmark,,,,,0.3941338837471878,0.26395874208624154,0.19909627147137818,0.5051488331287091,False,drawdown;effective_assets,0.0365960183849269,0.1250640395691306,0.3496406498886238,-0.2482794217772905,0.0,1.9230769230769231,0.5999999999999998,-0.15,0.15,2.3,0.1,False,True,False,True,0.604158004421936,1.0,0.8361204013377928,1.0,7,,False
zero_cash,moderate,BuyHold_SPY,benchmark,,,,,0.5938067192979866,0.4216141159237923,0.1536644294753916,0.2587785292444276,False,drawdown;volatility;effective_assets,0.1209506174024004,0.1681668290824719,0.7634141117043921,-0.2247947201487099,0.0,1.0,1.0,-0.15,0.15,2.3,0.1,False,False,False,True,0.6672754586974707,0.8919713882839365,0.4347826086956522,1.0,8,,benchmark,,,,,0.5588067192979865,0.3967634472166779,0.14460718095183675,0.2587785292444278,False,drawdown;volatility;effective_assets,0.1209506174024004,0.1681668290824719,0.7634141117043921,-0.2247947201487099,0.0,1.0,1.0,-0.15,0.15,2.3,0.1,False,False,False,True,0.6672754586974708,0.8919713882839369,0.4347826086956522,1.0,8,,False
zero_cash,moderate,trend_spy_cash_12p,benchmark,,,,,0.6205999769023157,0.5001067779412814,0.1418927851745219,0.2286380767894489,False,drawdown;effective_assets;turnover,0.0854594424902874,0.1074537825814774,0.8174290189188304,-0.1625884610537178,0.175438596491228,1.0,1.0,-0.15,0.15,2.3,0.1,False,True,False,False,0.9225746958170744,1.0,0.4347826086956522,0.5700000000000001,9,,benchmark,,,,,0.5855999769023156,0.47190223736860254,0.13389045248689124,0.2286380767894491,False,drawdown;effective_assets;turnover,0.0854594424902874,0.1074537825814774,0.8174290189188304,-0.1625884610537178,0.175438596491228,1.0,1.0,-0.15,0.15,2.3,0.1,False,True,False,False,0.9225746958170747,1.0,0.4347826086956522,0.5700000000000003,9,,False
zero_cash,moderate,V3_real_macro_vintage_clean_no_dxy_cap_0p70,td3,,V3_real_macro_vintage_clean_no_dxy,,,0.5287499607752029,0.4150685554584873,0.1378002578399144,0.2606151641843809,False,drawdown;effective_assets;turnover,0.0875388966454899,0.0976987712376244,0.9083162623487628,-0.1769549422972136,0.2767384531097496,1.9568992412966464,0.6571236875240694,-0.15,0.15,2.3,0.1,False,True,False,False,0.8476734136538548,1.0,0.8508257570854985,0.3613520234585606,10,,td3,,V3_real_macro_vintage_clean_no_dxy,,,0.5395905702200859,0.40881352664073667,0.1275581582206422,0.23639804929988734,False,drawdown;effective_assets;turnover,0.08461653495374341,0.12439220287226549,0.7327139951044506,-0.19508257989693986,0.2767384531097496,1.9568992412966466,0.6571236875240694,-0.15,0.15,2.3,0.1,False,True,False,False,0.7689051481646566,1.0,0.8508257570854986,0.3613520234585606,10,,False
zero_cash,moderate,V7_real_macro_vintage_clean_no_dxy_garch_cap_0p80,td3,,V7_real_macro_vintage_clean_no_dxy_garch,,,0.5204788152276412,0.4152468984336249,0.1113485430899968,0.2139348227675635,False,drawdown;effective_assets;turnover,0.0897674824933962,0.0842972270558551,1.062484720081153,-0.16817981761958,0.3082727552705845,1.700697525644915,0.7292414311385291,-0.15,0.15,2.3,0.1,False,True,False,False,0.891902501281679,1.0,0.739433706802137,0.3243880566488129,11,,td3,,V7_real_macro_vintage_clean_no_dxy_garch,,,0.4693060776497923,0.3435010487627105,0.07987513240666108,0.1701983763062746,False,drawdown;effective_assets;turnover,0.08612999104700117,0.12734486503333614,0.6809663574928227,-0.21139754829846505,0.30827275527058445,1.7006975256449153,0.7292414311385291,-0.15,0.15,2.3,0.1,False,True,False,False,0.7095635744470417,1.0,0.7394337068021372,0.324388056648813,11,,False
zero_cash,moderate,defensive_risk_off_12p,benchmark,,,,,0.549504604012012,0.4219843661697625,0.0774652753419658,0.1409729323037163,False,drawdown;effective_assets;turnover,0.0858542307792935,0.1423163741026759,0.6507149699585638,-0.1883538534464882,0.2456140350877192,1.0,1.0,-0.15,0.15,2.3,0.1,False,True,False,False,0.7963734070490643,1.0,0.4347826086956522,0.4071428571428572,12,,benchmark,,,,,0.5145046040120119,0.3951066062600042,0.0725312227113358,0.14097293230371646,False,drawdown;effective_assets;turnover,0.0858542307792935,0.1423163741026759,0.6507149699585638,-0.1883538534464882,0.2456140350877192,1.0,1.0,-0.15,0.15,2.3,0.1,False,True,False,False,0.7963734070490646,1.0,0.4347826086956522,0.4071428571428573,12,,False
zero_cash,moderate,V4_real_garch_current_cap_0p70,td3,,V4_real_garch_current,,,0.4434670184284059,0.3513987387107859,0.0757344651578367,0.1707781233116967,False,drawdown;effective_assets;turnover,0.0487949661169138,0.0759482106010633,0.6653900842299352,-0.1719182284274294,0.4452178812134046,2.004302828951787,0.650403030510398,-0.15,0.15,2.3,0.1,False,True,False,False,0.8725078275415011,1.0,0.8714360125877335,0.2246091278442327,13,,td3,,V4_real_garch_current,,,0.4516693616265811,0.3495872517001036,0.07193496741934076,0.1592646602379313,False,drawdown;effective_assets;turnover,0.047059535641156405,0.10280411044803288,0.5180260605288036,-0.1843464354869825,0.4452178812134046,2.004302828951787,0.6504030305103979,-0.15,0.15,2.3,0.1,False,True,False,False,0.8136853831957718,1.0,0.8714360125877335,0.2246091278442327,13,,False
zero_cash,moderate,V5_no_volatility_block_cap_0p50,td3,,V5_no_volatility_block,,,0.4159751097381454,0.2745346663978713,0.0586146237725732,0.1409089688310219,False,drawdown;turnover,0.0549574925134435,0.0989017257495595,0.5904504654848056,-0.253743266687027,0.4195252410779325,2.800666286309067,0.4934377478474876,-0.15,0.15,2.3,0.1,False,True,True,False,0.5911486911887737,1.0,1.0,0.2383646803778933,14,,td3,,V5_no_volatility_block,,,0.4527595126574402,0.2821840788419499,0.05915694507182006,0.13065864640723399,False,drawdown;turnover,0.0525765436050555,0.1208053719342258,0.5059126924324209,-0.2736497203961881,0.41952524107793254,2.8006662863090668,0.4934377478474876,-0.15,0.15,2.3,0.1,False,True,True,False,0.5481460013291117,1.0,1.0,0.23836468037789327,14,,False
zero_cash,moderate,BuyHold_TLT,benchmark,,,,,0.2042283060859396,0.0,0.0335884046029482,0.1644649816015915,False,drawdown;volatility;effective_assets,-0.090453722230371,0.1516641905461336,-0.5489279650114005,-0.3921915115720767,0.0,1.0,1.0,-0.15,0.15,2.3,0.1,False,False,False,True,0.3824662073861154,0.9890271359366972,0.4347826086956522,1.0,15,,benchmark,,,,,0.16922830608593967,0.0,0.02783213024689258,0.1644649816015916,False,drawdown;volatility;effective_assets,-0.090453722230371,0.1516641905461336,-0.5489279650114005,-0.3921915115720767,0.0,1.0,1.0,-0.15,0.15,2.3,0.1,False,False,False,True,0.3824662073861155,0.9890271359366971,0.4347826086956522,1.0,15,,False
zero_cash,moderate,V8_ewma_garch_vol_current_cap_uncapped,td3,,V8_ewma_garch_vol_current,,,0.3759809978374099,0.2796394088966916,0.0297072463984306,0.0790126271521767,False,drawdown;effective_assets;turnover,0.0557888303211597,0.1161059305367989,0.5254590591355164,-0.2039741304727703,0.530399548934085,1.3107241932933702,0.8773893414866458,-0.15,0.15,2.3,0.1,False,True,False,False,0.7353873731552656,1.0,0.5698800840405958,0.1885371135796863,16,,td3,,V8_ewma_garch_vol_current,,,0.3601153750418297,0.21826686988536875,0.017703730227302088,0.04916127289829179,False,drawdown;volatility;effective_assets;turnover,0.048248478954693676,0.17401530089892564,0.33167020380509826,-0.2825870759872734,0.5303995489340851,1.31072419329337,0.8773893414866458,-0.15,0.15,2.3,0.1,False,False,False,False,0.5308098379090607,0.8619931651132529,0.5698800840405956,0.18853711357968633,16,,False
zero_cash,moderate,momentum_winner_12p,benchmark,,,,,0.715253378642922,0.0,0.0137204006794237,0.0191825737411488,False,drawdown;volatility;effective_assets;turnover,0.3004846187538317,0.3614291915419867,0.8971611533196885,-0.3093328814892037,0.4561403508771929,1.0,1.0,-0.15,0.15,2.3,0.1,False,False,False,False,0.4849145014195178,0.4150190507857047,0.4347826086956522,0.2192307692307692,17,,benchmark,,,,,0.680253378642922,0.0,0.013049010598483537,0.0191825737411489,False,drawdown;volatility;effective_assets;turnover,0.3004846187538317,0.3614291915419867,0.8971611533196885,-0.3093328814892037,0.4561403508771929,1.0,1.0,-0.15,0.15,2.3,0.1,False,False,False,False,0.4849145014195178,0.4150190507857047,0.4347826086956522,0.21923076923076928,17,,False
zero_cash,moderate,BuyHold_BTC-USD,benchmark,,,,,0.2960728185554757,0.0,0.0087773479729943,0.0296459094617959,False,drawdown;volatility;effective_assets,0.1297733389675517,0.5131787191095913,0.4918542301179646,-0.6430152393197859,0.0,1.0,1.0,-0.15,0.15,2.3,0.1,False,False,False,True,0.2332759642814649,0.2922958307005846,0.4347826086956522,1.0,18,,benchmark,,,,,0.2610728185554757,0.0,0.007739741141831517,0.029645909461795957,False,drawdown;volatility;effective_assets,0.1297733389675517,0.5131787191095913,0.4918542301179646,-0.6430152393197859,0.0,1.0,1.0,-0.15,0.15,2.3,0.1,False,False,False,True,0.23327596428146494,0.2922958307005846,0.4347826086956522,1.0,18,,False
zero_cash,moderate,risk_adjusted_momentum_winner_12p_12p,benchmark,,,,,0.3812400051875868,0.0,0.0068384552733136,0.0179374021095945,False,drawdown;volatility;effective_assets;turnover,0.1160294822516032,0.309098785780903,0.5018355888550975,-0.4905901606354652,0.3596491228070175,1.0,1.0,-0.15,0.15,2.3,0.1,False,False,False,False,0.3057541957337746,0.4852817510138126,0.4347826086956522,0.2780487804878049,19,,benchmark,,,,,0.3462400051875869,0.0,0.0062106461994778685,0.017937402109594606,False,drawdown;volatility;effective_assets;turnover,0.1160294822516032,0.309098785780903,0.5018355888550975,-0.4905901606354652,0.3596491228070175,1.0,1.0,-0.15,0.15,2.3,0.1,False,False,False,False,0.3057541957337747,0.4852817510138127,0.4347826086956522,0.2780487804878049,19,,False
bil_cash,aggressive,rolling_markowitz_long_only_52p,benchmark,,,,,0.8813828766839864,0.646199735596402,0.8813828766839864,1.0,True,,0.2816893030703187,0.2241712232198908,1.2195652401357844,-0.2106307529911757,0.103835527210852,1.9620232159854076,0.5909031333470443,-0.25,0.25,1.5,0.2,True,True,True,True,1.0,1.0,1.0,1.0,1,1.0,benchmark,,,,,0.8463828766839864,0.6205389344347483,0.8463828766839864,1.0,True,,0.2816893030703187,0.2241712232198908,1.2195652401357844,-0.2106307529911757,0.103835527210852,1.9620232159854076,0.5909031333470443,-0.25,0.25,1.5,0.2,True,True,True,True,1.0,1.0,1.0,1.0,1,1.0,False
bil_cash,aggressive,BuyHold_GLD,benchmark,,,,,0.8940104195506251,0.70636055735192,0.5960069463670834,0.6666666666666666,False,effective_assets,0.2322936188088433,0.1654320005729825,1.3474054884786069,-0.1734831770796148,0.0,1.0,1.0,-0.25,0.25,1.5,0.2,True,True,False,True,1.0,1.0,0.6666666666666666,1.0,2,,benchmark,,,,,0.8590104195506251,0.6787069428451181,0.57267361303375,0.6666666666666666,False,effective_assets,0.2322936188088433,0.1654320005729825,1.3474054884786069,-0.1734831770796148,0.0,1.0,1.0,-0.25,0.25,1.5,0.2,True,True,False,True,1.0,1.0,0.6666666666666666,1.0,2,,False
bil_cash,aggressive,rolling_markowitz_min_variance_52p,benchmark,,,,,0.5915301461688838,0.4139815940173063,0.5915301461688838,1.0,True,,0.0855647386178828,0.1039724348932699,0.8418310211156397,-0.2308587567687334,0.037811013321419,2.6479422882322448,0.4779684111712217,-0.25,0.25,1.5,0.2,True,True,True,True,1.0,1.0,1.0,1.0,3,2.0,benchmark,,,,,0.5565301461688837,0.3894868900965547,0.5565301461688837,1.0,True,,0.0855647386178828,0.1039724348932699,0.8418310211156397,-0.2308587567687334,0.037811013321419,2.6479422882322448,0.4779684111712217,-0.25,0.25,1.5,0.2,True,True,True,True,1.0,1.0,1.0,1.0,3,2.0,False
bil_cash,aggressive,Equal_Weight,benchmark,,,,,0.5774954472636737,0.3846942204149988,0.5768153419108917,0.9988223191091729,False,drawdown,0.1113021997378382,0.1300632895424597,0.8767629381289029,-0.2502947673645993,0.0,4.999999999999999,0.2,-0.25,0.25,1.5,0.2,False,True,True,True,0.9988223191091729,1.0,1.0,1.0,4,,benchmark,,,,,0.5424954472636737,0.3613792353734329,0.5418565607420706,0.9988223191091729,False,drawdown,0.1113021997378382,0.1300632895424597,0.8767629381289029,-0.2502947673645993,0.0,4.999999999999999,0.2,-0.25,0.25,1.5,0.2,False,True,True,True,0.9988223191091729,1.0,1.0,1.0,4,,False
bil_cash,aggressive,rolling_risk_parity_inverse_vol_12p,benchmark,,,,,0.5661012418864256,0.3567305409902018,0.5241846494975061,0.925955660776789,False,drawdown,0.0912786749022951,0.1119228345107243,0.8367550757865162,-0.2699913295959265,0.0656118475912953,3.3505000715776703,0.3811191436729786,-0.25,0.25,1.5,0.2,False,True,True,True,0.925955660776789,1.0,1.0,1.0,5,,benchmark,,,,,0.5311012418864256,0.33467517701846555,0.4917762013703186,0.9259556607767893,False,drawdown,0.0912786749022951,0.1119228345107243,0.8367550757865162,-0.2699913295959265,0.0656118475912953,3.3505000715776703,0.3811191436729786,-0.25,0.25,1.5,0.2,False,True,True,True,0.9259556607767893,1.0,1.0,1.0,5,,False
bil_cash,aggressive,Equal_Weight_Risky,benchmark,,,,,0.5590741458841388,0.0,0.457337406679204,0.8180263924670584,False,drawdown,0.1272980758925497,0.1624407599572301,0.8190831900245825,-0.3056136113726518,0.0,4.0,0.25,-0.25,0.25,1.5,0.2,False,True,True,True,0.8180263924670584,1.0,1.0,1.0,6,,benchmark,,,,,0.5240741458841388,0.0,0.42870648294285707,0.8180263924670587,False,drawdown,0.1272980758925497,0.1624407599572301,0.8190831900245825,-0.3056136113726518,0.0,4.0,0.25,-0.25,0.25,1.5,0.2,False,True,True,True,0.8180263924670587,1.0,1.0,1.0,6,,False
bil_cash,aggressive,trend_spy_cash_12p,benchmark,,,,,0.6307053071518842,0.5130051662587489,0.4204702047679228,0.6666666666666666,False,effective_assets,0.0955478136492284,0.1075136622288839,0.9032336086219156,-0.1572678836058595,0.175438596491228,1.0,1.0,-0.25,0.25,1.5,0.2,True,True,False,True,1.0,1.0,0.6666666666666666,1.0,7,,benchmark,,,,,0.5957053071518841,0.4845367506366613,0.39713687143458937,0.6666666666666666,False,effective_assets,0.0955478136492284,0.1075136622288839,0.9032336086219156,-0.1572678836058595,0.175438596491228,1.0,1.0,-0.25,0.25,1.5,0.2,True,True,False,True,1.0,1.0,0.6666666666666666,1.0,8,,True
bil_cash,aggressive,60_40_SPY_TLT,benchmark,,,,,0.4120283188179073,0.2759430259242926,0.4120283188179073,1.0,True,,0.039726421321683,0.1249610081510866,0.3739768167772648,-0.248279353013473,0.0,1.9230769230769231,0.5999999999999998,-0.25,0.25,1.5,0.2,True,True,True,True,1.0,1.0,1.0,1.0,8,3.0,benchmark,,,,,0.3770283188179073,0.25250287517189135,0.3770283188179073,1.0,True,,0.039726421321683,0.1249610081510866,0.3739768167772648,-0.248279353013473,0.0,1.9230769230769231,0.5999999999999998,-0.25,0.25,1.5,0.2,True,True,True,True,1.0,1.0,1.0,1.0,9,3.0,True
bil_cash,aggressive,V3_real_macro_vintage_clean_no_dxy_cap_0p70,td3,,V3_real_macro_vintage_clean_no_dxy,,,0.4822137820118486,0.3715361409617836,0.3987490399115773,0.8269134039428585,False,turnover,0.0703337350230446,0.0885991450820636,0.8117810891720456,-0.186674383782589,0.2418632943260651,1.9679669826779056,0.6489820179189589,-0.25,0.25,1.5,0.2,True,True,True,False,1.0,1.0,1.0,0.8269134039428585,9,,td3,,V3_real_macro_vintage_clean_no_dxy,,,0.4966860246291714,0.36624299835603485,0.41071633131695456,0.8269134039428585,False,turnover,0.06887660051656734,0.11271750611312423,0.6822958217641761,-0.2080002928989754,0.24186329432606518,1.9679669826779054,0.6489820179189589,-0.25,0.25,1.5,0.2,True,True,True,False,1.0,1.0,1.0,0.8269134039428585,7,,True
bil_cash,aggressive,BuyHold_SPY,benchmark,,,,,0.5743428531552838,0.4077945682711025,0.3828952354368558,0.6666666666666666,False,effective_assets,0.1240489246586979,0.1682616180460695,0.7795225030534743,-0.2247945431293709,0.0,1.0,1.0,-0.25,0.25,1.5,0.2,True,True,False,True,1.0,1.0,0.6666666666666666,1.0,10,,benchmark,,,,,0.5393428531552837,0.38294388925407,0.35956190210352246,0.6666666666666666,False,effective_assets,0.1240489246586979,0.1682616180460695,0.7795225030534743,-0.2247945431293709,0.0,1.0,1.0,-0.25,0.25,1.5,0.2,True,True,False,True,1.0,1.0,0.6666666666666666,1.0,11,,True
bil_cash,aggressive,V7_real_macro_vintage_clean_no_dxy_garch_cap_0p80,td3,,V7_real_macro_vintage_clean_no_dxy_garch,,,0.530747205127654,0.4249544061880089,0.3634396794322377,0.6847698413123514,False,turnover,0.0982480074997025,0.100143688371051,0.9865013125328428,-0.1661997647652323,0.292068937523158,1.6952182753647418,0.7279863523074549,-0.25,0.25,1.5,0.2,True,True,True,False,1.0,1.0,1.0,0.6847698413123514,11,,td3,,V7_real_macro_vintage_clean_no_dxy_garch,,,0.5296984100769495,0.37704917464187354,0.36272149621179756,0.6847698413123514,False,turnover,0.0935975479630169,0.14658148536191717,0.7548847133758281,-0.22371182261577208,0.29206893752315805,1.6952182753647418,0.7279863523074546,-0.25,0.25,1.5,0.2,True,True,True,False,1.0,1.0,1.0,0.6847698413123514,10,,True
bil_cash,aggressive,defensive_risk_off_12p,benchmark,,,,,0.5367105882857228,0.4080566086967597,0.3021481830349254,0.562962962962963,False,effective_assets;turnover,0.0923217913210872,0.1404246813239968,0.6999200502562037,-0.1933586274362503,0.2368421052631578,1.0,1.0,-0.25,0.25,1.5,0.2,True,True,False,False,1.0,1.0,0.6666666666666666,0.8444444444444446,12,,benchmark,,,,,0.5017105882857228,0.38144639899323246,0.28244447933122185,0.5629629629629632,False,effective_assets;turnover,0.0923217913210872,0.1404246813239968,0.6999200502562037,-0.1933586274362503,0.2368421052631578,1.0,1.0,-0.25,0.25,1.5,0.2,True,True,False,False,1.0,1.0,0.6666666666666666,0.8444444444444449,12,,False
bil_cash,aggressive,risk_adjusted_momentum_winner_12p_12p,benchmark,,,,,0.4247657147238476,0.3825847419120535,0.2831771431492317,0.6666666666666666,False,effective_assets,0.0160018943472748,0.0465899265861962,0.3643147207623331,-0.0903335946859553,0.0350877192982456,1.0,1.0,-0.25,0.25,1.5,0.2,True,True,False,True,1.0,1.0,0.6666666666666666,1.0,13,,benchmark,,,,,0.38976571472384763,0.35106038506600395,0.2598438098158984,0.6666666666666666,False,effective_assets,0.0160018943472748,0.0465899265861962,0.3643147207623331,-0.0903335946859553,0.0350877192982456,1.0,1.0,-0.25,0.25,1.5,0.2,True,True,False,True,1.0,1.0,0.6666666666666666,1.0,14,,True
bil_cash,aggressive,V4_real_garch_current_cap_0p80,td3,,V4_real_garch_current,,,0.4473457705120777,0.3409619883458086,0.2584846413294813,0.5778184535724867,False,turnover,0.060156706623458,0.0923225202371789,0.6789487281868858,-0.1921222763923272,0.3461294784952904,1.7235638490320135,0.7186073594008724,-0.25,0.25,1.5,0.2,True,True,True,False,1.0,1.0,1.0,0.5778184535724867,14,,td3,,V4_real_garch_current,,,0.4735375574069296,0.338608943786527,0.27361873912936474,0.5778184535724867,False,turnover,0.05744237112990662,0.12132762522533261,0.5796987029534358,-0.2217520382317879,0.3461294784952904,1.7235638490320135,0.7186073594008724,-0.25,0.25,1.5,0.2,True,True,True,False,1.0,1.0,1.0,0.5778184535724867,13,,True
bil_cash,aggressive,V8_ewma_garch_vol_current_cap_0p70,td3,,V8_ewma_garch_vol_current,,,0.4317961798116814,0.332909386271348,0.2525001799964512,0.5847670539988884,False,turnover,0.0668426725271236,0.0922044152954779,0.7481593870288953,-0.1863387342460286,0.3420165322795018,2.001523518551247,0.6416854714261979,-0.25,0.25,1.5,0.2,True,True,True,False,1.0,1.0,1.0,0.5847670539988884,15,,td3,,V8_ewma_garch_vol_current,,,0.43009681556996165,0.28988174795738814,0.2515064477751498,0.5847670539988886,False,turnover,0.06444312449802034,0.12193597375898528,0.6544986918410602,-0.2458568228144319,0.34201653227950174,2.0015235185512474,0.641685471426198,-0.25,0.25,1.5,0.2,True,True,True,False,1.0,1.0,1.0,0.5847670539988886,15,,False
bil_cash,aggressive,V5_no_volatility_block_cap_0p70,td3,,V5_no_volatility_block,,,0.3603068426826273,0.2140065627477826,0.1864611632731829,0.5175065837909313,False,drawdown;turnover,0.0564536521516096,0.1027591821678567,0.5862755863272554,-0.2887844907883635,0.3345648100143656,1.9487941368545303,0.6549660611082608,-0.25,0.25,1.5,0.2,False,True,True,False,0.8656974594359818,1.0,1.0,0.5977915011187588,16,,td3,,V5_no_volatility_block,,,0.40825480218666643,0.0,0.19583687160142946,0.47969275695595354,False,drawdown;turnover,0.05398910917962425,0.12985712356100038,0.48589112749418356,-0.3115491595663437,0.3345648100143657,1.9487941368545303,0.654966061108261,-0.25,0.25,1.5,0.2,False,True,True,False,0.8024415804811794,1.0,1.0,0.5977915011187588,16,,False
bil_cash,aggressive,momentum_winner_12p,benchmark,,,,,0.7215176353449761,0.0,0.1252315780725256,0.1735668983512083,False,drawdown;volatility;effective_assets;turnover,0.321259470958446,0.3605680539994521,0.9426637496448051,-0.3097942670536373,0.4298245614035088,1.0,1.0,-0.25,0.25,1.5,0.2,False,False,False,False,0.8069871737062048,0.6933503876091582,0.6666666666666666,0.4653061224489796,17,,benchmark,,,,,0.6865176353449761,0.0,0.11915673663023336,0.1735668983512083,False,drawdown;volatility;effective_assets;turnover,0.321259470958446,0.3605680539994521,0.9426637496448051,-0.3097942670536373,0.4298245614035088,1.0,1.0,-0.25,0.25,1.5,0.2,False,False,False,False,0.8069871737062049,0.6933503876091582,0.6666666666666666,0.4653061224489796,17,,False
bil_cash,aggressive,BuyHold_TLT,benchmark,,,,,0.1919817687566268,0.0,0.0815850604754937,0.4249625420365733,False,drawdown;effective_assets,-0.0873474111125999,0.1512384330258224,-0.5283992618658764,-0.392191429079702,0.0,1.0,1.0,-0.25,0.25,1.5,0.2,False,True,False,True,0.6374438130548601,1.0,0.6666666666666666,1.0,18,,benchmark,,,,,0.15698176875662678,0.0,0.06671137150421365,0.42496254203657335,False,drawdown;effective_assets,-0.0873474111125999,0.1512384330258224,-0.5283992618658764,-0.392191429079702,0.0,1.0,1.0,-0.25,0.25,1.5,0.2,False,True,False,True,0.6374438130548601,1.0,0.6666666666666666,1.0,18,,False
bil_cash,aggressive,BuyHold_BTC-USD,benchmark,,,,,0.2956824614769322,0.0,0.0373409452991333,0.1262873188778784,False,drawdown;volatility;effective_assets,0.1361823205881858,0.5131067754295661,0.5029295440009841,-0.6430152393197859,0.0,1.0,1.0,-0.25,0.25,1.5,0.2,False,False,False,True,0.3887932738024415,0.4872280234278788,0.6666666666666666,1.0,19,,benchmark,,,,,0.26068246147693214,0.0,0.0329208891384076,0.12628731887787847,False,drawdown;volatility;effective_assets,0.1361823205881858,0.5131067754295661,0.5029295440009841,-0.6430152393197859,0.0,1.0,1.0,-0.25,0.25,1.5,0.2,False,False,False,True,0.38879327380244155,0.48722802342787885,0.6666666666666666,1.0,19,,False
bil_cash,conservative,rolling_markowitz_min_variance_52p,benchmark,,,,,0.5915301461688838,0.4139815940173063,0.2175201910333378,0.3677246078532659,False,drawdown;volatility;effective_assets,0.0855647386178828,0.1039724348932699,0.8418310211156397,-0.2308587567687334,0.037811013321419,2.6479422882322448,0.4779684111712217,-0.1,0.1,3.0,0.05,False,False,False,True,0.4331652885932182,0.9617933840123326,0.8826474294107483,1.0,1,,benchmark,,,,,0.5565301461688837,0.3894868900965547,0.20464982975847357,0.367724607853266,False,drawdown;volatility;effective_assets,0.0855647386178828,0.1039724348932699,0.8418310211156397,-0.2308587567687334,0.037811013321419,2.6479422882322448,0.4779684111712217,-0.1,0.1,3.0,0.05,False,False,False,True,0.43316528859321834,0.9617933840123327,0.8826474294107483,1.0,1,,False
bil_cash,conservative,Equal_Weight,benchmark,,,,,0.5774954472636737,0.3846942204149988,0.1773952800794225,0.307180395828172,False,drawdown;volatility,0.1113021997378382,0.1300632895424597,0.8767629381289029,-0.2502947673645993,0.0,4.999999999999999,0.2,-0.1,0.1,3.0,0.05,False,False,True,True,0.3995289276436691,0.7688564571277785,1.0,1.0,2,,benchmark,,,,,0.5424954472636737,0.3613792353734329,0.1666439662254365,0.307180395828172,False,drawdown;volatility,0.1113021997378382,0.1300632895424597,0.8767629381289029,-0.2502947673645993,0.0,4.999999999999999,0.2,-0.1,0.1,3.0,0.05,False,False,True,True,0.39952892764366915,0.7688564571277785,1.0,1.0,2,,False
bil_cash,conservative,rolling_risk_parity_inverse_vol_12p,benchmark,,,,,0.5661012418864256,0.3567305409902018,0.1427622311104527,0.2521849813201691,False,drawdown;volatility;turnover,0.0912786749022951,0.1119228345107243,0.8367550757865162,-0.2699913295959265,0.0656118475912953,3.3505000715776703,0.3811191436729786,-0.1,0.1,3.0,0.05,False,False,True,False,0.3703822643107156,0.8934727255358966,1.0,0.7620574916813263,3,,benchmark,,,,,0.5311012418864256,0.33467517701846555,0.13393575676424704,0.2521849813201695,False,drawdown;volatility;turnover,0.0912786749022951,0.1119228345107243,0.8367550757865162,-0.2699913295959265,0.0656118475912953,3.3505000715776703,0.3811191436729786,-0.1,0.1,3.0,0.05,False,False,True,False,0.37038226431071575,0.8934727255358972,1.0,0.7620574916813267,3,,False
bil_cash,conservative,risk_adjusted_momentum_winner_12p_12p,benchmark,,,,,0.4247657147238476,0.3825847419120535,0.1415885715746158,0.3333333333333333,False,effective_assets,0.0160018943472748,0.0465899265861962,0.3643147207623331,-0.0903335946859553,0.0350877192982456,1.0,1.0,-0.1,0.1,3.0,0.05,True,True,False,True,1.0,1.0,0.3333333333333333,1.0,4,,benchmark,,,,,0.38976571472384763,0.35106038506600395,0.1299219049079492,0.3333333333333333,False,effective_assets,0.0160018943472748,0.0465899265861962,0.3643147207623331,-0.0903335946859553,0.0350877192982456,1.0,1.0,-0.1,0.1,3.0,0.05,True,True,False,True,1.0,1.0,0.3333333333333333,1.0,4,,False
bil_cash,conservative,Equal_Weight_Risky,benchmark,,,,,0.5590741458841388,0.0,0.1126164164214988,0.2014337762720246,False,drawdown;volatility,0.1272980758925497,0.1624407599572301,0.8190831900245825,-0.3056136113726518,0.0,4.0,0.25,-0.1,0.1,3.0,0.05,False,False,True,True,0.3272105569868234,0.6156090381892423,1.0,1.0,5,,benchmark,,,,,0.5240741458841388,0.0,0.10556623425197803,0.20143377627202466,False,drawdown;volatility,0.1272980758925497,0.1624407599572301,0.8190831900245825,-0.3056136113726518,0.0,4.0,0.25,-0.1,0.1,3.0,0.05,False,False,True,True,0.3272105569868235,0.6156090381892423,1.0,1.0,5,,False
bil_cash,conservative,BuyHold_GLD,benchmark,,,,,0.8940104195506251,0.70636055735192,0.103835160142082,0.1161453578966953,False,drawdown;volatility;effective_assets,0.2322936188088433,0.1654320005729825,1.3474054884786069,-0.1734831770796148,0.0,1.0,1.0,-0.1,0.1,3.0,0.05,False,False,False,True,0.5764247674234607,0.6044779707290289,0.3333333333333333,1.0,6,,benchmark,,,,,0.8590104195506251,0.6787069428451181,0.09977007261569774,0.1161453578966953,False,drawdown;volatility;effective_assets,0.2322936188088433,0.1654320005729825,1.3474054884786069,-0.1734831770796148,0.0,1.0,1.0,-0.1,0.1,3.0,0.05,False,False,False,True,0.5764247674234607,0.6044779707290289,0.3333333333333333,1.0,6,,False
bil_cash,conservative,60_40_SPY_TLT,benchmark,,,,,0.4120283188179073,0.2759430259242926,0.0851309230937994,0.2066142524815689,False,drawdown;volatility;effective_assets,0.039726421321683,0.1249610081510866,0.3739768167772648,-0.248279353013473,0.0,1.9230769230769231,0.5999999999999998,-0.1,0.1,3.0,0.05,False,False,False,True,0.4027721145002881,0.800249625699986,0.6410256410256411,1.0,7,,benchmark,,,,,0.3770283188179073,0.25250287517189135,0.0778994242569446,0.206614252481569,False,drawdown;volatility;effective_assets,0.039726421321683,0.1249610081510866,0.3739768167772648,-0.248279353013473,0.0,1.9230769230769231,0.5999999999999998,-0.1,0.1,3.0,0.05,False,False,False,True,0.4027721145002881,0.8002496256999865,0.6410256410256411,1.0,7,,False
bil_cash,conservative,rolling_markowitz_long_only_52p,benchmark,,,,,0.8813828766839864,0.646199735596402,0.0587854552959923,0.0666968429397675,False,drawdown;volatility;effective_assets;turnover,0.2816893030703187,0.2241712232198908,1.2195652401357844,-0.2106307529911757,0.103835527210852,1.9620232159854076,0.5909031333470443,-0.1,0.1,3.0,0.05,False,False,False,False,0.4747644803994479,0.4460875868171063,0.6540077386618025,0.4815307567945245,8,,benchmark,,,,,0.8463828766839864,0.6205389344347483,0.056451065793100504,0.06669684293976758,False,drawdown;volatility;effective_assets;turnover,0.2816893030703187,0.2241712232198908,1.2195652401357844,-0.2106307529911757,0.103835527210852,1.9620232159854076,0.5909031333470443,-0.1,0.1,3.0,0.05,False,False,False,False,0.47476448039944796,0.44608758681710653,0.6540077386618025,0.4815307567945245,8,,False
bil_cash,conservative,BuyHold_SPY,benchmark,,,,,0.5743428531552838,0.4077945682711025,0.050614988338296,0.0881267836105751,False,drawdown;volatility;effective_assets,0.1240489246586979,0.1682616180460695,0.7795225030534743,-0.2247945431293709,0.0,1.0,1.0,-0.1,0.1,3.0,0.05,False,False,False,True,0.4448506561053363,0.5943126017760051,0.3333333333333333,1.0,9,,benchmark,,,,,0.5393428531552837,0.38294388925407,0.04753055091192591,0.08812678361057516,False,drawdown;volatility;effective_assets,0.1240489246586979,0.1682616180460695,0.7795225030534743,-0.2247945431293709,0.0,1.0,1.0,-0.1,0.1,3.0,0.05,False,False,False,True,0.44485065610533653,0.5943126017760052,0.3333333333333333,1.0,9,,False
bil_cash,conservative,trend_spy_cash_12p,benchmark,,,,,0.6307053071518842,0.5130051662587489,0.0354361386985091,0.0561849381901197,False,drawdown;volatility;effective_assets;turnover,0.0955478136492284,0.1075136622288839,0.9032336086219156,-0.1572678836058595,0.175438596491228,1.0,1.0,-0.1,0.1,3.0,0.05,False,False,False,False,0.6358577333603425,0.9301143494406484,0.3333333333333333,0.285,10,,benchmark,,,,,0.5957053071518841,0.4845367506366613,0.03346966586185492,0.05618493819011978,False,drawdown;volatility;effective_assets;turnover,0.0955478136492284,0.1075136622288839,0.9032336086219156,-0.1572678836058595,0.175438596491228,1.0,1.0,-0.1,0.1,3.0,0.05,False,False,False,False,0.6358577333603426,0.9301143494406489,0.3333333333333333,0.28500000000000014,10,,False
bil_cash,conservative,V3_real_macro_vintage_clean_no_dxy_cap_0p70,td3,,V3_real_macro_vintage_clean_no_dxy,,,0.4822137820118486,0.3715361409617836,0.0350309153751928,0.0726460268908948,False,drawdown;effective_assets;turnover,0.0703337350230446,0.0885991450820636,0.8117810891720456,-0.186674383782589,0.2418632943260651,1.9679669826779056,0.6489820179189589,-0.1,0.1,3.0,0.05,False,True,False,False,0.5356921392946198,1.0,0.6559889942259685,0.2067283509857146,11,,td3,,V3_real_macro_vintage_clean_no_dxy,,,0.4966860246291714,0.36624299835603485,0.02872917904498546,0.05784173022873923,False,drawdown;volatility;effective_assets;turnover,0.06887660051656734,0.11271750611312423,0.6822958217641761,-0.2080002928989754,0.24186329432606518,1.9679669826779054,0.6489820179189589,-0.1,0.1,3.0,0.05,False,False,False,False,0.4807685537662654,0.8871736383134593,0.6559889942259685,0.20672835098571463,11,,False
bil_cash,conservative,V7_real_macro_vintage_clean_no_dxy_garch_cap_0p80,td3,,V7_real_macro_vintage_clean_no_dxy_garch,,,0.530747205127654,0.4249544061880089,0.0308476960352796,0.0581212594946407,False,drawdown;volatility;effective_assets;turnover,0.0982480074997025,0.100143688371051,0.9865013125328428,-0.1661997647652323,0.292068937523158,1.6952182753647418,0.7279863523074549,-0.1,0.1,3.0,0.05,False,False,False,False,0.6016855688168772,0.9985651779619036,0.5650727584549139,0.1711924603280878,12,,td3,,V7_real_macro_vintage_clean_no_dxy_garch,,,0.5296984100769495,0.37704917464187354,0.015626064747899016,0.029499927601498766,False,drawdown;volatility;effective_assets;turnover,0.0935975479630169,0.14658148536191717,0.7548847133758281,-0.22371182261577208,0.29206893752315805,1.6952182753647418,0.7279863523074546,-0.1,0.1,3.0,0.05,False,False,False,False,0.4470036443793643,0.6822143994045011,0.5650727584549139,0.17119246032808785,12,,False
bil_cash,conservative,V8_ewma_garch_vol_current_cap_0p70,td3,,V8_ewma_garch_vol_current,,,0.4317961798116814,0.332909386271348,0.0226015384807239,0.0523430718877158,False,drawdown;effective_assets;turnover,0.0668426725271236,0.0922044152954779,0.7481593870288953,-0.1863387342460286,0.3420165322795018,2.001523518551247,0.6416854714261979,-0.1,0.1,3.0,0.05,False,True,False,False,0.5366570745724127,1.0,0.6671745061837492,0.1461917634997221,13,,td3,,V8_ewma_garch_vol_current,,,0.43009681556996165,0.28988174795738814,0.01399311679744985,0.03253480679438712,False,drawdown;volatility;effective_assets;turnover,0.06444312449802034,0.12193597375898528,0.6544986918410602,-0.2458568228144319,0.34201653227950174,2.0015235185512474,0.641685471426198,-0.1,0.1,3.0,0.05,False,False,False,False,0.4067407967582747,0.8201025252617967,0.6671745061837492,0.14619176349972215,14,,True
bil_cash,conservative,V4_real_garch_current_cap_0p80,td3,,V4_real_garch_current,,,0.4473457705120777,0.3409619883458086,0.019324272354538,0.0431976194441662,False,drawdown;effective_assets;turnover,0.060156706623458,0.0923225202371789,0.6789487281868858,-0.1921222763923272,0.3461294784952904,1.7235638490320135,0.7186073594008724,-0.1,0.1,3.0,0.05,False,True,False,False,0.5205018484987808,1.0,0.5745212830106712,0.1444546133931216,14,,td3,,V4_real_garch_current,,,0.4735375574069296,0.338608943786527,0.014607121784737434,0.030846807304420323,False,drawdown;volatility;effective_assets;turnover,0.05744237112990662,0.12132762522533261,0.5796987029534358,-0.2217520382317879,0.3461294784952904,1.7235638490320135,0.7186073594008724,-0.1,0.1,3.0,0.05,False,False,False,False,0.4509541413796354,0.8242145992248474,0.5745212830106712,0.14445461339312168,13,,True
bil_cash,conservative,defensive_risk_off_12p,benchmark,,,,,0.5367105882857228,0.4080566086967597,0.0139098676715622,0.0259168870060697,False,drawdown;volatility;effective_assets;turnover,0.0923217913210872,0.1404246813239968,0.6999200502562037,-0.1933586274362503,0.2368421052631578,1.0,1.0,-0.1,0.1,3.0,0.05,False,False,False,False,0.5171737166626799,0.7121255256351524,0.3333333333333333,0.2111111111111111,15,,benchmark,,,,,0.5017105882857228,0.38144639899323246,0.013002776626349863,0.02591688700606976,False,drawdown;volatility;effective_assets;turnover,0.0923217913210872,0.1404246813239968,0.6999200502562037,-0.1933586274362503,0.2368421052631578,1.0,1.0,-0.1,0.1,3.0,0.05,False,False,False,False,0.51717371666268,0.7121255256351525,0.3333333333333333,0.21111111111111122,15,,False
bil_cash,conservative,V5_no_volatility_block_cap_0p70,td3,,V5_no_volatility_block,,,0.3603068426826273,0.2140065627477826,0.0117872490507071,0.0327144745932284,False,drawdown;volatility;effective_assets;turnover,0.0564536521516096,0.1027591821678567,0.5862755863272554,-0.2887844907883635,0.3345648100143656,1.9487941368545303,0.6549660611082608,-0.1,0.1,3.0,0.05,False,False,False,False,0.3462789837743927,0.9731490450814444,0.6495980456181768,0.1494478752796897,16,,td3,,V5_no_volatility_block,,,0.40825480218666643,0.0,0.009796555288128422,0.02399617894426908,False,drawdown;volatility;effective_assets;turnover,0.05398910917962425,0.12985712356100038,0.48589112749418356,-0.3115491595663437,0.3345648100143657,1.9487941368545303,0.654966061108261,-0.1,0.1,3.0,0.05,False,False,False,False,0.3209766321924718,0.7700771221305007,0.6495980456181768,0.1494478752796897,16,,False
bil_cash,conservative,BuyHold_TLT,benchmark,,,,,0.1919817687566268,0.0,0.0107889322632116,0.0561976917552452,False,drawdown;volatility;effective_assets,-0.0873474111125999,0.1512384330258224,-0.5283992618658764,-0.392191429079702,0.0,1.0,1.0,-0.1,0.1,3.0,0.05,False,False,False,True,0.254977525221944,0.6612075912141065,0.3333333333333333,1.0,17,,benchmark,,,,,0.15698176875662678,0.0,0.0088220130517781,0.056197691755245235,False,drawdown;volatility;effective_assets,-0.0873474111125999,0.1512384330258224,-0.5283992618658764,-0.392191429079702,0.0,1.0,1.0,-0.1,0.1,3.0,0.05,False,False,False,True,0.25497752522194406,0.6612075912141065,0.3333333333333333,1.0,17,,False
bil_cash,conservative,BuyHold_BTC-USD,benchmark,,,,,0.2956824614769322,0.0,0.0029872756239306,0.0101029855102302,False,drawdown;volatility;effective_assets,0.1361823205881858,0.5131067754295661,0.5029295440009841,-0.6430152393197859,0.0,1.0,1.0,-0.1,0.1,3.0,0.05,False,False,False,True,0.1555173095209766,0.1948912093711515,0.3333333333333333,1.0,18,,benchmark,,,,,0.26068246147693214,0.0,0.0026336711310726087,0.01010298551023028,False,drawdown;volatility;effective_assets,0.1361823205881858,0.5131067754295661,0.5029295440009841,-0.6430152393197859,0.0,1.0,1.0,-0.1,0.1,3.0,0.05,False,False,False,True,0.15551730952097664,0.19489120937115156,0.3333333333333333,1.0,18,,False
bil_cash,conservative,momentum_winner_12p,benchmark,,,,,0.7215176353449761,0.0,0.0025046315614505,0.0034713379670241,False,drawdown;volatility;effective_assets;turnover,0.321259470958446,0.3605680539994521,0.9426637496448051,-0.3097942670536373,0.4298245614035088,1.0,1.0,-0.1,0.1,3.0,0.05,False,False,False,False,0.3227948694824819,0.2773401550436633,0.3333333333333333,0.1163265306122449,19,,benchmark,,,,,0.6865176353449761,0.0,0.0023831347326046678,0.003471337967024167,False,drawdown;volatility;effective_assets;turnover,0.321259470958446,0.3605680539994521,0.9426637496448051,-0.3097942670536373,0.4298245614035088,1.0,1.0,-0.1,0.1,3.0,0.05,False,False,False,False,0.322794869482482,0.27734015504366333,0.3333333333333333,0.1163265306122449,19,,False
bil_cash,moderate,rolling_markowitz_min_variance_52p,benchmark,,,,,0.5915301461688838,0.4139815940173063,0.3843454897152497,0.6497479328898274,False,drawdown,0.0855647386178828,0.1039724348932699,0.8418310211156397,-0.2308587567687334,0.037811013321419,2.6479422882322448,0.4779684111712217,-0.15,0.15,2.3,0.1,False,True,True,True,0.6497479328898274,1.0,1.0,1.0,1,,benchmark,,,,,0.5565301461688837,0.3894868900965547,0.36160431206410576,0.6497479328898275,False,drawdown,0.0855647386178828,0.1039724348932699,0.8418310211156397,-0.2308587567687334,0.037811013321419,2.6479422882322448,0.4779684111712217,-0.15,0.15,2.3,0.1,False,True,True,True,0.6497479328898275,1.0,1.0,1.0,1,,False
bil_cash,moderate,Equal_Weight,benchmark,,,,,0.5774954472636737,0.3846942204149988,0.3460892051465349,0.5992933914655036,False,drawdown,0.1113021997378382,0.1300632895424597,0.8767629381289029,-0.2502947673645993,0.0,4.999999999999999,0.2,-0.15,0.15,2.3,0.1,False,True,True,True,0.5992933914655036,1.0,1.0,1.0,2,,benchmark,,,,,0.5424954472636737,0.3613792353734329,0.3251139364452423,0.5992933914655036,False,drawdown,0.1113021997378382,0.1300632895424597,0.8767629381289029,-0.2502947673645993,0.0,4.999999999999999,0.2,-0.15,0.15,2.3,0.1,False,True,True,True,0.5992933914655036,1.0,1.0,1.0,3,,True
bil_cash,moderate,rolling_markowitz_long_only_52p,benchmark,,,,,0.8813828766839864,0.646199735596402,0.345045063693868,0.3914814694290703,False,drawdown;volatility;effective_assets;turnover,0.2816893030703187,0.2241712232198908,1.2195652401357844,-0.2106307529911757,0.103835527210852,1.9620232159854076,0.5909031333470443,-0.15,0.15,2.3,0.1,False,False,False,False,0.7121467205991718,0.6691313802256594,0.8530535721675686,0.963061513589049,3,,benchmark,,,,,0.8463828766839864,0.6205389344347483,0.3313432122638508,0.3914814694290705,False,drawdown;volatility;effective_assets;turnover,0.2816893030703187,0.2241712232198908,1.2195652401357844,-0.2106307529911757,0.103835527210852,1.9620232159854076,0.5909031333470443,-0.15,0.15,2.3,0.1,False,False,False,False,0.712146720599172,0.6691313802256598,0.8530535721675686,0.963061513589049,2,,True
bil_cash,moderate,rolling_risk_parity_inverse_vol_12p,benchmark,,,,,0.5661012418864256,0.3567305409902018,0.3145107896985036,0.5555733964660734,False,drawdown,0.0912786749022951,0.1119228345107243,0.8367550757865162,-0.2699913295959265,0.0656118475912953,3.3505000715776703,0.3811191436729786,-0.15,0.15,2.3,0.1,False,True,True,True,0.5555733964660734,1.0,1.0,1.0,4,,benchmark,,,,,0.5311012418864256,0.33467517701846555,0.2950657208221911,0.5555733964660735,False,drawdown,0.0912786749022951,0.1119228345107243,0.8367550757865162,-0.2699913295959265,0.0656118475912953,3.3505000715776703,0.3811191436729786,-0.15,0.15,2.3,0.1,False,True,True,True,0.5555733964660735,1.0,1.0,1.0,4,,False
bil_cash,moderate,BuyHold_GLD,benchmark,,,,,0.8940104195506251,0.70636055735192,0.3047336221561104,0.3408613764359536,False,drawdown;volatility;effective_assets,0.2322936188088433,0.1654320005729825,1.3474054884786069,-0.1734831770796148,0.0,1.0,1.0,-0.15,0.15,2.3,0.1,False,False,False,True,0.8646371511351909,0.9067169560935432,0.4347826086956522,1.0,5,,benchmark,,,,,0.8590104195506251,0.6787069428451181,0.2928034739808521,0.34086137643595366,False,drawdown;volatility;effective_assets,0.2322936188088433,0.1654320005729825,1.3474054884786069,-0.1734831770796148,0.0,1.0,1.0,-0.15,0.15,2.3,0.1,False,False,False,True,0.8646371511351909,0.9067169560935433,0.4347826086956522,1.0,5,,False
bil_cash,moderate,Equal_Weight_Risky,benchmark,,,,,0.5590741458841388,0.0,0.2533869369483724,0.4532259966120553,False,drawdown;volatility,0.1272980758925497,0.1624407599572301,0.8190831900245825,-0.3056136113726518,0.0,4.0,0.25,-0.15,0.15,2.3,0.1,False,False,True,True,0.490815835480235,0.9234135572838634,1.0,1.0,6,,benchmark,,,,,0.5240741458841388,0.0,0.23752402706695053,0.4532259966120554,False,drawdown;volatility,0.1272980758925497,0.1624407599572301,0.8190831900245825,-0.3056136113726518,0.0,4.0,0.25,-0.15,0.15,2.3,0.1,False,False,True,True,0.49081583548023516,0.9234135572838634,1.0,1.0,6,,False
bil_cash,moderate,60_40_SPY_TLT,benchmark,,,,,0.4120283188179073,0.2759430259242926,0.2081356821124005,0.5051489730354785,False,drawdown;effective_assets,0.039726421321683,0.1249610081510866,0.3739768167772648,-0.248279353013473,0.0,1.9230769230769231,0.5999999999999998,-0.15,0.15,2.3,0.1,False,True,False,True,0.6041581717504321,1.0,0.8361204013377929,1.0,7,,benchmark,,,,,0.3770283188179073,0.25250287517189135,0.19045546805615884,0.5051489730354785,False,drawdown;effective_assets,0.039726421321683,0.1249610081510866,0.3739768167772648,-0.248279353013473,0.0,1.9230769230769231,0.5999999999999998,-0.15,0.15,2.3,0.1,False,True,False,True,0.6041581717504322,1.0,0.8361204013377928,1.0,7,,False
bil_cash,moderate,risk_adjusted_momentum_winner_12p_12p,benchmark,,,,,0.4247657147238476,0.3825847419120535,0.1846807455321076,0.4347826086956522,False,effective_assets,0.0160018943472748,0.0465899265861962,0.3643147207623331,-0.0903335946859553,0.0350877192982456,1.0,1.0,-0.15,0.15,2.3,0.1,True,True,False,True,1.0,1.0,0.4347826086956522,1.0,8,,benchmark,,,,,0.38976571472384763,0.35106038506600395,0.16946335422775985,0.4347826086956522,False,effective_assets,0.0160018943472748,0.0465899265861962,0.3643147207623331,-0.0903335946859553,0.0350877192982456,1.0,1.0,-0.15,0.15,2.3,0.1,True,True,False,True,1.0,1.0,0.4347826086956522,1.0,8,,False
bil_cash,moderate,trend_spy_cash_12p,benchmark,,,,,0.6307053071518842,0.5130051662587489,0.1490818322632456,0.2363732008796056,False,drawdown;effective_assets;turnover,0.0955478136492284,0.1075136622288839,0.9032336086219156,-0.1572678836058595,0.175438596491228,1.0,1.0,-0.15,0.15,2.3,0.1,False,True,False,False,0.9537866000405136,1.0,0.4347826086956522,0.5700000000000001,9,,benchmark,,,,,0.5957053071518841,0.4845367506366613,0.14080877023245955,0.23637320087960575,False,drawdown;effective_assets;turnover,0.0955478136492284,0.1075136622288839,0.9032336086219156,-0.1572678836058595,0.175438596491228,1.0,1.0,-0.15,0.15,2.3,0.1,False,True,False,False,0.9537866000405139,1.0,0.4347826086956522,0.5700000000000003,9,,False
bil_cash,moderate,BuyHold_SPY,benchmark,,,,,0.5743428531552838,0.4077945682711025,0.1485439875145643,0.2586329519006008,False,drawdown;volatility;effective_assets,0.1240489246586979,0.1682616180460695,0.7795225030534743,-0.2247945431293709,0.0,1.0,1.0,-0.15,0.15,2.3,0.1,False,False,False,True,0.6672759841580045,0.8914689026640075,0.4347826086956522,1.0,10,,benchmark,,,,,0.5393428531552837,0.38294388925407,0.13949183419804342,0.25863295190060104,False,drawdown;volatility;effective_assets,0.1240489246586979,0.1682616180460695,0.7795225030534743,-0.2247945431293709,0.0,1.0,1.0,-0.15,0.15,2.3,0.1,False,False,False,True,0.6672759841580047,0.8914689026640078,0.4347826086956522,1.0,10,,False
bil_cash,moderate,V3_real_macro_vintage_clean_no_dxy_cap_0p70,td3,,V3_real_macro_vintage_clean_no_dxy,,,0.4822137820118486,0.3715361409617836,0.1370774949464069,0.2842670617469799,False,drawdown;effective_assets;turnover,0.0703337350230446,0.0885991450820636,0.8117810891720456,-0.186674383782589,0.2418632943260651,1.9679669826779056,0.6489820179189589,-0.15,0.15,2.3,0.1,False,True,False,False,0.8035382089419296,1.0,0.855637818555611,0.4134567019714292,11,,td3,,V3_real_macro_vintage_clean_no_dxy,,,0.4966860246291714,0.36624299835603485,0.12671535970284217,0.25512165315593205,False,drawdown;effective_assets;turnover,0.06887660051656734,0.11271750611312423,0.6822958217641761,-0.2080002928989754,0.24186329432606518,1.9679669826779054,0.6489820179189589,-0.15,0.15,2.3,0.1,False,True,False,False,0.7211528306493981,1.0,0.855637818555611,0.41345670197142925,11,,False
bil_cash,moderate,V7_real_macro_vintage_clean_no_dxy_garch_cap_0p80,td3,,V7_real_macro_vintage_clean_no_dxy_garch,,,0.530747205127654,0.4249544061880089,0.12088181968912,0.2277578073351244,False,drawdown;effective_assets;turnover,0.0982480074997025,0.100143688371051,0.9865013125328428,-0.1661997647652323,0.292068937523158,1.6952182753647418,0.7279863523074549,-0.15,0.15,2.3,0.1,False,True,False,False,0.9025283532253155,1.0,0.7370514240716269,0.3423849206561757,12,,td3,,V7_real_macro_vintage_clean_no_dxy_garch,,,0.5296984100769495,0.37704917464187354,0.08962793926076855,0.16920560370900162,False,drawdown;effective_assets;turnover,0.0935975479630169,0.14658148536191717,0.7548847133758281,-0.22371182261577208,0.29206893752315805,1.6952182753647418,0.7279863523074546,-0.15,0.15,2.3,0.1,False,True,False,False,0.6705054665690464,1.0,0.7370514240716269,0.3423849206561757,12,,False
bil_cash,moderate,V8_ewma_garch_vol_current_cap_0p70,td3,,V8_ewma_garch_vol_current,,,0.4317961798116814,0.332909386271348,0.0884408027506588,0.2048207160823663,False,drawdown;effective_assets;turnover,0.0668426725271236,0.0922044152954779,0.7481593870288953,-0.1863387342460286,0.3420165322795018,2.001523518551247,0.6416854714261979,-0.15,0.15,2.3,0.1,False,True,False,False,0.8049856118586192,1.0,0.870227616761412,0.2923835269994442,13,,td3,,V8_ewma_garch_vol_current,,,0.43009681556996165,0.28988174795738814,0.06676686479818411,0.15523682664263644,False,drawdown;effective_assets;turnover,0.06444312449802034,0.12193597375898528,0.6544986918410602,-0.2458568228144319,0.34201653227950174,2.0015235185512474,0.641685471426198,-0.15,0.15,2.3,0.1,False,True,False,False,0.610111195137412,1.0,0.870227616761412,0.2923835269994443,15,,True
bil_cash,moderate,defensive_risk_off_12p,benchmark,,,,,0.5367105882857228,0.4080566086967597,0.0764330374580126,0.1424101538636365,False,drawdown;effective_assets;turnover,0.0923217913210872,0.1404246813239968,0.6999200502562037,-0.1933586274362503,0.2368421052631578,1.0,1.0,-0.15,0.15,2.3,0.1,False,True,False,False,0.7757605749940197,1.0,0.4347826086956522,0.4222222222222223,14,,benchmark,,,,,0.5017105882857228,0.38144639899323246,0.0714486820727854,0.14241015386363656,False,drawdown;effective_assets;turnover,0.0923217913210872,0.1404246813239968,0.6999200502562037,-0.1933586274362503,0.2368421052631578,1.0,1.0,-0.15,0.15,2.3,0.1,False,True,False,False,0.7757605749940198,1.0,0.4347826086956522,0.42222222222222244,13,,True
bil_cash,moderate,V4_real_garch_current_cap_0p80,td3,,V4_real_garch_current,,,0.4473457705120777,0.3409619883458086,0.0756167179090619,0.1690341630423896,False,drawdown;effective_assets;turnover,0.060156706623458,0.0923225202371789,0.6789487281868858,-0.1921222763923272,0.3461294784952904,1.7235638490320135,0.7186073594008724,-0.15,0.15,2.3,0.1,False,True,False,False,0.780752772748171,1.0,0.7493755865356582,0.2889092267862433,15,,td3,,V4_real_garch_current,,,0.4735375574069296,0.338608943786527,0.06934881120728145,0.14644838645329936,False,drawdown;effective_assets;turnover,0.05744237112990662,0.12132762522533261,0.5796987029534358,-0.2217520382317879,0.3461294784952904,1.7235638490320135,0.7186073594008724,-0.15,0.15,2.3,0.1,False,True,False,False,0.6764312120694531,1.0,0.7493755865356582,0.28890922678624337,14,,True
bil_cash,moderate,V5_no_volatility_block_cap_0p70,td3,,V5_no_volatility_block,,,0.3603068426826273,0.2140065627477826,0.0473966637049375,0.1315452777750501,False,drawdown;effective_assets;turnover,0.0564536521516096,0.1027591821678567,0.5862755863272554,-0.2887844907883635,0.3345648100143656,1.9487941368545303,0.6549660611082608,-0.15,0.15,2.3,0.1,False,True,False,False,0.519418475661589,1.0,0.8473017986324045,0.2988957505593794,16,,td3,,V5_no_volatility_block,,,0.40825480218666643,0.0,0.049779880063930325,0.12193336072791487,False,drawdown;effective_assets;turnover,0.05398910917962425,0.12985712356100038,0.48589112749418356,-0.3115491595663437,0.3345648100143657,1.9487941368545303,0.654966061108261,-0.15,0.15,2.3,0.1,False,True,False,False,0.4814649482887076,1.0,0.8473017986324045,0.2988957505593794,16,,False
bil_cash,moderate,BuyHold_TLT,benchmark,,,,,0.1919817687566268,0.0,0.031663170772469,0.1649280084121327,False,drawdown;volatility;effective_assets,-0.0873474111125999,0.1512384330258224,-0.5283992618658764,-0.392191429079702,0.0,1.0,1.0,-0.15,0.15,2.3,0.1,False,False,False,True,0.382466287832916,0.9918113868211595,0.4347826086956522,1.0,17,,benchmark,,,,,0.15698176875662678,0.0,0.025890690478044424,0.1649280084121328,False,drawdown;volatility;effective_assets,-0.0873474111125999,0.1512384330258224,-0.5283992618658764,-0.392191429079702,0.0,1.0,1.0,-0.15,0.15,2.3,0.1,False,False,False,True,0.3824662878329161,0.9918113868211597,0.4347826086956522,1.0,17,,False
bil_cash,moderate,momentum_winner_12p,benchmark,,,,,0.7215176353449761,0.0,0.0147010982954704,0.0203752445890548,False,drawdown;volatility;effective_assets;turnover,0.321259470958446,0.3605680539994521,0.9426637496448051,-0.3097942670536373,0.4298245614035088,1.0,1.0,-0.15,0.15,2.3,0.1,False,False,False,False,0.4841923042237228,0.4160102325654949,0.4347826086956522,0.2326530612244898,18,,benchmark,,,,,0.6865176353449761,0.0,0.013987964734853482,0.02037524458905489,False,drawdown;volatility;effective_assets;turnover,0.321259470958446,0.3605680539994521,0.9426637496448051,-0.3097942670536373,0.4298245614035088,1.0,1.0,-0.15,0.15,2.3,0.1,False,False,False,False,0.4841923042237229,0.4160102325654949,0.4347826086956522,0.2326530612244898,18,,False
bil_cash,moderate,BuyHold_BTC-USD,benchmark,,,,,0.2956824614769322,0.0,0.0087670045484921,0.0296500661713279,False,drawdown;volatility;effective_assets,0.1361823205881858,0.5131067754295661,0.5029295440009841,-0.6430152393197859,0.0,1.0,1.0,-0.15,0.15,2.3,0.1,False,False,False,True,0.2332759642814649,0.2923368140567273,0.4347826086956522,1.0,19,,benchmark,,,,,0.26068246147693214,0.0,0.007729252232495698,0.029650066171327993,False,drawdown;volatility;effective_assets,0.1361823205881858,0.5131067754295661,0.5029295440009841,-0.6430152393197859,0.0,1.0,1.0,-0.15,0.15,2.3,0.1,False,False,False,True,0.23327596428146494,0.2923368140567273,0.4347826086956522,1.0,19,,False
