protocol,profile,strategy_name,strategy_type_average_path,strategy_group_average_path,feasible_average_path,failed_constraints_average_path,max_drawdown_pass_average_path,annualized_volatility_pass_average_path,average_effective_number_of_assets_pass_average_path,average_turnover_pass_average_path,max_drawdown_average_path,max_drawdown_limit_average_path,annualized_volatility_average_path,max_annualized_volatility_limit_average_path,average_max_weight_average_path,average_effective_number_of_assets_average_path,min_effective_assets_limit_average_path,average_turnover_average_path,max_average_turnover_limit_average_path,sharpe_average_path,calmar_average_path,sortino_average_path,annualized_return_average_path,strategy_type_seed_aggregated,strategy_group_seed_aggregated,feasible_seed_aggregated,failed_constraints_seed_aggregated,max_drawdown_pass_seed_aggregated,annualized_volatility_pass_seed_aggregated,average_effective_number_of_assets_pass_seed_aggregated,average_turnover_pass_seed_aggregated,max_drawdown_seed_aggregated,max_drawdown_limit_seed_aggregated,annualized_volatility_seed_aggregated,max_annualized_volatility_limit_seed_aggregated,average_max_weight_seed_aggregated,average_effective_number_of_assets_seed_aggregated,min_effective_assets_limit_seed_aggregated,average_turnover_seed_aggregated,max_average_turnover_limit_seed_aggregated,sharpe_seed_aggregated,calmar_seed_aggregated,sortino_seed_aggregated,annualized_return_seed_aggregated,feasibility_changed
zero_cash,conservative,BuyHold_GLD,benchmark,,False,max_drawdown;annualized_volatility;average_effective_number_of_assets,False,False,False,True,-0.1734831770796148,-0.1,0.1664043116160493,0.1,1.0,1.0,3.0,0.0,0.05,1.3081884451675567,1.3010381844969388,2.1982624534964055,0.2257082377484229,benchmark,,False,max_drawdown;annualized_volatility;average_effective_number_of_assets,False,False,False,True,-0.1734831770796148,-0.1,0.1664043116160493,0.1,1.0,1.0,3.0,0.0,0.05,1.3081884451675567,1.3010381844969388,2.1982624534964055,0.2257082377484229,False
zero_cash,conservative,rolling_markowitz_long_only_52p,benchmark,,False,max_drawdown;annualized_volatility;average_effective_number_of_assets;average_turnover,False,False,False,False,-0.2106307713462841,-0.1,0.2245106918365903,0.1,0.5909031263913668,1.9620233202532145,3.0,0.1038355667511928,0.05,1.1988242479757492,1.3112690117028711,2.212123727738206,0.2761936033774554,benchmark,,False,max_drawdown;annualized_volatility;average_effective_number_of_assets;average_turnover,False,False,False,False,-0.2106307713462841,-0.1,0.2245106918365903,0.1,0.5909031263913668,1.9620233202532145,3.0,0.1038355667511928,0.05,1.1988242479757492,1.3112690117028711,2.212123727738206,0.2761936033774554,False
zero_cash,conservative,trend_spy_cash_12p,benchmark,,False,max_drawdown;annualized_volatility;average_effective_number_of_assets;average_turnover,False,False,False,False,-0.1625884610537178,-0.1,0.1074537825814774,0.1,1.0,1.0,3.0,0.175438596491228,0.05,0.8174290189188304,0.5256181277344917,1.160329015809752,0.0854594424902874,benchmark,,False,max_drawdown;annualized_volatility;average_effective_number_of_assets;average_turnover,False,False,False,False,-0.1625884610537178,-0.1,0.1074537825814774,0.1,1.0,1.0,3.0,0.175438596491228,0.05,0.8174290189188304,0.5256181277344917,1.160329015809752,0.0854594424902874,False
zero_cash,conservative,defensive_risk_off_12p,benchmark,,False,max_drawdown;annualized_volatility;average_effective_number_of_assets;average_turnover,False,False,False,False,-0.1883538534464882,-0.1,0.1423163741026759,0.1,1.0,1.0,3.0,0.2456140350877192,0.05,0.6507149699585638,0.4558135085018843,0.8468444327843481,0.0858542307792935,benchmark,,False,max_drawdown;annualized_volatility;average_effective_number_of_assets;average_turnover,False,False,False,False,-0.1883538534464882,-0.1,0.1423163741026759,0.1,1.0,1.0,3.0,0.2456140350877192,0.05,0.6507149699585638,0.4558135085018843,0.8468444327843481,0.0858542307792935,False
zero_cash,conservative,rolling_markowitz_min_variance_52p,benchmark,,False,max_drawdown;annualized_volatility;average_effective_number_of_assets,False,False,False,True,-0.2308584938745816,-0.1,0.1043954327541812,0.1,0.4779682729197295,2.647942470859379,3.0,0.0378109996137178,0.05,0.8064203650326056,0.3547726501232396,1.2637392644952323,0.081902279675345,benchmark,,False,max_drawdown;annualized_volatility;average_effective_number_of_assets,False,False,False,True,-0.2308584938745816,-0.1,0.1043954327541812,0.1,0.4779682729197295,2.647942470859379,3.0,0.0378109996137178,0.05,0.8064203650326056,0.3547726501232396,1.2637392644952323,0.081902279675345,False
zero_cash,conservative,BuyHold_SPY,benchmark,,False,max_drawdown;annualized_volatility;average_effective_number_of_assets,False,False,False,True,-0.2247947201487099,-0.1,0.1681668290824719,0.1,1.0,1.0,3.0,0.0,0.05,0.7634141117043921,0.5380491913795269,1.096043735503628,0.1209506174024004,benchmark,,False,max_drawdown;annualized_volatility;average_effective_number_of_assets,False,False,False,True,-0.2247947201487099,-0.1,0.1681668290824719,0.1,1.0,1.0,3.0,0.0,0.05,0.7634141117043921,0.5380491913795269,1.096043735503628,0.1209506174024004,False
zero_cash,conservative,V7_real_macro_vintage_clean_no_dxy_garch_cap_0p80,td3,,False,max_drawdown;average_effective_number_of_assets;average_turnover,False,True,False,False,-0.16817981761958,-0.1,0.0842972270558551,0.1,0.7292414311385291,1.700697525644915,3.0,0.3082727552705845,0.05,1.062484720081153,0.5337589477974631,1.695784358447897,0.0897674824933962,td3,,False,max_drawdown;annualized_volatility;average_effective_number_of_assets;average_turnover,False,False,False,False,-0.21139754829846505,-0.1,0.12734486503333614,0.1,0.7292414311385291,1.7006975256449153,3.0,0.30827275527058445,0.05,0.6809663574928227,0.4726479479472003,1.0854099699868025,0.08612999104700117,False
zero_cash,conservative,V3_real_macro_vintage_clean_no_dxy_cap_0p70,td3,,False,max_drawdown;average_effective_number_of_assets;average_turnover,False,True,False,False,-0.1769549422972136,-0.1,0.0976987712376244,0.1,0.6571236875240694,1.9568992412966464,3.0,0.2767384531097496,0.05,0.9083162623487628,0.4946959689798298,1.3729643114658652,0.0875388966454899,td3,,False,max_drawdown;annualized_volatility;average_effective_number_of_assets;average_turnover,False,False,False,False,-0.19508257989693986,-0.1,0.12439220287226549,0.1,0.6571236875240694,1.9568992412966466,3.0,0.2767384531097496,0.05,0.7327139951044506,0.5100812883352502,1.0963558653823893,0.08461653495374341,False
zero_cash,conservative,Equal_Weight,benchmark,,False,max_drawdown;annualized_volatility,False,False,True,True,-0.2512975002879043,-0.1,0.1302191770174849,0.1,0.2,4.999999999999999,3.0,0.0,0.05,0.7913205232039142,0.3945776085810408,1.1963432275469057,0.0991563667059947,benchmark,,False,max_drawdown;annualized_volatility,False,False,True,True,-0.2512975002879043,-0.1,0.1302191770174849,0.1,0.2,4.999999999999999,3.0,0.0,0.05,0.7913205232039142,0.3945776085810408,1.1963432275469057,0.0991563667059947,False
zero_cash,conservative,rolling_risk_parity_inverse_vol_12p,benchmark,,False,max_drawdown;annualized_volatility;average_turnover,False,False,True,False,-0.269991400919034,-0.1,0.1123861908810632,0.1,0.3811193362167304,3.350499299521307,3.0,0.065611942559803,0.05,0.7993464897270386,0.3224996963238565,1.202231112672235,0.0870721448064411,benchmark,,False,max_drawdown;annualized_volatility;average_turnover,False,False,True,False,-0.269991400919034,-0.1,0.1123861908810632,0.1,0.3811193362167304,3.350499299521307,3.0,0.065611942559803,0.05,0.7993464897270386,0.3224996963238565,1.202231112672235,0.0870721448064411,False
zero_cash,conservative,V4_real_garch_current_cap_0p70,td3,,False,max_drawdown;average_effective_number_of_assets;average_turnover,False,True,False,False,-0.1719182284274294,-0.1,0.0759482106010633,0.1,0.650403030510398,2.004302828951787,3.0,0.4452178812134046,0.05,0.6653900842299352,0.2838265992108641,0.9654725393935006,0.0487949661169138,td3,,False,max_drawdown;annualized_volatility;average_effective_number_of_assets;average_turnover,False,False,False,False,-0.1843464354869825,-0.1,0.10280411044803288,0.1,0.6504030305103979,2.004302828951787,3.0,0.4452178812134046,0.05,0.5180260605288036,0.36795214187383,0.7780577058112079,0.047059535641156405,False
zero_cash,conservative,60_40_SPY_TLT,benchmark,,False,max_drawdown;annualized_volatility;average_effective_number_of_assets,False,False,False,True,-0.2482794217772905,-0.1,0.1250640395691306,0.1,0.5999999999999998,1.9230769230769231,3.0,0.0,0.05,0.3496406498886238,0.1473985162481731,0.4356431213797056,0.0365960183849269,benchmark,,False,max_drawdown;annualized_volatility;average_effective_number_of_assets,False,False,False,True,-0.2482794217772905,-0.1,0.1250640395691306,0.1,0.5999999999999998,1.9230769230769231,3.0,0.0,0.05,0.3496406498886238,0.1473985162481731,0.4356431213797056,0.0365960183849269,False
zero_cash,conservative,V8_ewma_garch_vol_current_cap_uncapped,td3,,False,max_drawdown;annualized_volatility;average_effective_number_of_assets;average_turnover,False,False,False,False,-0.2039741304727703,-0.1,0.1161059305367989,0.1,0.8773893414866458,1.3107241932933702,3.0,0.530399548934085,0.05,0.5254590591355164,0.2735093425418834,0.7360755928494638,0.0557888303211597,td3,,False,max_drawdown;annualized_volatility;average_effective_number_of_assets;average_turnover,False,False,False,False,-0.2825870759872734,-0.1,0.17401530089892564,0.1,0.8773893414866458,1.31072419329337,3.0,0.5303995489340851,0.05,0.33167020380509826,0.22604162068120903,0.4199520729756645,0.048248478954693676,False
zero_cash,conservative,V5_no_volatility_block_cap_0p50,td3,,False,max_drawdown;average_effective_number_of_assets;average_turnover,False,True,False,False,-0.253743266687027,-0.1,0.0989017257495595,0.1,0.4934377478474876,2.800666286309067,3.0,0.4195252410779325,0.05,0.5904504654848056,0.2165869984689263,0.8292302310022852,0.0549574925134435,td3,,False,max_drawdown;annualized_volatility;average_effective_number_of_assets;average_turnover,False,False,False,False,-0.2736497203961881,-0.1,0.1208053719342258,0.1,0.4934377478474876,2.8006662863090668,3.0,0.41952524107793254,0.05,0.5059126924324209,0.2280510051677962,0.7161811237470675,0.0525765436050555,False
zero_cash,conservative,momentum_winner_12p,benchmark,,False,max_drawdown;annualized_volatility;average_effective_number_of_assets;average_turnover,False,False,False,False,-0.3093328814892037,-0.1,0.3614291915419867,0.1,1.0,1.0,3.0,0.4561403508771929,0.05,0.8971611533196885,0.9713956605816546,1.6398602522661376,0.3004846187538317,benchmark,,False,max_drawdown;annualized_volatility;average_effective_number_of_assets;average_turnover,False,False,False,False,-0.3093328814892037,-0.1,0.3614291915419867,0.1,1.0,1.0,3.0,0.4561403508771929,0.05,0.8971611533196885,0.9713956605816546,1.6398602522661376,0.3004846187538317,False
zero_cash,conservative,Equal_Weight_Risky,benchmark,,False,max_drawdown;annualized_volatility,False,False,True,True,-0.3056136591486704,-0.1,0.1627739712718562,0.1,0.25,4.0,3.0,0.0,0.05,0.7913205232039137,0.400742544729944,1.1821249668671356,0.1224723954714679,benchmark,,False,max_drawdown;annualized_volatility,False,False,True,True,-0.3056136591486704,-0.1,0.1627739712718562,0.1,0.25,4.0,3.0,0.0,0.05,0.7913205232039137,0.400742544729944,1.1821249668671356,0.1224723954714679,False
zero_cash,conservative,risk_adjusted_momentum_winner_12p_12p,benchmark,,False,max_drawdown;annualized_volatility;average_effective_number_of_assets;average_turnover,False,False,False,False,-0.4905901606354652,-0.1,0.309098785780903,0.1,1.0,1.0,3.0,0.3596491228070175,0.05,0.5018355888550975,0.2365100068483016,0.6472036645041498,0.1160294822516032,benchmark,,False,max_drawdown;annualized_volatility;average_effective_number_of_assets;average_turnover,False,False,False,False,-0.4905901606354652,-0.1,0.309098785780903,0.1,1.0,1.0,3.0,0.3596491228070175,0.05,0.5018355888550975,0.2365100068483016,0.6472036645041498,0.1160294822516032,False
zero_cash,conservative,BuyHold_BTC-USD,benchmark,,False,max_drawdown;annualized_volatility;average_effective_number_of_assets,False,False,False,True,-0.6430152393197859,-0.1,0.5131787191095913,0.1,1.0,1.0,3.0,0.0,0.05,0.4918542301179646,0.2018200052378735,0.3953367308720968,0.1297733389675517,benchmark,,False,max_drawdown;annualized_volatility;average_effective_number_of_assets,False,False,False,True,-0.6430152393197859,-0.1,0.5131787191095913,0.1,1.0,1.0,3.0,0.0,0.05,0.4918542301179646,0.2018200052378735,0.3953367308720968,0.1297733389675517,False
zero_cash,conservative,BuyHold_TLT,benchmark,,False,max_drawdown;annualized_volatility;average_effective_number_of_assets,False,False,False,True,-0.3921915115720767,-0.1,0.1516641905461336,0.1,1.0,1.0,3.0,0.0,0.05,-0.5489279650114005,-0.2306366139027145,-0.8013945473501016,-0.090453722230371,benchmark,,False,max_drawdown;annualized_volatility;average_effective_number_of_assets,False,False,False,True,-0.3921915115720767,-0.1,0.1516641905461336,0.1,1.0,1.0,3.0,0.0,0.05,-0.5489279650114005,-0.2306366139027145,-0.8013945473501016,-0.090453722230371,False
zero_cash,moderate,BuyHold_GLD,benchmark,,False,max_drawdown;annualized_volatility;average_effective_number_of_assets,False,False,False,True,-0.1734831770796148,-0.15,0.1664043116160493,0.15,1.0,1.0,2.3,0.0,0.1,1.3081884451675567,1.3010381844969388,2.1982624534964055,0.2257082377484229,benchmark,,False,max_drawdown;annualized_volatility;average_effective_number_of_assets,False,False,False,True,-0.1734831770796148,-0.15,0.1664043116160493,0.15,1.0,1.0,2.3,0.0,0.1,1.3081884451675567,1.3010381844969388,2.1982624534964055,0.2257082377484229,False
zero_cash,moderate,rolling_markowitz_long_only_52p,benchmark,,False,max_drawdown;annualized_volatility;average_effective_number_of_assets;average_turnover,False,False,False,False,-0.2106307713462841,-0.15,0.2245106918365903,0.15,0.5909031263913668,1.9620233202532145,2.3,0.1038355667511928,0.1,1.1988242479757492,1.3112690117028711,2.212123727738206,0.2761936033774554,benchmark,,False,max_drawdown;annualized_volatility;average_effective_number_of_assets;average_turnover,False,False,False,False,-0.2106307713462841,-0.15,0.2245106918365903,0.15,0.5909031263913668,1.9620233202532145,2.3,0.1038355667511928,0.1,1.1988242479757492,1.3112690117028711,2.212123727738206,0.2761936033774554,False
zero_cash,moderate,trend_spy_cash_12p,benchmark,,False,max_drawdown;average_effective_number_of_assets;average_turnover,False,True,False,False,-0.1625884610537178,-0.15,0.1074537825814774,0.15,1.0,1.0,2.3,0.175438596491228,0.1,0.8174290189188304,0.5256181277344917,1.160329015809752,0.0854594424902874,benchmark,,False,max_drawdown;average_effective_number_of_assets;average_turnover,False,True,False,False,-0.1625884610537178,-0.15,0.1074537825814774,0.15,1.0,1.0,2.3,0.175438596491228,0.1,0.8174290189188304,0.5256181277344917,1.160329015809752,0.0854594424902874,False
zero_cash,moderate,defensive_risk_off_12p,benchmark,,False,max_drawdown;average_effective_number_of_assets;average_turnover,False,True,False,False,-0.1883538534464882,-0.15,0.1423163741026759,0.15,1.0,1.0,2.3,0.2456140350877192,0.1,0.6507149699585638,0.4558135085018843,0.8468444327843481,0.0858542307792935,benchmark,,False,max_drawdown;average_effective_number_of_assets;average_turnover,False,True,False,False,-0.1883538534464882,-0.15,0.1423163741026759,0.15,1.0,1.0,2.3,0.2456140350877192,0.1,0.6507149699585638,0.4558135085018843,0.8468444327843481,0.0858542307792935,False
zero_cash,moderate,rolling_markowitz_min_variance_52p,benchmark,,False,max_drawdown,False,True,True,True,-0.2308584938745816,-0.15,0.1043954327541812,0.15,0.4779682729197295,2.647942470859379,2.3,0.0378109996137178,0.1,0.8064203650326056,0.3547726501232396,1.2637392644952323,0.081902279675345,benchmark,,False,max_drawdown,False,True,True,True,-0.2308584938745816,-0.15,0.1043954327541812,0.15,0.4779682729197295,2.647942470859379,2.3,0.0378109996137178,0.1,0.8064203650326056,0.3547726501232396,1.2637392644952323,0.081902279675345,False
zero_cash,moderate,BuyHold_SPY,benchmark,,False,max_drawdown;annualized_volatility;average_effective_number_of_assets,False,False,False,True,-0.2247947201487099,-0.15,0.1681668290824719,0.15,1.0,1.0,2.3,0.0,0.1,0.7634141117043921,0.5380491913795269,1.096043735503628,0.1209506174024004,benchmark,,False,max_drawdown;annualized_volatility;average_effective_number_of_assets,False,False,False,True,-0.2247947201487099,-0.15,0.1681668290824719,0.15,1.0,1.0,2.3,0.0,0.1,0.7634141117043921,0.5380491913795269,1.096043735503628,0.1209506174024004,False
zero_cash,moderate,V7_real_macro_vintage_clean_no_dxy_garch_cap_0p80,td3,,False,max_drawdown;average_effective_number_of_assets;average_turnover,False,True,False,False,-0.16817981761958,-0.15,0.0842972270558551,0.15,0.7292414311385291,1.700697525644915,2.3,0.3082727552705845,0.1,1.062484720081153,0.5337589477974631,1.695784358447897,0.0897674824933962,td3,,False,max_drawdown;average_effective_number_of_assets;average_turnover,False,True,False,False,-0.21139754829846505,-0.15,0.12734486503333614,0.15,0.7292414311385291,1.7006975256449153,2.3,0.30827275527058445,0.1,0.6809663574928227,0.4726479479472003,1.0854099699868025,0.08612999104700117,False
zero_cash,moderate,V3_real_macro_vintage_clean_no_dxy_cap_0p70,td3,,False,max_drawdown;average_effective_number_of_assets;average_turnover,False,True,False,False,-0.1769549422972136,-0.15,0.0976987712376244,0.15,0.6571236875240694,1.9568992412966464,2.3,0.2767384531097496,0.1,0.9083162623487628,0.4946959689798298,1.3729643114658652,0.0875388966454899,td3,,False,max_drawdown;average_effective_number_of_assets;average_turnover,False,True,False,False,-0.19508257989693986,-0.15,0.12439220287226549,0.15,0.6571236875240694,1.9568992412966466,2.3,0.2767384531097496,0.1,0.7327139951044506,0.5100812883352502,1.0963558653823893,0.08461653495374341,False
zero_cash,moderate,Equal_Weight,benchmark,,False,max_drawdown,False,True,True,True,-0.2512975002879043,-0.15,0.1302191770174849,0.15,0.2,4.999999999999999,2.3,0.0,0.1,0.7913205232039142,0.3945776085810408,1.1963432275469057,0.0991563667059947,benchmark,,False,max_drawdown,False,True,True,True,-0.2512975002879043,-0.15,0.1302191770174849,0.15,0.2,4.999999999999999,2.3,0.0,0.1,0.7913205232039142,0.3945776085810408,1.1963432275469057,0.0991563667059947,False
zero_cash,moderate,rolling_risk_parity_inverse_vol_12p,benchmark,,False,max_drawdown,False,True,True,True,-0.269991400919034,-0.15,0.1123861908810632,0.15,0.3811193362167304,3.350499299521307,2.3,0.065611942559803,0.1,0.7993464897270386,0.3224996963238565,1.202231112672235,0.0870721448064411,benchmark,,False,max_drawdown,False,True,True,True,-0.269991400919034,-0.15,0.1123861908810632,0.15,0.3811193362167304,3.350499299521307,2.3,0.065611942559803,0.1,0.7993464897270386,0.3224996963238565,1.202231112672235,0.0870721448064411,False
zero_cash,moderate,V4_real_garch_current_cap_0p70,td3,,False,max_drawdown;average_effective_number_of_assets;average_turnover,False,True,False,False,-0.1719182284274294,-0.15,0.0759482106010633,0.15,0.650403030510398,2.004302828951787,2.3,0.4452178812134046,0.1,0.6653900842299352,0.2838265992108641,0.9654725393935006,0.0487949661169138,td3,,False,max_drawdown;average_effective_number_of_assets;average_turnover,False,True,False,False,-0.1843464354869825,-0.15,0.10280411044803288,0.15,0.6504030305103979,2.004302828951787,2.3,0.4452178812134046,0.1,0.5180260605288036,0.36795214187383,0.7780577058112079,0.047059535641156405,False
zero_cash,moderate,60_40_SPY_TLT,benchmark,,False,max_drawdown;average_effective_number_of_assets,False,True,False,True,-0.2482794217772905,-0.15,0.1250640395691306,0.15,0.5999999999999998,1.9230769230769231,2.3,0.0,0.1,0.3496406498886238,0.1473985162481731,0.4356431213797056,0.0365960183849269,benchmark,,False,max_drawdown;average_effective_number_of_assets,False,True,False,True,-0.2482794217772905,-0.15,0.1250640395691306,0.15,0.5999999999999998,1.9230769230769231,2.3,0.0,0.1,0.3496406498886238,0.1473985162481731,0.4356431213797056,0.0365960183849269,False
zero_cash,moderate,V8_ewma_garch_vol_current_cap_uncapped,td3,,False,max_drawdown;average_effective_number_of_assets;average_turnover,False,True,False,False,-0.2039741304727703,-0.15,0.1161059305367989,0.15,0.8773893414866458,1.3107241932933702,2.3,0.530399548934085,0.1,0.5254590591355164,0.2735093425418834,0.7360755928494638,0.0557888303211597,td3,,False,max_drawdown;annualized_volatility;average_effective_number_of_assets;average_turnover,False,False,False,False,-0.2825870759872734,-0.15,0.17401530089892564,0.15,0.8773893414866458,1.31072419329337,2.3,0.5303995489340851,0.1,0.33167020380509826,0.22604162068120903,0.4199520729756645,0.048248478954693676,False
zero_cash,moderate,V5_no_volatility_block_cap_0p50,td3,,False,max_drawdown;average_turnover,False,True,True,False,-0.253743266687027,-0.15,0.0989017257495595,0.15,0.4934377478474876,2.800666286309067,2.3,0.4195252410779325,0.1,0.5904504654848056,0.2165869984689263,0.8292302310022852,0.0549574925134435,td3,,False,max_drawdown;average_turnover,False,True,True,False,-0.2736497203961881,-0.15,0.1208053719342258,0.15,0.4934377478474876,2.8006662863090668,2.3,0.41952524107793254,0.1,0.5059126924324209,0.2280510051677962,0.7161811237470675,0.0525765436050555,False
zero_cash,moderate,momentum_winner_12p,benchmark,,False,max_drawdown;annualized_volatility;average_effective_number_of_assets;average_turnover,False,False,False,False,-0.3093328814892037,-0.15,0.3614291915419867,0.15,1.0,1.0,2.3,0.4561403508771929,0.1,0.8971611533196885,0.9713956605816546,1.6398602522661376,0.3004846187538317,benchmark,,False,max_drawdown;annualized_volatility;average_effective_number_of_assets;average_turnover,False,False,False,False,-0.3093328814892037,-0.15,0.3614291915419867,0.15,1.0,1.0,2.3,0.4561403508771929,0.1,0.8971611533196885,0.9713956605816546,1.6398602522661376,0.3004846187538317,False
zero_cash,moderate,Equal_Weight_Risky,benchmark,,False,max_drawdown;annualized_volatility,False,False,True,True,-0.3056136591486704,-0.15,0.1627739712718562,0.15,0.25,4.0,2.3,0.0,0.1,0.7913205232039137,0.400742544729944,1.1821249668671356,0.1224723954714679,benchmark,,False,max_drawdown;annualized_volatility,False,False,True,True,-0.3056136591486704,-0.15,0.1627739712718562,0.15,0.25,4.0,2.3,0.0,0.1,0.7913205232039137,0.400742544729944,1.1821249668671356,0.1224723954714679,False
zero_cash,moderate,risk_adjusted_momentum_winner_12p_12p,benchmark,,False,max_drawdown;annualized_volatility;average_effective_number_of_assets;average_turnover,False,False,False,False,-0.4905901606354652,-0.15,0.309098785780903,0.15,1.0,1.0,2.3,0.3596491228070175,0.1,0.5018355888550975,0.2365100068483016,0.6472036645041498,0.1160294822516032,benchmark,,False,max_drawdown;annualized_volatility;average_effective_number_of_assets;average_turnover,False,False,False,False,-0.4905901606354652,-0.15,0.309098785780903,0.15,1.0,1.0,2.3,0.3596491228070175,0.1,0.5018355888550975,0.2365100068483016,0.6472036645041498,0.1160294822516032,False
zero_cash,moderate,BuyHold_BTC-USD,benchmark,,False,max_drawdown;annualized_volatility;average_effective_number_of_assets,False,False,False,True,-0.6430152393197859,-0.15,0.5131787191095913,0.15,1.0,1.0,2.3,0.0,0.1,0.4918542301179646,0.2018200052378735,0.3953367308720968,0.1297733389675517,benchmark,,False,max_drawdown;annualized_volatility;average_effective_number_of_assets,False,False,False,True,-0.6430152393197859,-0.15,0.5131787191095913,0.15,1.0,1.0,2.3,0.0,0.1,0.4918542301179646,0.2018200052378735,0.3953367308720968,0.1297733389675517,False
zero_cash,moderate,BuyHold_TLT,benchmark,,False,max_drawdown;annualized_volatility;average_effective_number_of_assets,False,False,False,True,-0.3921915115720767,-0.15,0.1516641905461336,0.15,1.0,1.0,2.3,0.0,0.1,-0.5489279650114005,-0.2306366139027145,-0.8013945473501016,-0.090453722230371,benchmark,,False,max_drawdown;annualized_volatility;average_effective_number_of_assets,False,False,False,True,-0.3921915115720767,-0.15,0.1516641905461336,0.15,1.0,1.0,2.3,0.0,0.1,-0.5489279650114005,-0.2306366139027145,-0.8013945473501016,-0.090453722230371,False
zero_cash,aggressive,BuyHold_GLD,benchmark,,False,average_effective_number_of_assets,True,True,False,True,-0.1734831770796148,-0.25,0.1664043116160493,0.25,1.0,1.0,1.5,0.0,0.2,1.3081884451675567,1.3010381844969388,2.1982624534964055,0.2257082377484229,benchmark,,False,average_effective_number_of_assets,True,True,False,True,-0.1734831770796148,-0.25,0.1664043116160493,0.25,1.0,1.0,1.5,0.0,0.2,1.3081884451675567,1.3010381844969388,2.1982624534964055,0.2257082377484229,False
zero_cash,aggressive,rolling_markowitz_long_only_52p,benchmark,,True,,True,True,True,True,-0.2106307713462841,-0.25,0.2245106918365903,0.25,0.5909031263913668,1.9620233202532145,1.5,0.1038355667511928,0.2,1.1988242479757492,1.3112690117028711,2.212123727738206,0.2761936033774554,benchmark,,True,,True,True,True,True,-0.2106307713462841,-0.25,0.2245106918365903,0.25,0.5909031263913668,1.9620233202532145,1.5,0.1038355667511928,0.2,1.1988242479757492,1.3112690117028711,2.212123727738206,0.2761936033774554,False
zero_cash,aggressive,trend_spy_cash_12p,benchmark,,False,average_effective_number_of_assets,True,True,False,True,-0.1625884610537178,-0.25,0.1074537825814774,0.25,1.0,1.0,1.5,0.175438596491228,0.2,0.8174290189188304,0.5256181277344917,1.160329015809752,0.0854594424902874,benchmark,,False,average_effective_number_of_assets,True,True,False,True,-0.1625884610537178,-0.25,0.1074537825814774,0.25,1.0,1.0,1.5,0.175438596491228,0.2,0.8174290189188304,0.5256181277344917,1.160329015809752,0.0854594424902874,False
zero_cash,aggressive,defensive_risk_off_12p,benchmark,,False,average_effective_number_of_assets;average_turnover,True,True,False,False,-0.1883538534464882,-0.25,0.1423163741026759,0.25,1.0,1.0,1.5,0.2456140350877192,0.2,0.6507149699585638,0.4558135085018843,0.8468444327843481,0.0858542307792935,benchmark,,False,average_effective_number_of_assets;average_turnover,True,True,False,False,-0.1883538534464882,-0.25,0.1423163741026759,0.25,1.0,1.0,1.5,0.2456140350877192,0.2,0.6507149699585638,0.4558135085018843,0.8468444327843481,0.0858542307792935,False
zero_cash,aggressive,rolling_markowitz_min_variance_52p,benchmark,,True,,True,True,True,True,-0.2308584938745816,-0.25,0.1043954327541812,0.25,0.4779682729197295,2.647942470859379,1.5,0.0378109996137178,0.2,0.8064203650326056,0.3547726501232396,1.2637392644952323,0.081902279675345,benchmark,,True,,True,True,True,True,-0.2308584938745816,-0.25,0.1043954327541812,0.25,0.4779682729197295,2.647942470859379,1.5,0.0378109996137178,0.2,0.8064203650326056,0.3547726501232396,1.2637392644952323,0.081902279675345,False
zero_cash,aggressive,BuyHold_SPY,benchmark,,False,average_effective_number_of_assets,True,True,False,True,-0.2247947201487099,-0.25,0.1681668290824719,0.25,1.0,1.0,1.5,0.0,0.2,0.7634141117043921,0.5380491913795269,1.096043735503628,0.1209506174024004,benchmark,,False,average_effective_number_of_assets,True,True,False,True,-0.2247947201487099,-0.25,0.1681668290824719,0.25,1.0,1.0,1.5,0.0,0.2,0.7634141117043921,0.5380491913795269,1.096043735503628,0.1209506174024004,False
zero_cash,aggressive,V7_real_macro_vintage_clean_no_dxy_garch_cap_0p80,td3,,False,average_turnover,True,True,True,False,-0.16817981761958,-0.25,0.0842972270558551,0.25,0.7292414311385291,1.700697525644915,1.5,0.3082727552705845,0.2,1.062484720081153,0.5337589477974631,1.695784358447897,0.0897674824933962,td3,,False,average_turnover,True,True,True,False,-0.21139754829846505,-0.25,0.12734486503333614,0.25,0.7292414311385291,1.7006975256449153,1.5,0.30827275527058445,0.2,0.6809663574928227,0.4726479479472003,1.0854099699868025,0.08612999104700117,False
zero_cash,aggressive,V3_real_macro_vintage_clean_no_dxy_cap_0p70,td3,,False,average_turnover,True,True,True,False,-0.1769549422972136,-0.25,0.0976987712376244,0.25,0.6571236875240694,1.9568992412966464,1.5,0.2767384531097496,0.2,0.9083162623487628,0.4946959689798298,1.3729643114658652,0.0875388966454899,td3,,False,average_turnover,True,True,True,False,-0.19508257989693986,-0.25,0.12439220287226549,0.25,0.6571236875240694,1.9568992412966466,1.5,0.2767384531097496,0.2,0.7327139951044506,0.5100812883352502,1.0963558653823893,0.08461653495374341,False
zero_cash,aggressive,Equal_Weight,benchmark,,False,max_drawdown,False,True,True,True,-0.2512975002879043,-0.25,0.1302191770174849,0.25,0.2,4.999999999999999,1.5,0.0,0.2,0.7913205232039142,0.3945776085810408,1.1963432275469057,0.0991563667059947,benchmark,,False,max_drawdown,False,True,True,True,-0.2512975002879043,-0.25,0.1302191770174849,0.25,0.2,4.999999999999999,1.5,0.0,0.2,0.7913205232039142,0.3945776085810408,1.1963432275469057,0.0991563667059947,False
zero_cash,aggressive,rolling_risk_parity_inverse_vol_12p,benchmark,,False,max_drawdown,False,True,True,True,-0.269991400919034,-0.25,0.1123861908810632,0.25,0.3811193362167304,3.350499299521307,1.5,0.065611942559803,0.2,0.7993464897270386,0.3224996963238565,1.202231112672235,0.0870721448064411,benchmark,,False,max_drawdown,False,True,True,True,-0.269991400919034,-0.25,0.1123861908810632,0.25,0.3811193362167304,3.350499299521307,1.5,0.065611942559803,0.2,0.7993464897270386,0.3224996963238565,1.202231112672235,0.0870721448064411,False
zero_cash,aggressive,V4_real_garch_current_cap_0p70,td3,,False,average_turnover,True,True,True,False,-0.1719182284274294,-0.25,0.0759482106010633,0.25,0.650403030510398,2.004302828951787,1.5,0.4452178812134046,0.2,0.6653900842299352,0.2838265992108641,0.9654725393935006,0.0487949661169138,td3,,False,average_turnover,True,True,True,False,-0.1843464354869825,-0.25,0.10280411044803288,0.25,0.6504030305103979,2.004302828951787,1.5,0.4452178812134046,0.2,0.5180260605288036,0.36795214187383,0.7780577058112079,0.047059535641156405,False
zero_cash,aggressive,60_40_SPY_TLT,benchmark,,True,,True,True,True,True,-0.2482794217772905,-0.25,0.1250640395691306,0.25,0.5999999999999998,1.9230769230769231,1.5,0.0,0.2,0.3496406498886238,0.1473985162481731,0.4356431213797056,0.0365960183849269,benchmark,,True,,True,True,True,True,-0.2482794217772905,-0.25,0.1250640395691306,0.25,0.5999999999999998,1.9230769230769231,1.5,0.0,0.2,0.3496406498886238,0.1473985162481731,0.4356431213797056,0.0365960183849269,False
zero_cash,aggressive,V8_ewma_garch_vol_current_cap_uncapped,td3,,False,average_effective_number_of_assets;average_turnover,True,True,False,False,-0.2039741304727703,-0.25,0.1161059305367989,0.25,0.8773893414866458,1.3107241932933702,1.5,0.530399548934085,0.2,0.5254590591355164,0.2735093425418834,0.7360755928494638,0.0557888303211597,td3,,False,max_drawdown;average_effective_number_of_assets;average_turnover,False,True,False,False,-0.2825870759872734,-0.25,0.17401530089892564,0.25,0.8773893414866458,1.31072419329337,1.5,0.5303995489340851,0.2,0.33167020380509826,0.22604162068120903,0.4199520729756645,0.048248478954693676,False
zero_cash,aggressive,V5_no_volatility_block_cap_0p50,td3,,False,max_drawdown;average_turnover,False,True,True,False,-0.253743266687027,-0.25,0.0989017257495595,0.25,0.4934377478474876,2.800666286309067,1.5,0.4195252410779325,0.2,0.5904504654848056,0.2165869984689263,0.8292302310022852,0.0549574925134435,td3,,False,max_drawdown;average_turnover,False,True,True,False,-0.2736497203961881,-0.25,0.1208053719342258,0.25,0.4934377478474876,2.8006662863090668,1.5,0.41952524107793254,0.2,0.5059126924324209,0.2280510051677962,0.7161811237470675,0.0525765436050555,False
zero_cash,aggressive,momentum_winner_12p,benchmark,,False,max_drawdown;annualized_volatility;average_effective_number_of_assets;average_turnover,False,False,False,False,-0.3093328814892037,-0.25,0.3614291915419867,0.25,1.0,1.0,1.5,0.4561403508771929,0.2,0.8971611533196885,0.9713956605816546,1.6398602522661376,0.3004846187538317,benchmark,,False,max_drawdown;annualized_volatility;average_effective_number_of_assets;average_turnover,False,False,False,False,-0.3093328814892037,-0.25,0.3614291915419867,0.25,1.0,1.0,1.5,0.4561403508771929,0.2,0.8971611533196885,0.9713956605816546,1.6398602522661376,0.3004846187538317,False
zero_cash,aggressive,Equal_Weight_Risky,benchmark,,False,max_drawdown,False,True,True,True,-0.3056136591486704,-0.25,0.1627739712718562,0.25,0.25,4.0,1.5,0.0,0.2,0.7913205232039137,0.400742544729944,1.1821249668671356,0.1224723954714679,benchmark,,False,max_drawdown,False,True,True,True,-0.3056136591486704,-0.25,0.1627739712718562,0.25,0.25,4.0,1.5,0.0,0.2,0.7913205232039137,0.400742544729944,1.1821249668671356,0.1224723954714679,False
zero_cash,aggressive,risk_adjusted_momentum_winner_12p_12p,benchmark,,False,max_drawdown;annualized_volatility;average_effective_number_of_assets;average_turnover,False,False,False,False,-0.4905901606354652,-0.25,0.309098785780903,0.25,1.0,1.0,1.5,0.3596491228070175,0.2,0.5018355888550975,0.2365100068483016,0.6472036645041498,0.1160294822516032,benchmark,,False,max_drawdown;annualized_volatility;average_effective_number_of_assets;average_turnover,False,False,False,False,-0.4905901606354652,-0.25,0.309098785780903,0.25,1.0,1.0,1.5,0.3596491228070175,0.2,0.5018355888550975,0.2365100068483016,0.6472036645041498,0.1160294822516032,False
zero_cash,aggressive,BuyHold_BTC-USD,benchmark,,False,max_drawdown;annualized_volatility;average_effective_number_of_assets,False,False,False,True,-0.6430152393197859,-0.25,0.5131787191095913,0.25,1.0,1.0,1.5,0.0,0.2,0.4918542301179646,0.2018200052378735,0.3953367308720968,0.1297733389675517,benchmark,,False,max_drawdown;annualized_volatility;average_effective_number_of_assets,False,False,False,True,-0.6430152393197859,-0.25,0.5131787191095913,0.25,1.0,1.0,1.5,0.0,0.2,0.4918542301179646,0.2018200052378735,0.3953367308720968,0.1297733389675517,False
zero_cash,aggressive,BuyHold_TLT,benchmark,,False,max_drawdown;average_effective_number_of_assets,False,True,False,True,-0.3921915115720767,-0.25,0.1516641905461336,0.25,1.0,1.0,1.5,0.0,0.2,-0.5489279650114005,-0.2306366139027145,-0.8013945473501016,-0.090453722230371,benchmark,,False,max_drawdown;average_effective_number_of_assets,False,True,False,True,-0.3921915115720767,-0.25,0.1516641905461336,0.25,1.0,1.0,1.5,0.0,0.2,-0.5489279650114005,-0.2306366139027145,-0.8013945473501016,-0.090453722230371,False
bil_cash,conservative,BuyHold_GLD,benchmark,,False,max_drawdown;annualized_volatility;average_effective_number_of_assets,False,False,False,True,-0.1734831770796148,-0.1,0.1654320005729825,0.1,1.0,1.0,3.0,0.0,0.05,1.3474054884786069,1.3389979519584156,2.2927257862918013,0.2322936188088433,benchmark,,False,max_drawdown;annualized_volatility;average_effective_number_of_assets,False,False,False,True,-0.1734831770796148,-0.1,0.1654320005729825,0.1,1.0,1.0,3.0,0.0,0.05,1.3474054884786069,1.3389979519584156,2.2927257862918013,0.2322936188088433,False
bil_cash,conservative,rolling_markowitz_long_only_52p,benchmark,,False,max_drawdown;annualized_volatility;average_effective_number_of_assets;average_turnover,False,False,False,False,-0.2106307529911757,-0.1,0.2241712232198908,0.1,0.5909031333470443,1.9620232159854076,3.0,0.103835527210852,0.05,1.2195652401357844,1.3373607560626246,2.2639509476591826,0.2816893030703187,benchmark,,False,max_drawdown;annualized_volatility;average_effective_number_of_assets;average_turnover,False,False,False,False,-0.2106307529911757,-0.1,0.2241712232198908,0.1,0.5909031333470443,1.9620232159854076,3.0,0.103835527210852,0.05,1.2195652401357844,1.3373607560626246,2.2639509476591826,0.2816893030703187,False
bil_cash,conservative,trend_spy_cash_12p,benchmark,,False,max_drawdown;annualized_volatility;average_effective_number_of_assets;average_turnover,False,False,False,False,-0.1572678836058595,-0.1,0.1075136622288839,0.1,1.0,1.0,3.0,0.175438596491228,0.05,0.9032336086219156,0.6075481621453481,1.2965089844125814,0.0955478136492284,benchmark,,False,max_drawdown;annualized_volatility;average_effective_number_of_assets;average_turnover,False,False,False,False,-0.1572678836058595,-0.1,0.1075136622288839,0.1,1.0,1.0,3.0,0.175438596491228,0.05,0.9032336086219156,0.6075481621453481,1.2965089844125814,0.0955478136492284,False
bil_cash,conservative,V7_real_macro_vintage_clean_no_dxy_garch_cap_0p80,td3,,False,max_drawdown;annualized_volatility;average_effective_number_of_assets;average_turnover,False,False,False,False,-0.1661997647652323,-0.1,0.100143688371051,0.1,0.7279863523074549,1.6952182753647418,3.0,0.292068937523158,0.05,0.9865013125328428,0.5911440827758333,1.5125425270219923,0.0982480074997025,td3,,False,max_drawdown;annualized_volatility;average_effective_number_of_assets;average_turnover,False,False,False,False,-0.22371182261577208,-0.1,0.14658148536191717,0.1,0.7279863523074546,1.6952182753647418,3.0,0.29206893752315805,0.05,0.7548847133758281,0.6535773910140862,1.2317551130960722,0.0935975479630169,False
bil_cash,conservative,rolling_markowitz_min_variance_52p,benchmark,,False,max_drawdown;annualized_volatility;average_effective_number_of_assets,False,False,False,True,-0.2308587567687334,-0.1,0.1039724348932699,0.1,0.4779684111712217,2.6479422882322448,3.0,0.037811013321419,0.05,0.8418310211156397,0.370636746968185,1.3324762995380712,0.0855647386178828,benchmark,,False,max_drawdown;annualized_volatility;average_effective_number_of_assets,False,False,False,True,-0.2308587567687334,-0.1,0.1039724348932699,0.1,0.4779684111712217,2.6479422882322448,3.0,0.037811013321419,0.05,0.8418310211156397,0.370636746968185,1.3324762995380712,0.0855647386178828,False
bil_cash,conservative,defensive_risk_off_12p,benchmark,,False,max_drawdown;annualized_volatility;average_effective_number_of_assets;average_turnover,False,False,False,False,-0.1933586274362503,-0.1,0.1404246813239968,0.1,1.0,1.0,3.0,0.2368421052631578,0.05,0.6999200502562037,0.47746403946483,0.927601739354536,0.0923217913210872,benchmark,,False,max_drawdown;annualized_volatility;average_effective_number_of_assets;average_turnover,False,False,False,False,-0.1933586274362503,-0.1,0.1404246813239968,0.1,1.0,1.0,3.0,0.2368421052631578,0.05,0.6999200502562037,0.47746403946483,0.927601739354536,0.0923217913210872,False
bil_cash,conservative,BuyHold_SPY,benchmark,,False,max_drawdown;annualized_volatility;average_effective_number_of_assets,False,False,False,True,-0.2247945431293709,-0.1,0.1682616180460695,0.1,1.0,1.0,3.0,0.0,0.05,0.7795225030534743,0.5518324552358324,1.1241206757090594,0.1240489246586979,benchmark,,False,max_drawdown;annualized_volatility;average_effective_number_of_assets,False,False,False,True,-0.2247945431293709,-0.1,0.1682616180460695,0.1,1.0,1.0,3.0,0.0,0.05,0.7795225030534743,0.5518324552358324,1.1241206757090594,0.1240489246586979,False
bil_cash,conservative,Equal_Weight,benchmark,,False,max_drawdown;annualized_volatility,False,False,True,True,-0.2502947673645993,-0.1,0.1300632895424597,0.1,0.2,4.999999999999999,3.0,0.0,0.05,0.8767629381289029,0.4446844850564,1.354985270907359,0.1113021997378382,benchmark,,False,max_drawdown;annualized_volatility,False,False,True,True,-0.2502947673645993,-0.1,0.1300632895424597,0.1,0.2,4.999999999999999,3.0,0.0,0.05,0.8767629381289029,0.4446844850564,1.354985270907359,0.1113021997378382,False
bil_cash,conservative,risk_adjusted_momentum_winner_12p_12p,benchmark,,False,average_effective_number_of_assets,True,True,False,True,-0.0903335946859553,-0.1,0.0465899265861962,0.1,1.0,1.0,3.0,0.0350877192982456,0.05,0.3643147207623331,0.1771422293434176,0.4128191554705355,0.0160018943472748,benchmark,,False,average_effective_number_of_assets,True,True,False,True,-0.0903335946859553,-0.1,0.0465899265861962,0.1,1.0,1.0,3.0,0.0350877192982456,0.05,0.3643147207623331,0.1771422293434176,0.4128191554705355,0.0160018943472748,False
bil_cash,conservative,V3_real_macro_vintage_clean_no_dxy_cap_0p70,td3,,False,max_drawdown;average_effective_number_of_assets;average_turnover,False,True,False,False,-0.186674383782589,-0.1,0.0885991450820636,0.1,0.6489820179189589,1.9679669826779056,3.0,0.2418632943260651,0.05,0.8117810891720456,0.376772289790757,1.2092382406637714,0.0703337350230446,td3,,False,max_drawdown;annualized_volatility;average_effective_number_of_assets;average_turnover,False,False,False,False,-0.2080002928989754,-0.1,0.11271750611312423,0.1,0.6489820179189589,1.9679669826779054,3.0,0.24186329432606518,0.05,0.6822958217641761,0.4628945240371757,1.0684268673704067,0.06887660051656734,False
bil_cash,conservative,rolling_risk_parity_inverse_vol_12p,benchmark,,False,max_drawdown;annualized_volatility;average_turnover,False,False,True,False,-0.2699913295959265,-0.1,0.1119228345107243,0.1,0.3811191436729786,3.3505000715776703,3.0,0.0656118475912953,0.05,0.8367550757865162,0.3380800229359376,1.271267206891117,0.0912786749022951,benchmark,,False,max_drawdown;annualized_volatility;average_turnover,False,False,True,False,-0.2699913295959265,-0.1,0.1119228345107243,0.1,0.3811191436729786,3.3505000715776703,3.0,0.0656118475912953,0.05,0.8367550757865162,0.3380800229359376,1.271267206891117,0.0912786749022951,False
bil_cash,conservative,V4_real_garch_current_cap_0p80,td3,,False,max_drawdown;average_effective_number_of_assets;average_turnover,False,True,False,False,-0.1921222763923272,-0.1,0.0923225202371789,0.1,0.7186073594008724,1.7235638490320135,3.0,0.3461294784952904,0.05,0.6789487281868858,0.3131167699710876,1.0148073918730194,0.060156706623458,td3,,False,max_drawdown;annualized_volatility;average_effective_number_of_assets;average_turnover,False,False,False,False,-0.2217520382317879,-0.1,0.12132762522533261,0.1,0.7186073594008724,1.7235638490320135,3.0,0.3461294784952904,0.05,0.5796987029534358,0.31621287428421685,0.8707806951683541,0.05744237112990662,False
bil_cash,conservative,V8_ewma_garch_vol_current_cap_0p70,td3,,False,max_drawdown;average_effective_number_of_assets;average_turnover,False,True,False,False,-0.1863387342460286,-0.1,0.0922044152954779,0.1,0.6416854714261979,2.001523518551247,3.0,0.3420165322795018,0.05,0.7481593870288953,0.3587159309500794,1.0685898671856306,0.0668426725271236,td3,,False,max_drawdown;annualized_volatility;average_effective_number_of_assets;average_turnover,False,False,False,False,-0.2458568228144319,-0.1,0.12193597375898528,0.1,0.641685471426198,2.0015235185512474,3.0,0.34201653227950174,0.05,0.6544986918410602,0.43663344949819294,1.0098626467365939,0.06444312449802034,False
bil_cash,conservative,60_40_SPY_TLT,benchmark,,False,max_drawdown;annualized_volatility;average_effective_number_of_assets,False,False,False,True,-0.248279353013473,-0.1,0.1249610081510866,0.1,0.5999999999999998,1.9230769230769231,3.0,0.0,0.05,0.3739768167772648,0.160006947172636,0.4736713406648031,0.039726421321683,benchmark,,False,max_drawdown;annualized_volatility;average_effective_number_of_assets,False,False,False,True,-0.248279353013473,-0.1,0.1249610081510866,0.1,0.5999999999999998,1.9230769230769231,3.0,0.0,0.05,0.3739768167772648,0.160006947172636,0.4736713406648031,0.039726421321683,False
bil_cash,conservative,V5_no_volatility_block_cap_0p70,td3,,False,max_drawdown;annualized_volatility;average_effective_number_of_assets;average_turnover,False,False,False,False,-0.2887844907883635,-0.1,0.1027591821678567,0.1,0.6549660611082608,1.9487941368545303,3.0,0.3345648100143656,0.05,0.5862755863272554,0.1954871329741246,0.7554643637928475,0.0564536521516096,td3,,False,max_drawdown;annualized_volatility;average_effective_number_of_assets;average_turnover,False,False,False,False,-0.3115491595663437,-0.1,0.12985712356100038,0.1,0.654966061108261,1.9487941368545303,3.0,0.3345648100143657,0.05,0.48589112749418356,0.21674606211063127,0.6541451543630137,0.05398910917962425,False
bil_cash,conservative,momentum_winner_12p,benchmark,,False,max_drawdown;annualized_volatility;average_effective_number_of_assets;average_turnover,False,False,False,False,-0.3097942670536373,-0.1,0.3605680539994521,0.1,1.0,1.0,3.0,0.4298245614035088,0.05,0.9426637496448051,1.0370090899804274,1.7642539893303617,0.321259470958446,benchmark,,False,max_drawdown;annualized_volatility;average_effective_number_of_assets;average_turnover,False,False,False,False,-0.3097942670536373,-0.1,0.3605680539994521,0.1,1.0,1.0,3.0,0.4298245614035088,0.05,0.9426637496448051,1.0370090899804274,1.7642539893303617,0.321259470958446,False
bil_cash,conservative,Equal_Weight_Risky,benchmark,,False,max_drawdown;annualized_volatility,False,False,True,True,-0.3056136113726518,-0.1,0.1624407599572301,0.1,0.25,4.0,3.0,0.0,0.05,0.8190831900245825,0.416532743161521,1.2336854179398469,0.1272980758925497,benchmark,,False,max_drawdown;annualized_volatility,False,False,True,True,-0.3056136113726518,-0.1,0.1624407599572301,0.1,0.25,4.0,3.0,0.0,0.05,0.8190831900245825,0.416532743161521,1.2336854179398469,0.1272980758925497,False
bil_cash,conservative,BuyHold_BTC-USD,benchmark,,False,max_drawdown;annualized_volatility;average_effective_number_of_assets,False,False,False,True,-0.6430152393197859,-0.1,0.5131067754295661,0.1,1.0,1.0,3.0,0.0,0.05,0.5029295440009841,0.2117870810219775,0.4149466612676246,0.1361823205881858,benchmark,,False,max_drawdown;annualized_volatility;average_effective_number_of_assets,False,False,False,True,-0.6430152393197859,-0.1,0.5131067754295661,0.1,1.0,1.0,3.0,0.0,0.05,0.5029295440009841,0.2117870810219775,0.4149466612676246,0.1361823205881858,False
bil_cash,conservative,BuyHold_TLT,benchmark,,False,max_drawdown;annualized_volatility;average_effective_number_of_assets,False,False,False,True,-0.392191429079702,-0.1,0.1512384330258224,0.1,1.0,1.0,3.0,0.0,0.05,-0.5283992618658764,-0.2227162672003445,-0.7781254334686712,-0.0873474111125999,benchmark,,False,max_drawdown;annualized_volatility;average_effective_number_of_assets,False,False,False,True,-0.392191429079702,-0.1,0.1512384330258224,0.1,1.0,1.0,3.0,0.0,0.05,-0.5283992618658764,-0.2227162672003445,-0.7781254334686712,-0.0873474111125999,False
bil_cash,moderate,BuyHold_GLD,benchmark,,False,max_drawdown;annualized_volatility;average_effective_number_of_assets,False,False,False,True,-0.1734831770796148,-0.15,0.1654320005729825,0.15,1.0,1.0,2.3,0.0,0.1,1.3474054884786069,1.3389979519584156,2.2927257862918013,0.2322936188088433,benchmark,,False,max_drawdown;annualized_volatility;average_effective_number_of_assets,False,False,False,True,-0.1734831770796148,-0.15,0.1654320005729825,0.15,1.0,1.0,2.3,0.0,0.1,1.3474054884786069,1.3389979519584156,2.2927257862918013,0.2322936188088433,False
bil_cash,moderate,rolling_markowitz_long_only_52p,benchmark,,False,max_drawdown;annualized_volatility;average_effective_number_of_assets;average_turnover,False,False,False,False,-0.2106307529911757,-0.15,0.2241712232198908,0.15,0.5909031333470443,1.9620232159854076,2.3,0.103835527210852,0.1,1.2195652401357844,1.3373607560626246,2.2639509476591826,0.2816893030703187,benchmark,,False,max_drawdown;annualized_volatility;average_effective_number_of_assets;average_turnover,False,False,False,False,-0.2106307529911757,-0.15,0.2241712232198908,0.15,0.5909031333470443,1.9620232159854076,2.3,0.103835527210852,0.1,1.2195652401357844,1.3373607560626246,2.2639509476591826,0.2816893030703187,False
bil_cash,moderate,trend_spy_cash_12p,benchmark,,False,max_drawdown;average_effective_number_of_assets;average_turnover,False,True,False,False,-0.1572678836058595,-0.15,0.1075136622288839,0.15,1.0,1.0,2.3,0.175438596491228,0.1,0.9032336086219156,0.6075481621453481,1.2965089844125814,0.0955478136492284,benchmark,,False,max_drawdown;average_effective_number_of_assets;average_turnover,False,True,False,False,-0.1572678836058595,-0.15,0.1075136622288839,0.15,1.0,1.0,2.3,0.175438596491228,0.1,0.9032336086219156,0.6075481621453481,1.2965089844125814,0.0955478136492284,False
bil_cash,moderate,V7_real_macro_vintage_clean_no_dxy_garch_cap_0p80,td3,,False,max_drawdown;average_effective_number_of_assets;average_turnover,False,True,False,False,-0.1661997647652323,-0.15,0.100143688371051,0.15,0.7279863523074549,1.6952182753647418,2.3,0.292068937523158,0.1,0.9865013125328428,0.5911440827758333,1.5125425270219923,0.0982480074997025,td3,,False,max_drawdown;average_effective_number_of_assets;average_turnover,False,True,False,False,-0.22371182261577208,-0.15,0.14658148536191717,0.15,0.7279863523074546,1.6952182753647418,2.3,0.29206893752315805,0.1,0.7548847133758281,0.6535773910140862,1.2317551130960722,0.0935975479630169,False
bil_cash,moderate,rolling_markowitz_min_variance_52p,benchmark,,False,max_drawdown,False,True,True,True,-0.2308587567687334,-0.15,0.1039724348932699,0.15,0.4779684111712217,2.6479422882322448,2.3,0.037811013321419,0.1,0.8418310211156397,0.370636746968185,1.3324762995380712,0.0855647386178828,benchmark,,False,max_drawdown,False,True,True,True,-0.2308587567687334,-0.15,0.1039724348932699,0.15,0.4779684111712217,2.6479422882322448,2.3,0.037811013321419,0.1,0.8418310211156397,0.370636746968185,1.3324762995380712,0.0855647386178828,False
bil_cash,moderate,defensive_risk_off_12p,benchmark,,False,max_drawdown;average_effective_number_of_assets;average_turnover,False,True,False,False,-0.1933586274362503,-0.15,0.1404246813239968,0.15,1.0,1.0,2.3,0.2368421052631578,0.1,0.6999200502562037,0.47746403946483,0.927601739354536,0.0923217913210872,benchmark,,False,max_drawdown;average_effective_number_of_assets;average_turnover,False,True,False,False,-0.1933586274362503,-0.15,0.1404246813239968,0.15,1.0,1.0,2.3,0.2368421052631578,0.1,0.6999200502562037,0.47746403946483,0.927601739354536,0.0923217913210872,False
bil_cash,moderate,BuyHold_SPY,benchmark,,False,max_drawdown;annualized_volatility;average_effective_number_of_assets,False,False,False,True,-0.2247945431293709,-0.15,0.1682616180460695,0.15,1.0,1.0,2.3,0.0,0.1,0.7795225030534743,0.5518324552358324,1.1241206757090594,0.1240489246586979,benchmark,,False,max_drawdown;annualized_volatility;average_effective_number_of_assets,False,False,False,True,-0.2247945431293709,-0.15,0.1682616180460695,0.15,1.0,1.0,2.3,0.0,0.1,0.7795225030534743,0.5518324552358324,1.1241206757090594,0.1240489246586979,False
bil_cash,moderate,Equal_Weight,benchmark,,False,max_drawdown,False,True,True,True,-0.2502947673645993,-0.15,0.1300632895424597,0.15,0.2,4.999999999999999,2.3,0.0,0.1,0.8767629381289029,0.4446844850564,1.354985270907359,0.1113021997378382,benchmark,,False,max_drawdown,False,True,True,True,-0.2502947673645993,-0.15,0.1300632895424597,0.15,0.2,4.999999999999999,2.3,0.0,0.1,0.8767629381289029,0.4446844850564,1.354985270907359,0.1113021997378382,False
bil_cash,moderate,risk_adjusted_momentum_winner_12p_12p,benchmark,,False,average_effective_number_of_assets,True,True,False,True,-0.0903335946859553,-0.15,0.0465899265861962,0.15,1.0,1.0,2.3,0.0350877192982456,0.1,0.3643147207623331,0.1771422293434176,0.4128191554705355,0.0160018943472748,benchmark,,False,average_effective_number_of_assets,True,True,False,True,-0.0903335946859553,-0.15,0.0465899265861962,0.15,1.0,1.0,2.3,0.0350877192982456,0.1,0.3643147207623331,0.1771422293434176,0.4128191554705355,0.0160018943472748,False
bil_cash,moderate,V3_real_macro_vintage_clean_no_dxy_cap_0p70,td3,,False,max_drawdown;average_effective_number_of_assets;average_turnover,False,True,False,False,-0.186674383782589,-0.15,0.0885991450820636,0.15,0.6489820179189589,1.9679669826779056,2.3,0.2418632943260651,0.1,0.8117810891720456,0.376772289790757,1.2092382406637714,0.0703337350230446,td3,,False,max_drawdown;average_effective_number_of_assets;average_turnover,False,True,False,False,-0.2080002928989754,-0.15,0.11271750611312423,0.15,0.6489820179189589,1.9679669826779054,2.3,0.24186329432606518,0.1,0.6822958217641761,0.4628945240371757,1.0684268673704067,0.06887660051656734,False
bil_cash,moderate,rolling_risk_parity_inverse_vol_12p,benchmark,,False,max_drawdown,False,True,True,True,-0.2699913295959265,-0.15,0.1119228345107243,0.15,0.3811191436729786,3.3505000715776703,2.3,0.0656118475912953,0.1,0.8367550757865162,0.3380800229359376,1.271267206891117,0.0912786749022951,benchmark,,False,max_drawdown,False,True,True,True,-0.2699913295959265,-0.15,0.1119228345107243,0.15,0.3811191436729786,3.3505000715776703,2.3,0.0656118475912953,0.1,0.8367550757865162,0.3380800229359376,1.271267206891117,0.0912786749022951,False
bil_cash,moderate,V4_real_garch_current_cap_0p80,td3,,False,max_drawdown;average_effective_number_of_assets;average_turnover,False,True,False,False,-0.1921222763923272,-0.15,0.0923225202371789,0.15,0.7186073594008724,1.7235638490320135,2.3,0.3461294784952904,0.1,0.6789487281868858,0.3131167699710876,1.0148073918730194,0.060156706623458,td3,,False,max_drawdown;average_effective_number_of_assets;average_turnover,False,True,False,False,-0.2217520382317879,-0.15,0.12132762522533261,0.15,0.7186073594008724,1.7235638490320135,2.3,0.3461294784952904,0.1,0.5796987029534358,0.31621287428421685,0.8707806951683541,0.05744237112990662,False
bil_cash,moderate,V8_ewma_garch_vol_current_cap_0p70,td3,,False,max_drawdown;average_effective_number_of_assets;average_turnover,False,True,False,False,-0.1863387342460286,-0.15,0.0922044152954779,0.15,0.6416854714261979,2.001523518551247,2.3,0.3420165322795018,0.1,0.7481593870288953,0.3587159309500794,1.0685898671856306,0.0668426725271236,td3,,False,max_drawdown;average_effective_number_of_assets;average_turnover,False,True,False,False,-0.2458568228144319,-0.15,0.12193597375898528,0.15,0.641685471426198,2.0015235185512474,2.3,0.34201653227950174,0.1,0.6544986918410602,0.43663344949819294,1.0098626467365939,0.06444312449802034,False
bil_cash,moderate,60_40_SPY_TLT,benchmark,,False,max_drawdown;average_effective_number_of_assets,False,True,False,True,-0.248279353013473,-0.15,0.1249610081510866,0.15,0.5999999999999998,1.9230769230769231,2.3,0.0,0.1,0.3739768167772648,0.160006947172636,0.4736713406648031,0.039726421321683,benchmark,,False,max_drawdown;average_effective_number_of_assets,False,True,False,True,-0.248279353013473,-0.15,0.1249610081510866,0.15,0.5999999999999998,1.9230769230769231,2.3,0.0,0.1,0.3739768167772648,0.160006947172636,0.4736713406648031,0.039726421321683,False
bil_cash,moderate,V5_no_volatility_block_cap_0p70,td3,,False,max_drawdown;average_effective_number_of_assets;average_turnover,False,True,False,False,-0.2887844907883635,-0.15,0.1027591821678567,0.15,0.6549660611082608,1.9487941368545303,2.3,0.3345648100143656,0.1,0.5862755863272554,0.1954871329741246,0.7554643637928475,0.0564536521516096,td3,,False,max_drawdown;average_effective_number_of_assets;average_turnover,False,True,False,False,-0.3115491595663437,-0.15,0.12985712356100038,0.15,0.654966061108261,1.9487941368545303,2.3,0.3345648100143657,0.1,0.48589112749418356,0.21674606211063127,0.6541451543630137,0.05398910917962425,False
bil_cash,moderate,momentum_winner_12p,benchmark,,False,max_drawdown;annualized_volatility;average_effective_number_of_assets;average_turnover,False,False,False,False,-0.3097942670536373,-0.15,0.3605680539994521,0.15,1.0,1.0,2.3,0.4298245614035088,0.1,0.9426637496448051,1.0370090899804274,1.7642539893303617,0.321259470958446,benchmark,,False,max_drawdown;annualized_volatility;average_effective_number_of_assets;average_turnover,False,False,False,False,-0.3097942670536373,-0.15,0.3605680539994521,0.15,1.0,1.0,2.3,0.4298245614035088,0.1,0.9426637496448051,1.0370090899804274,1.7642539893303617,0.321259470958446,False
bil_cash,moderate,Equal_Weight_Risky,benchmark,,False,max_drawdown;annualized_volatility,False,False,True,True,-0.3056136113726518,-0.15,0.1624407599572301,0.15,0.25,4.0,2.3,0.0,0.1,0.8190831900245825,0.416532743161521,1.2336854179398469,0.1272980758925497,benchmark,,False,max_drawdown;annualized_volatility,False,False,True,True,-0.3056136113726518,-0.15,0.1624407599572301,0.15,0.25,4.0,2.3,0.0,0.1,0.8190831900245825,0.416532743161521,1.2336854179398469,0.1272980758925497,False
bil_cash,moderate,BuyHold_BTC-USD,benchmark,,False,max_drawdown;annualized_volatility;average_effective_number_of_assets,False,False,False,True,-0.6430152393197859,-0.15,0.5131067754295661,0.15,1.0,1.0,2.3,0.0,0.1,0.5029295440009841,0.2117870810219775,0.4149466612676246,0.1361823205881858,benchmark,,False,max_drawdown;annualized_volatility;average_effective_number_of_assets,False,False,False,True,-0.6430152393197859,-0.15,0.5131067754295661,0.15,1.0,1.0,2.3,0.0,0.1,0.5029295440009841,0.2117870810219775,0.4149466612676246,0.1361823205881858,False
bil_cash,moderate,BuyHold_TLT,benchmark,,False,max_drawdown;annualized_volatility;average_effective_number_of_assets,False,False,False,True,-0.392191429079702,-0.15,0.1512384330258224,0.15,1.0,1.0,2.3,0.0,0.1,-0.5283992618658764,-0.2227162672003445,-0.7781254334686712,-0.0873474111125999,benchmark,,False,max_drawdown;annualized_volatility;average_effective_number_of_assets,False,False,False,True,-0.392191429079702,-0.15,0.1512384330258224,0.15,1.0,1.0,2.3,0.0,0.1,-0.5283992618658764,-0.2227162672003445,-0.7781254334686712,-0.0873474111125999,False
bil_cash,aggressive,BuyHold_GLD,benchmark,,False,average_effective_number_of_assets,True,True,False,True,-0.1734831770796148,-0.25,0.1654320005729825,0.25,1.0,1.0,1.5,0.0,0.2,1.3474054884786069,1.3389979519584156,2.2927257862918013,0.2322936188088433,benchmark,,False,average_effective_number_of_assets,True,True,False,True,-0.1734831770796148,-0.25,0.1654320005729825,0.25,1.0,1.0,1.5,0.0,0.2,1.3474054884786069,1.3389979519584156,2.2927257862918013,0.2322936188088433,False
bil_cash,aggressive,rolling_markowitz_long_only_52p,benchmark,,True,,True,True,True,True,-0.2106307529911757,-0.25,0.2241712232198908,0.25,0.5909031333470443,1.9620232159854076,1.5,0.103835527210852,0.2,1.2195652401357844,1.3373607560626246,2.2639509476591826,0.2816893030703187,benchmark,,True,,True,True,True,True,-0.2106307529911757,-0.25,0.2241712232198908,0.25,0.5909031333470443,1.9620232159854076,1.5,0.103835527210852,0.2,1.2195652401357844,1.3373607560626246,2.2639509476591826,0.2816893030703187,False
bil_cash,aggressive,trend_spy_cash_12p,benchmark,,False,average_effective_number_of_assets,True,True,False,True,-0.1572678836058595,-0.25,0.1075136622288839,0.25,1.0,1.0,1.5,0.175438596491228,0.2,0.9032336086219156,0.6075481621453481,1.2965089844125814,0.0955478136492284,benchmark,,False,average_effective_number_of_assets,True,True,False,True,-0.1572678836058595,-0.25,0.1075136622288839,0.25,1.0,1.0,1.5,0.175438596491228,0.2,0.9032336086219156,0.6075481621453481,1.2965089844125814,0.0955478136492284,False
bil_cash,aggressive,V7_real_macro_vintage_clean_no_dxy_garch_cap_0p80,td3,,False,average_turnover,True,True,True,False,-0.1661997647652323,-0.25,0.100143688371051,0.25,0.7279863523074549,1.6952182753647418,1.5,0.292068937523158,0.2,0.9865013125328428,0.5911440827758333,1.5125425270219923,0.0982480074997025,td3,,False,average_turnover,True,True,True,False,-0.22371182261577208,-0.25,0.14658148536191717,0.25,0.7279863523074546,1.6952182753647418,1.5,0.29206893752315805,0.2,0.7548847133758281,0.6535773910140862,1.2317551130960722,0.0935975479630169,False
bil_cash,aggressive,rolling_markowitz_min_variance_52p,benchmark,,True,,True,True,True,True,-0.2308587567687334,-0.25,0.1039724348932699,0.25,0.4779684111712217,2.6479422882322448,1.5,0.037811013321419,0.2,0.8418310211156397,0.370636746968185,1.3324762995380712,0.0855647386178828,benchmark,,True,,True,True,True,True,-0.2308587567687334,-0.25,0.1039724348932699,0.25,0.4779684111712217,2.6479422882322448,1.5,0.037811013321419,0.2,0.8418310211156397,0.370636746968185,1.3324762995380712,0.0855647386178828,False
bil_cash,aggressive,defensive_risk_off_12p,benchmark,,False,average_effective_number_of_assets;average_turnover,True,True,False,False,-0.1933586274362503,-0.25,0.1404246813239968,0.25,1.0,1.0,1.5,0.2368421052631578,0.2,0.6999200502562037,0.47746403946483,0.927601739354536,0.0923217913210872,benchmark,,False,average_effective_number_of_assets;average_turnover,True,True,False,False,-0.1933586274362503,-0.25,0.1404246813239968,0.25,1.0,1.0,1.5,0.2368421052631578,0.2,0.6999200502562037,0.47746403946483,0.927601739354536,0.0923217913210872,False
bil_cash,aggressive,BuyHold_SPY,benchmark,,False,average_effective_number_of_assets,True,True,False,True,-0.2247945431293709,-0.25,0.1682616180460695,0.25,1.0,1.0,1.5,0.0,0.2,0.7795225030534743,0.5518324552358324,1.1241206757090594,0.1240489246586979,benchmark,,False,average_effective_number_of_assets,True,True,False,True,-0.2247945431293709,-0.25,0.1682616180460695,0.25,1.0,1.0,1.5,0.0,0.2,0.7795225030534743,0.5518324552358324,1.1241206757090594,0.1240489246586979,False
bil_cash,aggressive,Equal_Weight,benchmark,,False,max_drawdown,False,True,True,True,-0.2502947673645993,-0.25,0.1300632895424597,0.25,0.2,4.999999999999999,1.5,0.0,0.2,0.8767629381289029,0.4446844850564,1.354985270907359,0.1113021997378382,benchmark,,False,max_drawdown,False,True,True,True,-0.2502947673645993,-0.25,0.1300632895424597,0.25,0.2,4.999999999999999,1.5,0.0,0.2,0.8767629381289029,0.4446844850564,1.354985270907359,0.1113021997378382,False
bil_cash,aggressive,risk_adjusted_momentum_winner_12p_12p,benchmark,,False,average_effective_number_of_assets,True,True,False,True,-0.0903335946859553,-0.25,0.0465899265861962,0.25,1.0,1.0,1.5,0.0350877192982456,0.2,0.3643147207623331,0.1771422293434176,0.4128191554705355,0.0160018943472748,benchmark,,False,average_effective_number_of_assets,True,True,False,True,-0.0903335946859553,-0.25,0.0465899265861962,0.25,1.0,1.0,1.5,0.0350877192982456,0.2,0.3643147207623331,0.1771422293434176,0.4128191554705355,0.0160018943472748,False
bil_cash,aggressive,V3_real_macro_vintage_clean_no_dxy_cap_0p70,td3,,False,average_turnover,True,True,True,False,-0.186674383782589,-0.25,0.0885991450820636,0.25,0.6489820179189589,1.9679669826779056,1.5,0.2418632943260651,0.2,0.8117810891720456,0.376772289790757,1.2092382406637714,0.0703337350230446,td3,,False,average_turnover,True,True,True,False,-0.2080002928989754,-0.25,0.11271750611312423,0.25,0.6489820179189589,1.9679669826779054,1.5,0.24186329432606518,0.2,0.6822958217641761,0.4628945240371757,1.0684268673704067,0.06887660051656734,False
bil_cash,aggressive,rolling_risk_parity_inverse_vol_12p,benchmark,,False,max_drawdown,False,True,True,True,-0.2699913295959265,-0.25,0.1119228345107243,0.25,0.3811191436729786,3.3505000715776703,1.5,0.0656118475912953,0.2,0.8367550757865162,0.3380800229359376,1.271267206891117,0.0912786749022951,benchmark,,False,max_drawdown,False,True,True,True,-0.2699913295959265,-0.25,0.1119228345107243,0.25,0.3811191436729786,3.3505000715776703,1.5,0.0656118475912953,0.2,0.8367550757865162,0.3380800229359376,1.271267206891117,0.0912786749022951,False
bil_cash,aggressive,V4_real_garch_current_cap_0p80,td3,,False,average_turnover,True,True,True,False,-0.1921222763923272,-0.25,0.0923225202371789,0.25,0.7186073594008724,1.7235638490320135,1.5,0.3461294784952904,0.2,0.6789487281868858,0.3131167699710876,1.0148073918730194,0.060156706623458,td3,,False,average_turnover,True,True,True,False,-0.2217520382317879,-0.25,0.12132762522533261,0.25,0.7186073594008724,1.7235638490320135,1.5,0.3461294784952904,0.2,0.5796987029534358,0.31621287428421685,0.8707806951683541,0.05744237112990662,False
bil_cash,aggressive,V8_ewma_garch_vol_current_cap_0p70,td3,,False,average_turnover,True,True,True,False,-0.1863387342460286,-0.25,0.0922044152954779,0.25,0.6416854714261979,2.001523518551247,1.5,0.3420165322795018,0.2,0.7481593870288953,0.3587159309500794,1.0685898671856306,0.0668426725271236,td3,,False,average_turnover,True,True,True,False,-0.2458568228144319,-0.25,0.12193597375898528,0.25,0.641685471426198,2.0015235185512474,1.5,0.34201653227950174,0.2,0.6544986918410602,0.43663344949819294,1.0098626467365939,0.06444312449802034,False
bil_cash,aggressive,60_40_SPY_TLT,benchmark,,True,,True,True,True,True,-0.248279353013473,-0.25,0.1249610081510866,0.25,0.5999999999999998,1.9230769230769231,1.5,0.0,0.2,0.3739768167772648,0.160006947172636,0.4736713406648031,0.039726421321683,benchmark,,True,,True,True,True,True,-0.248279353013473,-0.25,0.1249610081510866,0.25,0.5999999999999998,1.9230769230769231,1.5,0.0,0.2,0.3739768167772648,0.160006947172636,0.4736713406648031,0.039726421321683,False
bil_cash,aggressive,V5_no_volatility_block_cap_0p70,td3,,False,max_drawdown;average_turnover,False,True,True,False,-0.2887844907883635,-0.25,0.1027591821678567,0.25,0.6549660611082608,1.9487941368545303,1.5,0.3345648100143656,0.2,0.5862755863272554,0.1954871329741246,0.7554643637928475,0.0564536521516096,td3,,False,max_drawdown;average_turnover,False,True,True,False,-0.3115491595663437,-0.25,0.12985712356100038,0.25,0.654966061108261,1.9487941368545303,1.5,0.3345648100143657,0.2,0.48589112749418356,0.21674606211063127,0.6541451543630137,0.05398910917962425,False
bil_cash,aggressive,momentum_winner_12p,benchmark,,False,max_drawdown;annualized_volatility;average_effective_number_of_assets;average_turnover,False,False,False,False,-0.3097942670536373,-0.25,0.3605680539994521,0.25,1.0,1.0,1.5,0.4298245614035088,0.2,0.9426637496448051,1.0370090899804274,1.7642539893303617,0.321259470958446,benchmark,,False,max_drawdown;annualized_volatility;average_effective_number_of_assets;average_turnover,False,False,False,False,-0.3097942670536373,-0.25,0.3605680539994521,0.25,1.0,1.0,1.5,0.4298245614035088,0.2,0.9426637496448051,1.0370090899804274,1.7642539893303617,0.321259470958446,False
bil_cash,aggressive,Equal_Weight_Risky,benchmark,,False,max_drawdown,False,True,True,True,-0.3056136113726518,-0.25,0.1624407599572301,0.25,0.25,4.0,1.5,0.0,0.2,0.8190831900245825,0.416532743161521,1.2336854179398469,0.1272980758925497,benchmark,,False,max_drawdown,False,True,True,True,-0.3056136113726518,-0.25,0.1624407599572301,0.25,0.25,4.0,1.5,0.0,0.2,0.8190831900245825,0.416532743161521,1.2336854179398469,0.1272980758925497,False
bil_cash,aggressive,BuyHold_BTC-USD,benchmark,,False,max_drawdown;annualized_volatility;average_effective_number_of_assets,False,False,False,True,-0.6430152393197859,-0.25,0.5131067754295661,0.25,1.0,1.0,1.5,0.0,0.2,0.5029295440009841,0.2117870810219775,0.4149466612676246,0.1361823205881858,benchmark,,False,max_drawdown;annualized_volatility;average_effective_number_of_assets,False,False,False,True,-0.6430152393197859,-0.25,0.5131067754295661,0.25,1.0,1.0,1.5,0.0,0.2,0.5029295440009841,0.2117870810219775,0.4149466612676246,0.1361823205881858,False
bil_cash,aggressive,BuyHold_TLT,benchmark,,False,max_drawdown;average_effective_number_of_assets,False,True,False,True,-0.392191429079702,-0.25,0.1512384330258224,0.25,1.0,1.0,1.5,0.0,0.2,-0.5283992618658764,-0.2227162672003445,-0.7781254334686712,-0.0873474111125999,benchmark,,False,max_drawdown;average_effective_number_of_assets,False,True,False,True,-0.392191429079702,-0.25,0.1512384330258224,0.25,1.0,1.0,1.5,0.0,0.2,-0.5283992618658764,-0.2227162672003445,-0.7781254334686712,-0.0873474111125999,False
