rank_mandate_aware_old,rank_robust_old,rank_sharpe_old,strategy_name,strategy_type_old,base_candidate_old,cap_label_old,transaction_cost_mode_old,cumulative_return_old,annualized_return_old,annualized_volatility_old,sharpe_old,sortino_old,calmar_old,robust_score_old,mandate_aware_score_old,mandate_bucket_old,recovery_required_old,drawdown_multiplier_old,max_drawdown_old,worst_max_drawdown_old,average_turnover_old,average_effective_assets,average_max_weight_old,mean_cash_weight_old,total_transaction_cost_old,mean_transaction_cost_old,mean_btc_weight_old,mean_cash_transaction_cost_contribution_old,mean_btc_transaction_cost_contribution_old,dsr_score_old,dsr_method_old,protocol,strategy_type_aligned,base_candidate_aligned,cap_label_aligned,transaction_cost_mode_aligned,n_observations,start_date,end_date,frequency,cumulative_return_aligned,annualized_return_aligned,annualized_volatility_aligned,sharpe_aligned,sortino_aligned,calmar_aligned,max_drawdown_aligned,average_turnover_aligned,total_transaction_cost_aligned,mean_transaction_cost_aligned,average_max_weight_aligned,average_effective_number_of_assets,mean_cash_weight_aligned,cash_above_10_rate,mean_btc_weight_aligned,mean_cash_transaction_cost_contribution_aligned,mean_btc_transaction_cost_contribution_aligned,std_sharpe,worst_max_drawdown_aligned,dsr_score_aligned,median_aligned_seed_dsr_n25,date_averaged_dsr_n25,dsr_method_aligned,n_aligned_seeds,type,dsr_available,sortino_score,calmar_score,drawdown_score,stability_score,discipline_score,robust_score_aligned,mandate_bucket_aligned,recovery_required_aligned,drawdown_multiplier_aligned,mandate_aware_score_aligned,rank_mandate_aware_aligned,rank_robust_aligned,rank_sharpe_aligned,delta_annualized_return,delta_annualized_volatility,delta_sharpe,delta_max_drawdown,delta_robust_score,delta_mandate_aware_score,change_rank_mandate_aware,change_rank_robust,change_rank_sharpe,change_explanation
11,17,15,60_40_SPY_TLT,benchmark,,,asset_specific,1.4792341808744545,0.0828731687984369,0.1114309430873978,0.7707570315393776,1.099804095523805,0.3083827376091735,0.5620655732884461,0.3555104573500312,eligible_red,0.3674929149813148,0.6325070850186851,-0.2687347853545085,-0.2687347853545085,0.0020236087689713,1.923076923076923,0.6,0.0,0.0003599999999999,6.070826306913996e-07,0.0,0.0,3.3726812816188874e-07,0.7086130332914857,benchmark_history_dsr_n25,zero_cash,benchmark,,,asset_specific,228,2022-01-07,2026-05-15,weekly Friday,0.17068974293223782,0.03659601838492699,0.12506403956913067,0.3496406498886238,0.4356431213797056,0.1473985162481731,-0.24827942177729057,0.0,0.0,0.0,0.5999999999999998,1.9230769230769234,0.0,0.0,0.0,0.0,0.0,0.0,-0.24827942177729057,0.10291550980732272,,0.10291550980732272,aligned_single_history_n25,1,benchmark,True,0.4104961562556169,0.2451739742517729,0.821635752626354,0.9464907257879062,0.9846153846153847,0.4291338837471878,eligible_yellow,0.3302815287620525,0.6697184712379475,0.2873988885795697,12,14,18,-0.04627715041350991,0.013633096481732873,-0.42111638165075377,0.020455363577217944,-0.13293168954125828,-0.06811156877046148,1,-3,3,Benchmark metrics are recomputed on the exact 228-date OOS window rather than full available history. Robust and mandate scores are renormalized in the aligned universe.
12,18,7,BuyHold_BTC-USD,benchmark,,,asset_specific,249.72617472068745,0.6232489539715265,0.665765918279443,1.0580630375269156,1.5589886900141494,0.7629625355876146,0.5591975515143428,0.0,not_eligible,4.460904564626515,0.0,-0.8168801545301511,-0.8168801545301511,0.0026981450252951,1.0,1.0,0.0,0.00092,1.551433389544688e-06,1.0,0.0,1.349072512647555e-06,0.948748945858201,benchmark_history_dsr_n25,zero_cash,benchmark,,,asset_specific,228,2022-01-07,2026-05-15,weekly Friday,0.7074443774278996,0.12977333896755172,0.5131787191095913,0.4918542301179646,0.3953367308720968,0.20182000523787358,-0.6430152393197859,0.0,0.0,0.0,1.0,1.0,0.0,0.0,1.0,0.0,0.0,0.0,-0.6430152393197859,0.16851613424311573,,0.16851613424311573,aligned_single_history_n25,1,benchmark,True,0.39712096260213636,0.2804689288105685,0.0,0.7,0.8,0.29607281855547574,not_eligible,1.80124002518919,0.0,0.0,15,18,17,-0.49347561500397474,-0.15258719916985164,-0.566208807408951,0.17386491521036518,-0.26312473295886707,0.0,3,0,10,Benchmark metrics are recomputed on the exact 228-date OOS window rather than full available history. Robust and mandate scores are renormalized in the aligned universe.
7,13,14,BuyHold_GLD,benchmark,,,asset_specific,2.6563058690574155,0.1203998374163939,0.151432882990567,0.8271301262123212,1.2237818435034011,0.6072823571638948,0.6249964581770082,0.4704428052971339,clean_mandate,0.2472872459640442,0.7527127540359557,-0.1982600613966134,-0.1982600613966134,0.0026981450252951,1.0,1.0,0.0,0.00044,7.419898819561552e-07,0.0,0.0,3.3726812816188874e-07,0.7766980970217725,benchmark_history_dsr_n25,zero_cash,benchmark,,,asset_specific,228,2022-01-07,2026-05-15,weekly Friday,1.4408633139757354,0.22570823774842297,0.1664043116160493,1.3081884451675567,2.1982624534964055,1.3010381844969388,-0.1734831770796148,0.0,0.0,0.0,1.0,1.0,0.0,0.0,0.0,0.0,0.0,0.0,-0.1734831770796148,0.7460632557929164,,0.7460632557929164,aligned_single_history_n25,1,benchmark,True,0.9954003019140825,0.9933648162144073,0.9773228376960634,0.993196851308819,0.8,0.9074901111488645,clean_mandate,0.20989672837708917,0.7901032716229108,0.7170109057841568,1,1,1,0.10530840033202907,0.014971428625482286,0.48105831895523554,0.024776884316998593,0.28249365297185625,0.24656810048702293,-6,-12,-13,Benchmark metrics are recomputed on the exact 228-date OOS window rather than full available history. Robust and mandate scores are renormalized in the aligned universe.
12,16,12,BuyHold_SPY,benchmark,,,asset_specific,3.342940406350209,0.1374363014860526,0.1670887326203726,0.855767991611123,1.1940536411664493,0.4317963632394241,0.5781298206796586,0.0,not_eligible,0.4668986025733449,0.5331013974266551,-0.3182896225780541,-0.3182896225780542,0.0026981450252951,1.0,1.0,0.0,0.00044,7.419898819561551e-07,0.0,0.0,3.3726812816188874e-07,0.7765307525830739,benchmark_history_dsr_n25,zero_cash,benchmark,,,asset_specific,228,2022-01-07,2026-05-15,weekly Friday,0.6497481321827132,0.12095061740240043,0.16816682908247196,0.7634141117043921,1.096043735503628,0.5380491913795269,-0.22479472014870994,0.0,0.0,0.0,1.0,1.0,0.0,0.0,0.0,0.0,0.0,0.0,-0.22479472014870994,0.33826318770281705,,0.33826318770281705,aligned_single_history_n25,1,benchmark,True,0.6296422021194238,0.4985297365267339,0.8705187514328327,0.9611556254298498,0.8,0.5938067192979866,eligible_yellow,0.2899808940824461,0.7100191059175539,0.42161411592379233,6,6,11,-0.01648568408365217,0.0010780964620993594,-0.09235387990673094,0.09349490242934416,0.015676898618327995,0.42161411592379233,-6,-10,-1,Benchmark metrics are recomputed on the exact 228-date OOS window rather than full available history. Robust and mandate scores are renormalized in the aligned universe.
12,19,19,BuyHold_TLT,benchmark,,,asset_specific,-0.1043519748560168,-0.009617540723981,0.1404057451829499,0.0015251202375684,-0.0941138793245733,-0.0201091164999358,0.1682420994288606,0.0,not_eligible,0.9166917276643104,0.0833082723356896,-0.4782676913732994,-0.4782676913732993,0.0026981450252951,1.0,1.0,0.0,0.00044,7.419898819561551e-07,0.0,0.0,3.3726812816188874e-07,0.0231853043638058,benchmark_history_dsr_n25,zero_cash,benchmark,,,asset_specific,228,2022-01-07,2026-05-15,weekly Friday,-0.3401236119888653,-0.09045372223037107,0.1516641905461336,-0.5489279650114005,-0.8013945473501016,-0.23063661390271453,-0.39219151157207677,0.0,0.0,0.0,1.0,1.0,0.0,0.0,0.0,0.0,0.0,0.0,-0.39219151157207677,0.0008432122246800899,,0.0008432122246800899,aligned_single_history_n25,1,benchmark,True,0.0,0.0,0.5220852356585313,0.8566255706975593,0.8,0.20422830608593964,not_eligible,0.6452550746477188,0.3547449253522812,0.0,15,19,19,-0.08083618150639008,0.011258445363183683,-0.5504530852489689,0.08607617980122262,0.03598620665707905,0.0,3,0,0,Benchmark metrics are recomputed on the exact 228-date OOS window rather than full available history. Robust and mandate scores are renormalized in the aligned universe.
12,8,1,Equal_Weight,benchmark,,,asset_specific,7.028762387831765,0.2004066062724641,0.152744549564215,1.2741230530453893,2.133417577222726,0.6584389899401593,0.7255703571055817,0.0,not_eligible,0.4375380724561609,0.5624619275438392,-0.3043662500768334,-0.3043662500768334,0.0,4.999999999999999,0.1999999999999999,0.1999999999999999,0.0,0.0,0.1999999999999999,0.0,0.0,0.9851518850557038,benchmark_history_dsr_n25,zero_cash,benchmark,,,asset_specific,228,2022-01-07,2026-05-15,weekly Friday,0.5136658991736218,0.0991563667059947,0.13021917701748498,0.7913205232039142,1.1963432275469057,0.3945776085810408,-0.2512975002879043,0.0,0.0,0.0,0.2,4.999999999999999,0.2,1.0,0.2,0.0,0.0,0.0,-0.2512975002879043,0.3660421342444993,,0.3660421342444993,aligned_single_history_n25,1,benchmark,True,0.6629253890416396,0.4054815107365612,0.8153536745925141,0.9446061023777541,0.5,0.5652576816556425,eligible_red,0.3356439979625254,0.6643560020374746,0.3755323335057142,9,9,9,-0.10125023956646939,-0.02252537254673001,-0.4828025298414751,0.05306874978892906,-0.1603126754499392,0.3755323335057142,-3,1,8,Benchmark metrics are recomputed on the exact 228-date OOS window rather than full available history. Robust and mandate scores are renormalized in the aligned universe.
12,5,2,Equal_Weight_Risky,benchmark,,,asset_specific,11.951858550336969,0.2518148014222139,0.1909311051580119,1.274083520362564,2.14453727387035,0.6856804105313767,0.7376086912560358,0.0,not_eligible,0.5803981604793571,0.4196018395206429,-0.3672480612754663,-0.3672480612754663,0.0006745362563237,4.0,0.25,0.0,7.999999999999998e-05,1.3490725126475546e-07,0.25,0.0,8.431703204047217e-08,0.9851474809322294,benchmark_history_dsr_n25,zero_cash,benchmark,,,asset_specific,228,2022-01-07,2026-05-15,weekly Friday,0.6595907740907703,0.12247239547146793,0.16277397127185625,0.7913205232039137,1.1821249668671356,0.40074254472994403,-0.30561365914867045,0.0,0.0,0.0,0.25,4.0,0.0,0.0,0.25,0.0,0.0,0.0,-0.30561365914867045,0.3660421342444989,,0.3660421342444989,aligned_single_history_n25,1,benchmark,True,0.6582072292755923,0.4094797685070275,0.702295532711245,0.9106886598133734,1.0,0.5697632357178978,not_eligible,0.4401204936922908,0.5598795063077092,0.0,15,8,10,-0.12934240595074598,-0.02815713388615565,-0.48276299715865034,0.06163440212679583,-0.167845455538138,0.0,3,3,8,Benchmark metrics are recomputed on the exact 228-date OOS window rather than full available history. Robust and mandate scores are renormalized in the aligned universe.
1,3,10,V3_real_macro_vintage_clean_no_dxy_cap_0p70,TD3,V3_real_macro_vintage_clean_no_dxy,0.70,asset_specific,0.1138143167332224,0.0868668949379369,0.1143426519290021,0.9233923384992592,2.1094083941647757,2.1550268982517764,0.7473019931544701,0.6605601145650347,clean_mandate,0.1160733938675653,0.8839266061324347,-0.104001577768405,-0.2964720154796776,0.2703728895192057,1.9532801685062513,0.6579422224377555,0.2784367075949944,,6.624903492006266e-05,,,,,td3_recovered_report_score_inputs,zero_cash,TD3,V3_real_macro_vintage_clean_no_dxy,0p70,asset_specific,228,2022-01-07,2026-05-15,weekly Friday,0.44476238271256086,0.08753889664548997,0.09769877123762447,0.9083162623487628,1.3729643114658652,0.4946959689798298,-0.17695494229721365,0.2767384531097496,0.01590138775093056,6.974292873215158e-05,0.6571236875240694,1.9568992412966464,0.2717733138727814,1.0,0.0651017165246665,0.0,3.456512339056599e-05,0.3163149002634915,-0.2964720154796764,0.27959115665041356,0.27959115665041356,0.44439110209167193,median_aligned_seed_history_n25,10,td3,True,0.7215349834745068,0.4704130854945606,0.9700964186564567,0.3639954477483033,0.4913798482593293,0.5287499607752029,clean_mandate,0.21500030969278316,0.7849996903072168,0.4150685554584873,8,11,4,0.0006720017075530771,-0.016643880691377635,-0.015076076150496331,-0.07295336452880864,-0.21855203237926724,-0.2454915591065474,7,8,-6,TD3 metrics are recomputed from ten full-OOS seed histories with identical 228-date indices and their date-average; nonlinear metrics therefore differ from legacy means of fold/seed metrics. Robust and mandate scores are renormalized in the aligned universe.
3,6,16,V4_real_garch_current_cap_0p70,TD3,V4_real_garch_current,0.70,asset_specific,0.0632031828153722,0.0545916670640039,0.0967326839331811,0.7256884425062446,1.954318867950466,2.173861639787358,0.7304168226066754,0.6535598621624215,clean_mandate,0.1052234259473524,0.8947765740526475,-0.0952055697309883,-0.3914256056533857,0.4456788756784925,2.007250630839456,0.6493073259324007,0.3705560058752329,,0.0001074964777711,,,,,td3_recovered_report_score_inputs,zero_cash,TD3,V4_real_garch_current,0p70,asset_specific,228,2022-01-07,2026-05-15,weekly Friday,0.23231092210102222,0.04879496611691381,0.07594821060106333,0.6653900842299352,0.9654725393935006,0.28382659921086417,-0.17191822842742943,0.4452178812134046,0.024589697471798497,0.00010784955031490568,0.650403030510398,2.004302828951787,0.37011333210439334,1.0,0.07368101486254598,0.0,5.366786304851043e-05,0.3769077157292766,-0.3914256056533859,0.22499305162543423,0.22499305162543423,0.2683364935061234,median_aligned_seed_history_n25,10,td3,True,0.5863137122312045,0.3336541514410277,0.9805802511521441,0.19888492533507532,0.5,0.4434670184284059,clean_mandate,0.20761020750516912,0.7923897924948309,0.3513987387107859,11,13,12,-0.005796700947090096,-0.020784473332117775,-0.06029835827630947,-0.07671265869644113,-0.2869498041782695,-0.30216112345163554,8,7,-4,TD3 metrics are recomputed from ten full-OOS seed histories with identical 228-date indices and their date-average; nonlinear metrics therefore differ from legacy means of fold/seed metrics. Robust and mandate scores are renormalized in the aligned universe.
5,7,17,V5_no_volatility_block_cap_0p50,TD3,V5_no_volatility_block,0.50,asset_specific,0.0812280639761838,0.0667285458250577,0.1156123336805923,0.5686403910199787,1.822275354827628,2.338366384568482,0.7260082596445853,0.6264101749624947,clean_mandate,0.1371858837127395,0.8628141162872605,-0.1206362879433997,-0.4248634687690455,0.419475576098095,2.809332442509802,0.4935448022153481,0.2381637767485817,,0.0001151414080626,,,,,td3_recovered_report_score_inputs,zero_cash,TD3,V5_no_volatility_block,0p50,asset_specific,228,2022-01-07,2026-05-15,weekly Friday,0.2643763596311586,0.05495749251344351,0.09890172574955956,0.5904504654848056,0.8292302310022852,0.21658699846892637,-0.25374326668702707,0.4195252410779325,0.026103251820968086,0.00011448794658319336,0.4934377478474876,2.800666286309067,0.24155553827371967,0.9736842105263158,0.09719205908823873,0.0,6.1308209902845e-05,0.2399223104075714,-0.4454422845198692,0.2070326524268207,0.2070326524268207,0.22059231648654992,median_aligned_seed_history_n25,10,td3,True,0.5411033315550752,0.2900460345593416,0.8102628542848912,0.40438117907640087,0.513157894736842,0.4159751097381454,eligible_red,0.3400214100053012,0.6599785899946988,0.27453466639787133,14,15,14,-0.011771053311614196,-0.01671060793103274,0.021810074464826967,-0.13310697874362737,-0.3100331499064399,-0.3518755085646234,9,8,-3,TD3 metrics are recomputed from ten full-OOS seed histories with identical 228-date indices and their date-average; nonlinear metrics therefore differ from legacy means of fold/seed metrics. Robust and mandate scores are renormalized in the aligned universe.
2,4,8,V7_real_macro_vintage_clean_no_dxy_garch_cap_0p80,TD3,V7_real_macro_vintage_clean_no_dxy_garch,0.80,asset_specific,0.1120680325045399,0.0919517728559966,0.1094713824088338,0.9457515494534038,2.027405992718438,2.1773698319797403,0.7409314752264844,0.6594084801351531,clean_mandate,0.1100277121665153,0.8899722878334846,-0.099121590353602,-0.3016255531541051,0.29918162776046,1.6958209010121903,0.7302990015006154,0.3432999669731153,,6.179273480223484e-05,,,,,td3_recovered_report_score_inputs,zero_cash,TD3,V7_real_macro_vintage_clean_no_dxy_garch,0p80,asset_specific,228,2022-01-07,2026-05-15,weekly Friday,0.4577886030475864,0.08976748249339628,0.08429722705585517,1.062484720081153,1.695784358447897,0.5337589477974631,-0.16817981761958,0.3082727552705845,0.014696843671449555,6.445984066425243e-05,0.7292414311385291,1.700697525644915,0.3415460567250154,0.9868421052631579,0.058126941846725205,0.0,2.3974127127622134e-05,0.4008323013377463,-0.30162555315410544,0.21229828557507802,0.21229828557507802,0.5889816031432386,median_aligned_seed_history_n25,10,td3,True,0.8286589553616766,0.4957473071025084,0.9883616883595826,0.21317901183473165,0.44671845249740405,0.5204788152276412,clean_mandate,0.20218290104274675,0.7978170989572533,0.41524689843362494,7,12,3,-0.0021842903626003163,-0.025174155352978636,0.11673317062774913,-0.069058227265978,-0.22045265999884323,-0.24416158170152813,5,8,-5,TD3 metrics are recomputed from ten full-OOS seed histories with identical 228-date indices and their date-average; nonlinear metrics therefore differ from legacy means of fold/seed metrics. Robust and mandate scores are renormalized in the aligned universe.
4,1,18,V8_ewma_garch_vol_current_cap_uncapped,TD3,V8_ewma_garch_vol_current,uncapped,asset_specific,0.069168165174896,0.0642222108159544,0.1589734429341359,0.4566281929567973,2.282592684638803,2.5335316278283564,0.7715814092535899,0.6436762439749955,clean_mandate,0.1657701491308959,0.8342298508691041,-0.1421979703756189,-0.4136200793523971,0.5256667793516613,1.3055786672272771,0.8794631310685805,0.4207610225471628,,0.0001582963654418,,,,,td3_recovered_report_score_inputs,zero_cash,TD3,V8_ewma_garch_vol_current,uncapped,asset_specific,228,2022-01-07,2026-05-15,weekly Friday,0.26875087138925235,0.05578883032115978,0.11610593053679893,0.5254590591355164,0.7360755928494638,0.27350934254188347,-0.20397413047277035,0.530399548934085,0.03733966239360223,0.00016377044909474662,0.8773893414866458,1.3107241932933702,0.4134890078325156,0.9868421052631579,0.1679077577403812,0.0,0.00011420584368674194,0.3062343992900931,-0.41362007935239653,0.07700936569968414,0.07700936569968414,0.18556534695911708,median_aligned_seed_history_n25,10,td3,True,0.5101910789489111,0.3269629139893656,0.9138564474519518,0.30844719588724356,0.35048405666664406,0.37598099783740996,eligible_yellow,0.25624057996244937,0.7437594200375506,0.2796394088966916,13,17,15,-0.008433380494794626,-0.042867512397336965,0.06883086617871909,-0.06177616009715145,-0.3956004114161799,-0.36403683507830387,9,16,-3,TD3 metrics are recomputed from ten full-OOS seed histories with identical 228-date indices and their date-average; nonlinear metrics therefore differ from legacy means of fold/seed metrics. Robust and mandate scores are renormalized in the aligned universe.
8,15,13,defensive_risk_off_12p,benchmark,,,asset_specific,2.2696270648035703,0.1118546927849759,0.1380562219800566,0.8383823271390108,1.1501829397224552,0.5496237062692092,0.6007335122078499,0.4472396367075256,eligible_yellow,0.2555107587325947,0.7444892412674052,-0.203511405183438,-0.203511405183438,0.240275387263339,1.0,1.0,0.0705679862306368,0.02164,3.724612736660929e-05,0.0,0.0,3.4423407917383825e-07,0.7417315416441455,benchmark_history_dsr_n25,zero_cash,benchmark,,,asset_specific,228,2022-01-07,2026-05-15,weekly Friday,0.4349751859959239,0.08585423077929355,0.14231637410267597,0.6507149699585638,0.8468444327843481,0.45581350850188435,-0.18835385344648825,0.24561403508771928,0.008400000000000001,3.68421052631579e-05,1.0,1.0,0.11842105263157894,0.11842105263157894,0.0,0.0,0.0,0.0,-0.18835385344648825,0.245632342999914,,0.245632342999914,aligned_single_history_n25,1,benchmark,True,0.5469483937628186,0.4451959387170629,0.9463697829547271,0.9839109348864181,0.7407894736842104,0.549504604012012,clean_mandate,0.23206400257833307,0.767935997421667,0.42198436616976254,4,10,13,-0.026000462005682345,0.004260152122619376,-0.18766735718044703,0.015157551736949743,-0.05122890819583792,-0.025255270537763053,-4,-5,0,Benchmark metrics are recomputed on the exact 228-date OOS window rather than full available history. Robust and mandate scores are renormalized in the aligned universe.
12,2,3,momentum_winner_12p,benchmark,,,asset_specific,319.44748268742387,0.6759744584339273,0.5495889910462232,1.2062623545264914,2.297474864203642,1.334394566099342,0.7557226343371066,0.0,not_eligible,1.0266613224051673,0.0,-0.506577646227917,-0.506577646227917,0.4261617900172117,1.0,1.0,0.0550774526678141,0.10444,0.0001797590361445,0.5180722891566265,0.0,0.0001294320137693,0.9898099672249636,benchmark_history_dsr_n25,zero_cash,benchmark,,,asset_specific,228,2022-01-07,2026-05-15,weekly Friday,2.164517510799018,0.3004846187538317,0.3614291915419867,0.8971611533196885,1.6398602522661376,0.9713956605816546,-0.3093328814892037,0.45614035087719296,0.0444,0.00019473684210526317,1.0,1.0,0.10964912280701754,0.10964912280701754,0.37719298245614036,0.0,0.00014473684210526317,0.0,-0.3093328814892037,0.5501316104886295,,0.5501316104886295,aligned_single_history_n25,1,benchmark,True,0.8101012095387743,0.7795757759248523,0.6945540359654631,0.9083662107896389,0.7451754385964913,0.715253378642922,not_eligible,0.4478755006553396,0.5521244993446603,0.0,15,3,5,-0.37548983968009564,-0.18815979950423645,-0.30910120120680296,0.19724476473871333,-0.04046925569418458,0.0,3,1,2,Benchmark metrics are recomputed on the exact 228-date OOS window rather than full available history. Robust and mandate scores are renormalized in the aligned universe.
12,9,6,risk_adjusted_momentum_winner_12p_12p,benchmark,,,asset_specific,87.73989080686471,0.4940265564726829,0.4474214568257495,1.1112137169595395,2.1708848775798124,0.952353588032924,0.7114954431537817,0.0,not_eligible,1.077890943483986,0.0,-0.5187427891074463,-0.5187427891074462,0.4227194492254733,1.0,1.0,0.0,0.09004,0.000154974182444,0.2960413080895008,0.0,8.812392426850258e-05,0.9831545863250843,benchmark_history_dsr_n25,zero_cash,benchmark,,,asset_specific,228,2022-01-07,2026-05-15,weekly Friday,0.6182270832452723,0.11602948225160326,0.30909878578090305,0.5018355888550975,0.6472036645041498,0.2365100068483016,-0.49059016063546523,0.35964912280701755,0.03,0.00013157894736842105,1.0,1.0,0.0,0.0,0.2149122807017544,0.0,7.456140350877193e-05,0.0,-0.49059016063546523,0.19132655285775257,,0.19132655285775257,aligned_single_history_n25,1,benchmark,True,0.48069999237413014,0.30296706425696035,0.3172701555780165,0.795181046673405,0.8,0.38124000518758683,not_eligible,0.9630559182905728,0.0369440817094272,0.0,15,16,16,-0.37799707422107964,-0.13832267104484647,-0.609378128104442,0.028152628471981078,-0.33025543796619483,0.0,3,7,10,Benchmark metrics are recomputed on the exact 228-date OOS window rather than full available history. Robust and mandate scores are renormalized in the aligned universe.
12,10,4,rolling_markowitz_long_only_52p,benchmark,,,asset_specific,56.27603779312783,0.4261202462953668,0.3547915647277923,1.1777513334562282,2.0740224184126763,0.8010811202703076,0.6975703380855716,0.0,not_eligible,1.1364392283869198,0.0,-0.5319314555204867,-0.5319314555204866,0.1094250070928901,2.151609276786938,0.5625331988107896,0.0,0.0215687307438761,3.637222722407439e-05,0.3974365554549129,0.0,1.8193349288906524e-05,0.9810996971032664,benchmark_history_dsr_n25,zero_cash,benchmark,,,asset_specific,228,2022-01-07,2026-05-15,weekly Friday,1.9134219892756352,0.27619360337745547,0.2245106918365903,1.1988242479757492,2.2121237277382066,1.3112690117028711,-0.21063077134628416,0.10383556675119289,0.00816639001176669,3.5817500051608295e-05,0.5909031263913668,1.9620233202532145,0.0,0.0,0.3171396223338405,0.0,1.8812983376717518e-05,0.0,-0.21063077134628416,0.7285523154586597,,0.7285523154586597,aligned_single_history_n25,1,benchmark,True,1.0,1.0,0.9000007650157258,0.9700002295047176,0.992404664050643,0.9001860655429608,eligible_yellow,0.26683428198172726,0.7331657180182727,0.6599855630938487,2,2,2,-0.14992664291791136,-0.13028087289120197,0.02107291451952098,0.32130068417420254,0.2026157274573892,0.6599855630938487,-10,-8,-2,Benchmark metrics are recomputed on the exact 228-date OOS window rather than full available history. Robust and mandate scores are renormalized in the aligned universe.
9,12,9,rolling_markowitz_min_variance_52p,benchmark,,,asset_specific,1.8204435923619529,0.0951868116202836,0.1029348649891053,0.93559023472112,1.3930258912436748,0.3763154404813741,0.6399925474446283,0.4232986792363566,eligible_red,0.3385881118045673,0.6614118881954327,-0.2529442095134944,-0.2529442095134943,0.0341820880045678,2.7008363114288905,0.4741886159207788,0.0,0.0051652610361498,8.710389605649042e-06,0.0339120989349901,0.0,2.426782037959715e-06,0.8529209726481365,benchmark_history_dsr_n25,zero_cash,benchmark,,,asset_specific,228,2022-01-07,2026-05-15,weekly Friday,0.4122168472146197,0.08190227967534502,0.10439543275418126,0.8064203650326056,1.2637392644952323,0.3547726501232396,-0.23085849387458168,0.037810999613717804,0.0022532606662660597,9.882722220465174e-06,0.47796827291972954,2.647942470859379,0.0,0.0,0.017949877202326457,0.0,2.900652872152003e-06,0.0,-0.23085849387458168,0.38376360312804647,,0.38376360312804647,aligned_single_history_n25,1,benchmark,True,0.6852899578930933,0.3796660796253557,0.8578971116737901,0.957369133502137,1.0,0.602541768543386,eligible_yellow,0.3001508721555553,0.6998491278444448,0.42168833120493804,5,5,7,-0.013284531944938574,0.0014605677650759569,-0.1291698696885144,0.022085715638912706,-0.037450778901242265,-0.0016103480314185736,-4,-7,-2,Benchmark metrics are recomputed on the exact 228-date OOS window rather than full available history. Robust and mandate scores are renormalized in the aligned universe.
10,11,5,rolling_risk_parity_inverse_vol_12p,benchmark,,,asset_specific,2.8429033160347075,0.1253007809717627,0.1090216441864231,1.138843334682501,1.7385796258123691,0.4252964838484411,0.6867680978572727,0.3999220591212358,eligible_red,0.4176752525794384,0.5823247474205615,-0.2946198375258965,-0.2946198375258965,0.0615586029733368,3.2624104638442755,0.3896577329122248,0.0,0.0107748990387252,1.8170150149620917e-05,0.0807745358543812,0.0,7.407353975732294e-06,0.9351272962058592,benchmark_history_dsr_n25,zero_cash,benchmark,,,asset_specific,228,2022-01-07,2026-05-15,weekly Friday,0.44204560735411746,0.0870721448064411,0.11238619088106326,0.7993464897270386,1.202231112672235,0.32249969632385656,-0.26999140091903406,0.06561194255980307,0.004435584723542288,1.945431896290477e-05,0.38111933621673044,3.3504992995213074,0.0,0.0,0.09470357086415249,0.0,7.91491306368035e-06,0.0,-0.26999140091903406,0.3685038203948592,,0.3685038203948592,aligned_single_history_n25,1,benchmark,True,0.6648792133054586,0.3587355160010691,0.7764426449063695,0.9329327934719108,1.0,0.5750337680629098,eligible_red,0.3698468775010814,0.6301531224989185,0.3623593244871615,10,7,8,-0.0382286361653216,0.003364546694640161,-0.3394968449554625,0.024628436606862425,-0.11173432979436282,-0.03756273463407428,0,-4,3,Benchmark metrics are recomputed on the exact 228-date OOS window rather than full available history. Robust and mandate scores are renormalized in the aligned universe.
6,14,11,trend_spy_cash_12p,benchmark,,,asset_specific,1.838322963317621,0.09786621846484,0.1135626356435402,0.8801689872941877,1.2207246810270898,0.5491093816312629,0.6168656756015484,0.4830790259640067,clean_mandate,0.216881332402029,0.7831186675979709,-0.1782271833966934,-0.1782271833966934,0.1817555938037865,1.0,1.0,0.2409638554216867,0.01084,1.8657487091222033e-05,0.0,0.0,3.4423407917383825e-07,0.7686987671773358,benchmark_history_dsr_n25,zero_cash,benchmark,,,asset_specific,228,2022-01-07,2026-05-15,weekly Friday,0.43268905342697295,0.08545944249028747,0.10745378258147749,0.8174290189188304,1.1603290158097521,0.5256181277344917,-0.16258846105371783,0.17543859649122806,0.004,1.7543859649122806e-05,1.0,1.0,0.29385964912280704,0.29385964912280704,0.0,0.0,0.0,0.0,-0.16258846105371783,0.36552682902855127,,0.36552682902855127,aligned_single_history_n25,1,benchmark,True,0.6509745035816541,0.49046759352744823,1.0,1.0,0.6530701754385965,0.6205999769023157,clean_mandate,0.1941559836377505,0.8058440163622496,0.5001067779412814,3,4,6,-0.01240677597455253,-0.0061088530620627135,-0.06273996837535734,0.015638722342975586,0.003734301300767351,0.01702775197727474,-3,-10,-5,Benchmark metrics are recomputed on the exact 228-date OOS window rather than full available history. Robust and mandate scores are renormalized in the aligned universe.
12,17,18,60_40_SPY_TLT,benchmark,,,asset_specific,1.5121294327607029,0.0841255240653104,0.1113781563746491,0.7814641893469618,1.117284505457525,0.3130429162922317,0.5433522693058538,0.3436741497765195,eligible_red,0.3674929337912365,0.6325070662087635,-0.2687347954130917,-0.2687347954130916,0.0020236087689713,1.923076923076923,0.6,0.0,0.0003999999999999,6.745362563237774e-07,0.0,6.745362563237774e-08,3.3726812816188874e-07,0.7200765992748294,benchmark_history_dsr_n25,bil_cash,benchmark,,,asset_specific,228,2022-01-07,2026-05-15,weekly Friday,0.18627030685386936,0.039726421321683025,0.12496100815108666,0.3739768167772648,0.4736713406648031,0.160006947172636,-0.24827935301347304,0.0,0.0,0.0,0.5999999999999998,1.9230769230769234,0.0,0.0,0.0,0.0,0.0,0.0,-0.24827935301347304,0.11232395255079014,,0.11232395255079014,aligned_single_history_n25,1,benchmark,True,0.4076383662218305,0.24506610087672756,0.7142192800121635,0.914265784003649,0.9846153846153847,0.4120283188179073,eligible_yellow,0.33028140707424647,0.6697185929257535,0.27594302592429265,14,16,17,-0.04439910274362738,0.01358285177643756,-0.407487372569697,0.020455442399618662,-0.13132395048794648,-0.06773112385222685,2,-1,-1,Benchmark metrics are recomputed on the exact 228-date OOS window rather than full available history. Robust and mandate scores are renormalized in the aligned universe.
13,18,7,BuyHold_BTC-USD,benchmark,,,asset_specific,256.0114780210454,0.6267770823040573,0.6657168542074423,1.0613974314761594,1.56789527080074,0.7672815636763309,0.5211179539719623,0.0,not_eligible,4.460904564626517,0.0,-0.8168801545301512,-0.8168801545301512,0.0026981450252951,1.0,1.0,0.0,0.00096,1.6188870151770658e-06,1.0,6.745362563237774e-08,1.349072512647555e-06,0.949907961222722,benchmark_history_dsr_n25,bil_cash,benchmark,,,asset_specific,228,2022-01-07,2026-05-15,weekly Friday,0.7503232963148998,0.1361823205881858,0.5131067754295661,0.5029295440009841,0.4149466612676246,0.21178708102197757,-0.6430152393197859,0.0,0.0,0.0,1.0,1.0,0.0,0.0,1.0,0.0,0.0,0.0,-0.6430152393197859,0.17445009216814095,,0.17445009216814095,aligned_single_history_n25,1,benchmark,True,0.3885151084686401,0.2782220606638093,0.0,0.7,0.8,0.2956824614769322,not_eligible,1.80124002518919,0.0,0.0,16,18,16,-0.49059476171587146,-0.15261007877787625,-0.5584678874751753,0.1738649152103653,-0.22543549249503003,0.0,3,0,9,Benchmark metrics are recomputed on the exact 228-date OOS window rather than full available history. Robust and mandate scores are renormalized in the aligned universe.
8,14,16,BuyHold_GLD,benchmark,,,asset_specific,2.743079285546391,0.1227066343141431,0.1510473104822929,0.8424948931257219,1.254148718979248,0.6189175643836424,0.6017042908286866,0.4529104938649126,clean_mandate,0.2472872459640437,0.7527127540359562,-0.1982600613966131,-0.1982600613966132,0.0026981450252951,1.0,1.0,0.0,0.00048,8.09443507588533e-07,0.0,6.745362563237774e-08,3.3726812816188874e-07,0.7916056106829019,benchmark_history_dsr_n25,bil_cash,benchmark,,,asset_specific,228,2022-01-07,2026-05-15,weekly Friday,1.4988884808017944,0.23229361880884336,0.16543200057298252,1.3474054884786069,2.2927257862918013,1.3389979519584156,-0.1734831770796148,0.0,0.0,0.0,1.0,1.0,0.0,0.0,0.0,0.0,0.0,0.0,-0.1734831770796148,0.7703032434109172,,0.7703032434109172,aligned_single_history_n25,1,benchmark,True,1.0,1.0,0.8495524807074989,0.9548657442122497,0.8,0.8940104195506251,clean_mandate,0.20989672837708917,0.7901032716229108,0.70636055735192,1,1,1,0.10958698449470027,0.014384690090689628,0.504910595352885,0.024776884316998288,0.2923061287219385,0.25345006348700744,-7,-13,-15,Benchmark metrics are recomputed on the exact 228-date OOS window rather than full available history. Robust and mandate scores are renormalized in the aligned universe.
13,16,14,BuyHold_SPY,benchmark,,,asset_specific,3.395642336039793,0.138640023522564,0.1671237817013308,0.8619695605124537,1.2045099275143871,0.4355784174561318,0.5534590621432812,0.0,not_eligible,0.4668982736990928,0.5331017263009072,-0.3182894697406048,-0.3182894697406048,0.0026981450252951,1.0,1.0,0.0,0.00048,8.094435075885329e-07,0.0,6.745362563237774e-08,3.3726812816188874e-07,0.7820320465120151,benchmark_history_dsr_n25,bil_cash,benchmark,,,asset_specific,228,2022-01-07,2026-05-15,weekly Friday,0.6698352807452723,0.12404892465869799,0.16826161804606957,0.7795225030534743,1.1241206757090594,0.5518324552358324,-0.22479454312937097,0.0,0.0,0.0,1.0,1.0,0.0,0.0,0.0,0.0,0.0,0.0,-0.22479454312937097,0.35017380210206095,,0.35017380210206095,aligned_single_history_n25,1,benchmark,True,0.619452384061155,0.4959606008155568,0.7567117530517947,0.9270135259155383,0.8,0.5743428531552838,eligible_yellow,0.2899805995133572,0.7100194004866428,0.4077945682711025,7,7,11,-0.014591098863866003,0.0011378363447387685,-0.0824470574589794,0.09349492661123382,0.02088379101200255,0.4077945682711025,-6,-9,-3,Benchmark metrics are recomputed on the exact 228-date OOS window rather than full available history. Robust and mandate scores are renormalized in the aligned universe.
13,19,19,BuyHold_TLT,benchmark,,,asset_specific,-0.0908980506537737,-0.0083218376199383,0.1402140319511924,0.0106561714674061,-0.0816436881420852,-0.0173999709855988,0.169331087337517,0.0,not_eligible,0.9166903904955817,0.0833096095044183,-0.478267327389564,-0.478267327389564,0.0026981450252951,1.0,1.0,0.0,0.00048,8.094435075885329e-07,0.0,6.745362563237774e-08,3.3726812816188874e-07,0.024927782714897,benchmark_history_dsr_n25,bil_cash,benchmark,,,asset_specific,228,2022-01-07,2026-05-15,weekly Friday,-0.33018504298779683,-0.08734741111259992,0.1512384330258224,-0.5283992618658764,-0.7781254334686712,-0.22271626720034457,-0.39219142907970206,0.0,0.0,0.0,1.0,1.0,0.0,0.0,0.0,0.0,0.0,0.0,-0.39219142907970206,0.0009742374279790855,,0.0009742374279790855,aligned_single_history_n25,1,benchmark,True,0.0,0.0,0.45383054182351706,0.8361491625470551,0.8,0.1919817687566268,not_eligible,0.6452548513520883,0.35474514864791173,0.0,16,19,19,-0.07902557349266162,0.011024401074630014,-0.5390554333332824,0.08607589830986195,0.022650681419109808,0.0,3,0,0,Benchmark metrics are recomputed on the exact 228-date OOS window rather than full available history. Robust and mandate scores are renormalized in the aligned universe.
13,7,1,Equal_Weight,benchmark,,,asset_specific,7.504855765386395,0.206485838401168,0.1526420634246969,1.3080844679694652,2.2056194145179293,0.6805350360523831,0.687956216422826,0.0,not_eligible,0.4355789218170799,0.56442107818292,-0.3034169109043111,-0.3034169109043111,0.0,4.999999999999999,0.1999999999999999,0.1999999999999999,0.0,0.0,0.1999999999999999,0.0,0.0,0.9886347178478598,benchmark_history_dsr_n25,bil_cash,benchmark,,,asset_specific,228,2022-01-07,2026-05-15,weekly Friday,0.5883874801123843,0.11130219973783828,0.1300632895424597,0.8767629381289029,1.354985270907359,0.4446844850564,-0.2502947673645993,0.0,0.0,0.0,0.2,4.999999999999999,0.2,1.0,0.2,0.0,0.0,0.0,-0.2502947673645993,0.4339858026137583,,0.4339858026137583,aligned_single_history_n25,1,benchmark,True,0.694631732937688,0.42735139634974284,0.710572670122556,0.9131718010367668,0.5,0.5774954472636737,eligible_red,0.3338575702409744,0.6661424297590256,0.38469422041499884,8,6,6,-0.09518363866332971,-0.022578773882237224,-0.43132152984056227,0.053122143539711786,-0.11046076915915226,0.38469422041499884,-5,-1,5,Benchmark metrics are recomputed on the exact 228-date OOS window rather than full available history. Robust and mandate scores are renormalized in the aligned universe.
13,6,2,Equal_Weight_Risky,benchmark,,,asset_specific,12.19725082120386,0.2538768215522682,0.1908038202047718,1.2834712474271512,2.164706895348348,0.6912952072233415,0.6936890808308623,0.0,not_eligible,0.5803981493891222,0.4196018506108778,-0.3672480568352132,-0.3672480568352132,0.0006745362563237,4.0,0.25,0.0,0.0001199999999999,2.023608768971332e-07,0.25,6.745362563237774e-08,8.431703204047217e-08,0.9861672054229088,benchmark_history_dsr_n25,bil_cash,benchmark,,,asset_specific,228,2022-01-07,2026-05-15,weekly Friday,0.6911026606941333,0.1272980758925497,0.1624407599572301,0.8190831900245825,1.2336854179398467,0.41653274316152106,-0.30561361137265186,0.0,0.0,0.0,0.25,4.0,0.0,0.0,0.25,0.0,0.0,0.0,-0.30561361137265186,0.3876542036332463,,0.3876542036332463,aligned_single_history_n25,1,benchmark,True,0.6551313324666507,0.4093252161757266,0.6104809725871637,0.8831442917761491,1.0,0.5590741458841388,not_eligible,0.4401203946073654,0.5598796053926346,0.0,16,9,9,-0.1265787456597185,-0.028363060247541705,-0.4643880574025687,0.06163444546256136,-0.1346149349467235,0.0,3,3,7,Benchmark metrics are recomputed on the exact 228-date OOS window rather than full available history. Robust and mandate scores are renormalized in the aligned universe.
2,2,11,V3_real_macro_vintage_clean_no_dxy_cap_0p70,TD3,V3_real_macro_vintage_clean_no_dxy,0.7,asset_specific,0.0917219825746103,0.0746139974185809,0.1059967110823468,0.9287384199913078,2.4496120719466785,3.0420050895167856,0.7541336437393344,0.6682281656926833,clean_mandate,0.1139128041293757,0.8860871958706243,-0.1022636634636846,-0.3125185249890804,0.2380881297600595,1.9611940456524048,0.650994857276371,0.3215475044365078,,7.048375053713126e-05,,,,,td3_recovered_report_score_inputs,bil_cash,TD3,V3_real_macro_vintage_clean_no_dxy,0p70,asset_specific,228,2022-01-07,2026-05-15,weekly Friday,0.3471948039857349,0.07033373502304463,0.08859914508206367,0.8117810891720456,1.2092382406637714,0.376772289790757,-0.18667438378258905,0.24186329432606518,0.01649532983052253,7.234793785316899e-05,0.6489820179189589,1.9679669826779054,0.3223979146691949,1.0,0.056950210522095056,1.2344703395652246e-05,2.996909873495616e-05,0.4928664519170413,-0.31251852498907995,0.3516062901059137,0.3516062901059137,0.3737474230427644,median_aligned_seed_history_n25,10,td3,True,0.6471702899000941,0.38386572244570116,0.8256848403922251,0.21992296625302715,0.4935933965355811,0.48221378201184867,clean_mandate,0.22951986272210184,0.7704801372778982,0.37153614096178367,10,12,10,-0.004280262395536263,-0.017397566000283138,-0.11695733081926218,-0.08441072031890445,-0.2719198617274858,-0.2966920247308996,8,10,-1,TD3 metrics are recomputed from ten full-OOS seed histories with identical 228-date indices and their date-average; nonlinear metrics therefore differ from legacy means of fold/seed metrics. Robust and mandate scores are renormalized in the aligned universe.
4,4,9,V4_real_garch_current_cap_0p80,TD3,V4_real_garch_current,0.8,asset_specific,0.0762271539670148,0.0589335230905562,0.1090568316708295,1.0215495913451762,2.604058128166469,2.78257976616221,0.7409959695507328,0.646485535678491,clean_mandate,0.1275451389155917,0.8724548610844083,-0.1131175458201676,-0.3819623000497741,0.3443925762358101,1.7238653004752584,0.718302167101564,0.3484864558976011,,9.6751314517219e-05,,,,,td3_recovered_report_score_inputs,bil_cash,TD3,V4_real_garch_current,0p80,asset_specific,228,2022-01-07,2026-05-15,weekly Friday,0.29192700878062205,0.06015670662345807,0.09232252023717893,0.6789487281868858,1.0148073918730194,0.31311676997108767,-0.19212227639232726,0.3461294784952904,0.02253207247093978,9.882487925850781e-05,0.7186073594008724,1.7235638490320135,0.3422690375938524,1.0,0.06592190918850621,1.7052311149229078e-05,3.699872944932778e-05,0.39654499855065145,-0.38196230004977394,0.287442627704946,0.287442627704946,0.2839855882346225,median_aligned_seed_history_n25,10,td3,True,0.5838553212231298,0.3431056915522396,0.8158276420165714,0.31110994852714224,0.44471276980640273,0.44734577051207775,clean_mandate,0.23781108301189777,0.7621889169881022,0.34096198834580865,12,13,14,0.0012231835329018642,-0.01673431143365056,-0.3426008631582904,-0.07900473057215966,-0.293650199038655,-0.30552354733268233,8,9,5,TD3 metrics are recomputed from ten full-OOS seed histories with identical 228-date indices and their date-average; nonlinear metrics therefore differ from legacy means of fold/seed metrics. Robust and mandate scores are renormalized in the aligned universe.
5,9,17,V5_no_volatility_block_cap_0p70,TD3,V5_no_volatility_block,0.7,asset_specific,0.0926878503453454,0.0632315543476648,0.1186982803074197,0.7969224829765625,2.0593803193805824,2.281134061660288,0.6705130496644562,0.5706649267978069,clean_mandate,0.1489130195402106,0.8510869804597894,-0.1296120916096894,-0.4691667391479081,0.3379716020806273,1.9509490993714471,0.6548878930333227,0.2329636499571775,,9.545460642716884e-05,,,,,td3_recovered_report_score_inputs,bil_cash,TD3,V5_no_volatility_block,0p70,asset_specific,228,2022-01-07,2026-05-15,weekly Friday,0.2722575732918693,0.05645365215160969,0.10275918216785676,0.5862755863272554,0.7554643637928475,0.19548713297412462,-0.28878449078836355,0.33456481001436567,0.021465622007835108,9.414746494664521e-05,0.6549660611082608,1.9487941368545303,0.2363157508483522,0.9517543859649122,0.04549516148215209,1.4776496710580292e-05,3.404312867973126e-05,0.343594005693679,-0.4691667391479075,0.17191071709476405,0.17191071709476405,0.20619166919816623,median_aligned_seed_history_n25,10,td3,True,0.4994021811910312,0.26778484504017674,0.6409309083642748,0.3346250433389274,0.5138816343884499,0.3603068426826273,eligible_red,0.40604357898279453,0.5939564210172055,0.2140065627477826,15,17,15,-0.006777902196055105,-0.015939098139562943,-0.21064689664930714,-0.15917239917867415,-0.31020620698182894,-0.35665836405002427,10,8,-2,TD3 metrics are recomputed from ten full-OOS seed histories with identical 228-date indices and their date-average; nonlinear metrics therefore differ from legacy means of fold/seed metrics. Robust and mandate scores are renormalized in the aligned universe.
1,1,6,V7_real_macro_vintage_clean_no_dxy_garch_cap_0p80,TD3,V7_real_macro_vintage_clean_no_dxy_garch,0.8,asset_specific,0.1278041135358258,0.1064663447943072,0.1270114499567047,1.141530430627092,2.8298645901066903,3.263458135845127,0.7797346249003407,0.6901969314744756,clean_mandate,0.114830982960785,0.8851690170392149,-0.1030030423587755,-0.5595453353553483,0.2855357379486841,1.692160041879048,0.7291212672516701,0.3251392120079988,,8.001595829075301e-05,,,,,td3_recovered_report_score_inputs,bil_cash,TD3,V7_real_macro_vintage_clean_no_dxy_garch,0p80,asset_specific,228,2022-01-07,2026-05-15,weekly Friday,0.5081887790597914,0.09824800749970253,0.10014368837105105,0.9865013125328427,1.5125425270219923,0.5911440827758333,-0.16619976476523235,0.29206893752315805,0.018808972813662346,8.249549479676468e-05,0.7279863523074549,1.6952182753647418,0.3260836568895217,1.0,0.07527321599610702,1.6232649346105077e-05,3.0102134115179314e-05,0.46835931162968614,-0.5595453353553481,0.38036138610902936,0.38036138610902936,0.5116777521946844,median_aligned_seed_history_n25,10,td3,True,0.7459390887290646,0.5211327014839984,0.8627307948149051,0.11862629276449538,0.43904365507294835,0.530747205127654,clean_mandate,0.19932803775047697,0.8006719622495231,0.4249544061880089,4,11,3,-0.008218337294604666,-0.02686776158565364,-0.15502911809424924,-0.06319672240645685,-0.24898741977268668,-0.2652425252864667,3,10,-3,TD3 metrics are recomputed from ten full-OOS seed histories with identical 228-date indices and their date-average; nonlinear metrics therefore differ from legacy means of fold/seed metrics. Robust and mandate scores are renormalized in the aligned universe.
3,3,8,V8_ewma_garch_vol_current_cap_0p70,TD3,V8_ewma_garch_vol_current,0.7,asset_specific,0.0859811984774338,0.0731129001760923,0.1060466835923556,1.025294552073214,2.484451012778328,3.0137277932526905,0.7447249654081503,0.6558267853365195,clean_mandate,0.1193704846767285,0.8806295153232715,-0.1066407291516199,-0.4587857333807356,0.3450304786512213,2.004438919725421,0.6401524710875093,0.3588062159052217,,0.0001032009040173,,,,,td3_recovered_report_score_inputs,bil_cash,TD3,V8_ewma_garch_vol_current,0p70,asset_specific,228,2022-01-07,2026-05-15,weekly Friday,0.32803448538231805,0.06684267252712361,0.09220441529547799,0.7481593870288953,1.0685898671856306,0.3587159309500794,-0.18633873424602865,0.34201653227950185,0.02378304172080036,0.00010431158649473843,0.6416854714261979,2.0015235185512474,0.3519315669382011,1.0,0.09719057435857764,1.6738466622824393e-05,4.4885350048563515e-05,0.5231546523967716,-0.45878573338073536,0.2603920925243374,0.2603920925243374,0.3201124939198566,median_aligned_seed_history_n25,10,td3,True,0.6013691867489257,0.3723038383191649,0.8262921512009327,0.10000124360622209,0.5,0.43179617981168145,clean_mandate,0.22901266422380284,0.7709873357761972,0.33290938627134803,13,14,12,-0.0062702276489686876,-0.01384226829687761,-0.2771351650443187,-0.07969800509440875,-0.3129287855964688,-0.3229173990651715,10,11,4,TD3 metrics are recomputed from ten full-OOS seed histories with identical 228-date indices and their date-average; nonlinear metrics therefore differ from legacy means of fold/seed metrics. Robust and mandate scores are renormalized in the aligned universe.
9,15,15,defensive_risk_off_12p,benchmark,,,asset_specific,2.3284254193938954,0.1136297509394532,0.1372769725815741,0.8539947631471169,1.1775292286480643,0.5451887555420889,0.5767551720068093,0.42489518102245,eligible_yellow,0.2633006141166711,0.7366993858833288,-0.2084227706172509,-0.2084227706172509,0.2368330464716006,1.0,1.0,0.0774526678141136,0.02768,4.7641996557659216e-05,0.0,1.1772805507745268e-05,3.4423407917383825e-07,0.7561109082204702,benchmark_history_dsr_n25,bil_cash,benchmark,,,asset_specific,228,2022-01-07,2026-05-15,weekly Friday,0.4728299967759402,0.0923217913210872,0.14042468132399683,0.6999200502562037,0.927601739354536,0.47746403946483007,-0.19335862743625032,0.23684210526315788,0.0108,4.736842105263158e-05,1.0,1.0,0.13157894736842105,0.13157894736842105,0.0,1.4035087719298246e-05,0.0,0.0,-0.19335862743625032,0.2759802825004837,,0.2759802825004837,aligned_single_history_n25,1,benchmark,True,0.5554574451041802,0.44834086677032164,0.813590638027155,0.9440771914081465,0.7342105263157894,0.5367105882857228,clean_mandate,0.23970829418493408,0.7602917058150659,0.40805660869675975,6,10,13,-0.021307959618366,0.0031477087424227335,-0.15407471289091312,0.015064143181000578,-0.040044583721086435,-0.01683857232569025,-3,-5,-2,Benchmark metrics are recomputed on the exact 228-date OOS window rather than full available history. Robust and mandate scores are renormalized in the aligned universe.
13,5,3,momentum_winner_12p,benchmark,,,asset_specific,340.114623089407,0.6853758244348587,0.5493043427294265,1.2169119381113531,2.3316311378316756,1.352953154443964,0.6996384028762929,0.0,not_eligible,1.0266613224051673,0.0,-0.506577646227917,-0.506577646227917,0.4158347676419965,1.0,1.0,0.0602409638554216,0.10688,0.0001839586919104,0.5163511187607573,8.330464716006885e-06,0.0001259896729776,0.9908066599935624,benchmark_history_dsr_n25,bil_cash,benchmark,,,asset_specific,228,2022-01-07,2026-05-15,weekly Friday,2.392238223115601,0.321259470958446,0.3605680539994521,0.9426637496448051,1.7642539893303615,1.0370090899804274,-0.30979426705363733,0.4298245614035088,0.044399999999999995,0.00019473684210526314,1.0,1.0,0.11842105263157894,0.11842105263157894,0.37280701754385964,1.0526315789473684e-05,0.00013596491228070177,0.0,-0.30979426705363733,0.5968192428514958,,0.5968192428514958,aligned_single_history_n25,1,benchmark,True,0.827907065780067,0.8066298825526101,0.6029166618821188,0.8808749985646356,0.7407894736842104,0.7215176353449761,not_eligible,0.4488433698329076,0.5511566301670924,0.0,16,3,4,-0.3641163534764127,-0.18873628872997444,-0.27424818846654797,0.19678337917427968,0.021879232468683285,0.0,3,-2,1,Benchmark metrics are recomputed on the exact 228-date OOS window rather than full available history. Robust and mandate scores are renormalized in the aligned universe.
7,8,13,risk_adjusted_momentum_winner_12p_12p,benchmark,,,asset_specific,15.23567633550928,0.2833293924922959,0.345993952182094,0.8835607036066542,1.6991843964502449,1.1596797877876828,0.6763885989210364,0.4577080667391376,eligible_yellow,0.323306058870203,0.676693941129797,-0.2443169187528934,-0.2443169187528935,0.2437177280550774,1.0,1.0,0.6144578313253012,0.05248,9.032702237521516e-05,0.1635111876075731,5.232358003442342e-06,5.1979345955249574e-05,0.9193511463594366,benchmark_history_dsr_n25,bil_cash,benchmark,,,asset_specific,228,2022-01-07,2026-05-15,weekly Friday,0.07208645325477159,0.016001894347274837,0.04658992658619624,0.3643147207623331,0.4128191554705355,0.1771422293434176,-0.09033359468595537,0.03508771929824561,0.0016,7.017543859649123e-06,1.0,1.0,0.9254385964912281,0.9254385964912281,0.0,8.771929824561404e-07,0.0,0.0,-0.09033359468595537,0.0970985979445615,,0.0970985979445615,aligned_single_history_n25,1,benchmark,True,0.38782230193232897,0.2560381993314703,1.0,1.0,0.33728070175438596,0.4247657147238476,clean_mandate,0.09930409011286885,0.9006959098871311,0.3825847419120535,9,15,18,-0.26732749814502105,-0.29940402559589774,-0.519245982844321,0.15398332406693804,-0.2516228841971888,-0.07512332482708411,2,7,5,Benchmark metrics are recomputed on the exact 228-date OOS window rather than full available history. Robust and mandate scores are renormalized in the aligned universe.
13,11,4,rolling_markowitz_long_only_52p,benchmark,,,asset_specific,57.36297058645982,0.4284731487979312,0.3546963394706416,1.182656150144374,2.086493979935974,0.8055039302605077,0.6517417424093117,0.0,not_eligible,1.1364407625706303,0.0,-0.5319317916417352,-0.5319317916417352,0.1094252142232129,2.1516090350531054,0.562533271817304,0.0,0.0216087573171082,3.643972566122809e-05,0.3974365437307229,6.745362563237774e-08,1.819335352072783e-05,0.9818468342705317,benchmark_history_dsr_n25,bil_cash,benchmark,,,asset_specific,228,2022-01-07,2026-05-15,weekly Friday,1.968834214977127,0.2816893030703187,0.22417122321989089,1.2195652401357844,2.2639509476591826,1.3373607560626246,-0.21063075299117573,0.103835527210852,0.008166390274852305,3.581750120549257e-05,0.5909031333470443,1.9620232159854076,0.0,0.0,0.31713962264975737,0.0,1.8812994704157782e-05,0.0,-0.21063075299117573,0.7434177577033395,,0.7434177577033395,aligned_single_history_n25,1,benchmark,True,0.9906296865027335,0.9989516674205138,0.7823391468248939,0.9347017440474681,0.9924046431970815,0.8813828766839864,eligible_yellow,0.26683425252418164,0.7331657474758184,0.646199735596402,2,2,2,-0.1467838457276125,-0.13052511625075072,0.036909089991410404,0.3213010386505595,0.2296411342746747,0.646199735596402,-11,-9,-2,Benchmark metrics are recomputed on the exact 228-date OOS window rather than full available history. Robust and mandate scores are renormalized in the aligned universe.
10,12,10,rolling_markowitz_min_variance_52p,benchmark,,,asset_specific,1.86243338701665,0.0966069533084543,0.1027681807504837,0.9495721737804392,1.418289200556895,0.3819296065817976,0.6157801989627418,0.4072841393369632,eligible_red,0.3385884443458595,0.6614115556541404,-0.2529443951022009,-0.2529443951022008,0.0341820654574077,2.700836181090327,0.4741888477209523,0.0,0.0052052609230492,8.777843040555164e-06,0.0339121273904537,6.745362563237774e-08,2.4267874363418692e-06,0.8625176926756741,benchmark_history_dsr_n25,bil_cash,benchmark,,,asset_specific,228,2022-01-07,2026-05-15,weekly Friday,0.43329852512056477,0.08556473861788283,0.10397243489326992,0.8418310211156397,1.3324762995380712,0.370636746968185,-0.23085875676873346,0.03781101332141901,0.0022532626585392073,9.882730958505295e-06,0.4779684111712217,2.6479422882322448,0.0,0.0,0.017949872479618087,0.0,2.9006603677768537e-06,0.0,-0.23085875676873346,0.41283094096573786,,0.41283094096573786,aligned_single_history_n25,1,benchmark,True,0.6873018527974696,0.37993699928540553,0.745739408125485,0.9237218224376454,1.0,0.5915301461688838,eligible_yellow,0.3001513165499545,0.6998486834500455,0.4139815940173063,5,5,7,-0.01104221469057147,0.0012042541427862152,-0.10774115266479956,0.02208563833346744,-0.024250052793858057,0.006697454680343051,-5,-7,-3,Benchmark metrics are recomputed on the exact 228-date OOS window rather than full available history. Robust and mandate scores are renormalized in the aligned universe.
11,10,5,rolling_risk_parity_inverse_vol_12p,benchmark,,,asset_specific,2.90837753408355,0.1269690887501116,0.1088303487681295,1.1542965024740743,1.767619285398887,0.4309589307630208,0.6553465404428371,0.3816243907006374,eligible_red,0.4176754325386956,0.5823245674613045,-0.2946199270666243,-0.2946199270666244,0.0615585362333238,3.2624110310671903,0.3896575973207735,0.0,0.0108148888970223,1.8237586672887623e-05,0.0807744926696154,6.745362563237774e-08,7.407349282778391e-06,0.9400864411216528,benchmark_history_dsr_n25,bil_cash,benchmark,,,asset_specific,228,2022-01-07,2026-05-15,weekly Friday,0.4666730638701062,0.09127867490229513,0.11192283451072436,0.8367550757865162,1.271267206891117,0.3380800229359376,-0.26999132959592653,0.06561184759129535,0.004435579585108723,1.945429642591545e-05,0.38111914367297867,3.3505000715776703,0.0,0.0,0.09470357310468726,0.0,7.914908634570646e-06,0.0,-0.26999132959592653,0.39773692182667997,,0.39773692182667997,aligned_single_history_n25,1,benchmark,True,0.6673695642342586,0.3590902120609257,0.6749345004410265,0.9024803501323079,1.0,0.5661012418864256,eligible_red,0.3698467436646763,0.6301532563353237,0.35673054099020185,11,8,8,-0.03569041384781646,0.0030924857425948665,-0.31754142668755814,0.02462859747069779,-0.0892452985564115,-0.024893849710435567,0,-2,3,Benchmark metrics are recomputed on the exact 228-date OOS window rather than full available history. Robust and mandate scores are renormalized in the aligned universe.
6,13,12,trend_spy_cash_12p,benchmark,,,asset_specific,1.973068521556316,0.1024331081806664,0.1135428121881919,0.9169357263463784,1.277378565900687,0.5920782656827636,0.6041771929925795,0.4777841370787463,clean_mandate,0.2091986545996376,0.7908013454003624,-0.1730060265977576,-0.1730060265977575,0.1817555938037865,1.0,1.0,0.2409638554216867,0.02128,3.662650602409639e-05,0.0,1.7969018932874356e-05,3.4423407917383825e-07,0.7984717254703511,benchmark_history_dsr_n25,bil_cash,benchmark,,,asset_specific,228,2022-01-07,2026-05-15,weekly Friday,0.49199774814912,0.09554781364922849,0.10751366222888395,0.9032336086219155,1.2965089844125814,0.6075481621453481,-0.15726788360585953,0.17543859649122806,0.008,3.508771929824561e-05,1.0,1.0,0.29385964912280704,0.29385964912280704,0.0,1.7543859649122806e-05,0.0,0.0,-0.15726788360585953,0.42802028707938644,,0.42802028707938644,aligned_single_history_n25,1,benchmark,True,0.6755893624970457,0.5316365946856311,0.8788917823311279,0.9636675346993383,0.6530701754385965,0.6307053071518842,clean_mandate,0.18661669651178492,0.8133833034882151,0.5130051662587489,3,4,5,-0.006885294531437908,-0.00602914995930795,-0.013702117724462948,0.015738142991898074,0.026528114159304672,0.03522102918000264,-3,-9,-7,Benchmark metrics are recomputed on the exact 228-date OOS window rather than full available history. Robust and mandate scores are renormalized in the aligned universe.
