protocol,strategy_name,strategy_type,base_candidate,cap_label,transaction_cost_mode,n_observations,start_date,end_date,frequency,cumulative_return,annualized_return,annualized_volatility,sharpe,sortino,calmar,max_drawdown,average_turnover,total_transaction_cost,mean_transaction_cost,average_max_weight,average_effective_number_of_assets,mean_cash_weight,cash_above_10_rate,mean_btc_weight,mean_cash_transaction_cost_contribution,mean_btc_transaction_cost_contribution,std_sharpe,worst_max_drawdown,dsr_score,median_aligned_seed_dsr_n25,date_averaged_dsr_n25,dsr_method,n_aligned_seeds,seed,aggregation_stage
zero_cash,V3_real_macro_vintage_clean_no_dxy_cap_0p70,TD3,V3_real_macro_vintage_clean_no_dxy,0p70,asset_specific,228,2022-01-07,2026-05-15,weekly Friday,0.5393715246536139,0.10338595929563921,0.12896659398533375,0.827793784851749,1.217236518218235,0.581827926125075,-0.17769164155488548,0.23051487551749134,0.01078116027420159,4.728579067632276e-05,0.6530669292687403,1.9050123513465673,0.19780623939638386,0.5,0.01620016902042926,0.0,1.701880238689017e-05,0.0,-0.17769164155488548,0.38614022969112444,,0.38614022969112444,aligned_single_history_n25,1,7,metric_computed_before_cross_seed_aggregation
zero_cash,V3_real_macro_vintage_clean_no_dxy_cap_0p70,TD3,V3_real_macro_vintage_clean_no_dxy,0p70,asset_specific,228,2022-01-07,2026-05-15,weekly Friday,0.15932136250164275,0.03429155987114152,0.08918202158880092,0.42252906953422253,0.5734943219385535,0.15811049945243597,-0.21688350862149652,0.275283520112911,0.012283461355493026,5.387483050654836e-05,0.6496848595433051,2.007151209750853,0.48413082074438846,0.9429824561403509,0.04273683062504194,0.0,2.2729603322854253e-05,0.0,-0.21688350862149652,0.13281966336083023,,0.13281966336083023,aligned_single_history_n25,1,21,metric_computed_before_cross_seed_aggregation
zero_cash,V3_real_macro_vintage_clean_no_dxy_cap_0p70,TD3,V3_real_macro_vintage_clean_no_dxy,0p70,asset_specific,228,2022-01-07,2026-05-15,weekly Friday,0.8553460179325014,0.15138274792246653,0.11961109369044189,1.239350482912872,2.1544313106783575,0.9757326480206425,-0.1551477735520682,0.36380618576164336,0.019018566448925814,8.341476512686761e-05,0.6522133331306736,2.015105201661771,0.1289511128831168,0.29385964912280704,0.04835636726075433,0.0,3.1003749468609435e-05,0.0,-0.1551477735520682,0.7348383853066631,,0.7348383853066631,aligned_single_history_n25,1,42,metric_computed_before_cross_seed_aggregation
zero_cash,V3_real_macro_vintage_clean_no_dxy_cap_0p70,TD3,V3_real_macro_vintage_clean_no_dxy,0p70,asset_specific,228,2022-01-07,2026-05-15,weekly Friday,0.6750107346693233,0.12484253923972011,0.09587760012517958,1.2761529666746951,2.117535919097981,1.1223179939934234,-0.11123633400504107,0.22933633949851967,0.012667441593714841,5.5558954358398426e-05,0.6704675048173546,1.9520201117687142,0.5040803115261139,0.8728070175438597,0.061913749443089985,0.0,2.8052601761780944e-05,0.0,-0.11123633400504107,0.7014037458244109,,0.7014037458244109,aligned_single_history_n25,1,84,metric_computed_before_cross_seed_aggregation
zero_cash,V3_real_macro_vintage_clean_no_dxy_cap_0p70,TD3,V3_real_macro_vintage_clean_no_dxy,0p70,asset_specific,228,2022-01-07,2026-05-15,weekly Friday,0.15423589952909578,0.033255046971242264,0.11857822283590624,0.33500765305846325,0.4131497136288895,0.17966461127783168,-0.1850951433046376,0.25421514817717805,0.014544785280921674,6.379291789877927e-05,0.6710718538535271,1.9262097177406055,0.28014726296899134,0.5219298245614035,0.05051139236301504,0.0,3.316578474205515e-05,0.0,-0.1850951433046376,0.09708220191734968,,0.09708220191734968,aligned_single_history_n25,1,101,metric_computed_before_cross_seed_aggregation
zero_cash,V3_real_macro_vintage_clean_no_dxy_cap_0p70,TD3,V3_real_macro_vintage_clean_no_dxy,0p70,asset_specific,228,2022-01-07,2026-05-15,weekly Friday,0.28939508944066605,0.05968248733661197,0.14582250189468365,0.4711760632488181,0.5763525808586858,0.2663723927745773,-0.22405658001923423,0.2812090441964764,0.02050823756911332,8.99484103908479e-05,0.6527735591920462,1.9678471893389662,0.16579015236939942,0.5263157894736842,0.08690790651066592,0.0,5.782022391753755e-05,0.0,-0.22405658001923423,0.148720379498269,,0.148720379498269,aligned_single_history_n25,1,123,metric_computed_before_cross_seed_aggregation
zero_cash,V3_real_macro_vintage_clean_no_dxy_cap_0p70,TD3,V3_real_macro_vintage_clean_no_dxy,0p70,asset_specific,228,2022-01-07,2026-05-15,weekly Friday,0.4181017019257882,0.08292886143660927,0.10032497587362797,0.8445742401279548,1.3252646986576475,0.6956751484249583,-0.11920630142439925,0.29180452596539685,0.017304813752478165,7.589830593192177e-05,0.6559668964353651,1.9764889847133633,0.3319724929756296,0.6403508771929824,0.06463185351026486,0.0,4.335050043098024e-05,0.0,-0.11920630142439925,0.40544436102836684,,0.40544436102836684,aligned_single_history_n25,1,202,metric_computed_before_cross_seed_aggregation
zero_cash,V3_real_macro_vintage_clean_no_dxy_cap_0p70,TD3,V3_real_macro_vintage_clean_no_dxy,0p70,asset_specific,228,2022-01-07,2026-05-15,weekly Friday,0.3374354558194739,0.068560379032512,0.15094255078227592,0.5157328446164706,0.6196031500744416,0.23125413345197135,-0.2964720154796764,0.2786781089836894,0.014540705362324137,6.377502351896551e-05,0.6608145676089183,1.914430914307156,0.2765136628999515,0.45614035087719296,0.08574200670573359,0.0,2.515961247984044e-05,0.0,-0.2964720154796764,0.16890293921751498,,0.16890293921751498,aligned_single_history_n25,1,303,metric_computed_before_cross_seed_aggregation
zero_cash,V3_real_macro_vintage_clean_no_dxy_cap_0p70,TD3,V3_real_macro_vintage_clean_no_dxy,0p70,asset_specific,228,2022-01-07,2026-05-15,weekly Friday,0.6003058397930208,0.11319849821369576,0.13490474932291574,0.8626859803947616,1.337431156904916,0.6276925750416633,-0.18034066789173375,0.26858578903075997,0.019363615688472436,8.492813898452823e-05,0.6520284981504684,1.9527000731090003,0.13527445415186784,0.42543859649122806,0.07027011689216497,0.0,4.919451235600398e-05,0.0,-0.18034066789173375,0.4240364081180745,,0.4240364081180745,aligned_single_history_n25,1,404,metric_computed_before_cross_seed_aggregation
zero_cash,V3_real_macro_vintage_clean_no_dxy_cap_0p70,TD3,V3_real_macro_vintage_clean_no_dxy,0p70,asset_specific,228,2022-01-07,2026-05-15,weekly Friday,0.371107168180294,0.07463727021779554,0.15971171862348932,0.5321368656244987,0.6290592837661861,0.2621649547899251,-0.28469583311622637,0.2939509938534298,0.0180010901836606,7.895214992833597e-05,0.6531488732402949,1.9520266592294693,0.21306662881197133,0.4780701754385965,0.12374677291550502,0.0,3.8155843039107805e-05,0.0,-0.28469583311622637,0.17304208360970263,,0.17304208360970263,aligned_single_history_n25,1,505,metric_computed_before_cross_seed_aggregation
zero_cash,V4_real_garch_current_cap_0p70,TD3,V4_real_garch_current,0p70,asset_specific,228,2022-01-07,2026-05-15,weekly Friday,-0.029356804391057367,-0.00677261800146256,0.11806456676669483,0.0009487172907843874,-0.08545984264287348,-0.028403563605726267,-0.23844254529023867,0.45111733533070697,0.025203600008019147,0.0001105421052983296,0.6409280292372431,1.9943826309542667,0.29943437559232267,0.6228070175438597,0.06634626892587843,0.0,5.513446471123522e-05,0.0,-0.23844254529023867,0.023012300519315854,,0.023012300519315854,aligned_single_history_n25,1,7,metric_computed_before_cross_seed_aggregation
zero_cash,V4_real_garch_current_cap_0p70,TD3,V4_real_garch_current,0p70,asset_specific,228,2022-01-07,2026-05-15,weekly Friday,0.2807935573389617,0.05806606352078658,0.08768810963446345,0.687542902888189,1.056576770895773,0.5217539785432891,-0.11129012122323267,0.3770406921258232,0.017375197432752735,7.620700628400322e-05,0.671886374350774,1.946630925927253,0.4285909737305635,0.8201754385964912,0.04838841632432182,0.0,2.9364147146741852e-05,0.0,-0.11129012122323267,0.29180219205822355,,0.29180219205822355,aligned_single_history_n25,1,21,metric_computed_before_cross_seed_aggregation
zero_cash,V4_real_garch_current_cap_0p70,TD3,V4_real_garch_current,0p70,asset_specific,228,2022-01-07,2026-05-15,weekly Friday,0.32884133793820447,0.06699046485395521,0.09185231548223066,0.7518938865457484,1.1812197038547634,0.4487888463892558,-0.14926945130862546,0.43287333159320857,0.022533780206205414,9.883236932546233e-05,0.6577359767244332,1.989133076748436,0.3013071249382111,0.618421052631579,0.05030511741029257,0.0,4.2256651605294715e-05,0.0,-0.14926945130862546,0.3456179457059091,,0.3456179457059091,aligned_single_history_n25,1,42,metric_computed_before_cross_seed_aggregation
zero_cash,V4_real_garch_current_cap_0p70,TD3,V4_real_garch_current,0p70,asset_specific,228,2022-01-07,2026-05-15,weekly Friday,0.20486389245043313,0.04342092395967878,0.08857998354643529,0.5241647661535153,0.7295335089960634,0.2413925468459001,-0.17987682108262348,0.45411114719999846,0.025074797268974144,0.00010997718100427256,0.6406419259095788,2.0292617783746354,0.3895056052578212,0.7105263157894737,0.049545476938197136,0.0,5.036586782210517e-05,0.0,-0.17987682108262348,0.18126897094846212,,0.18126897094846212,aligned_single_history_n25,1,84,metric_computed_before_cross_seed_aggregation
zero_cash,V4_real_garch_current_cap_0p70,TD3,V4_real_garch_current,0p70,asset_specific,228,2022-01-07,2026-05-15,weekly Friday,0.6670252506431913,0.12361723333733532,0.10935067021935069,1.121188531429676,1.9191534437574669,1.0564495204002258,-0.11701196408372083,0.4148628448570422,0.02597838605478403,0.00011394028971396504,0.6568017585674754,1.9592050772064507,0.22794311663010627,0.3815789473684211,0.08448990018202772,0.0,5.908225200554079e-05,0.0,-0.11701196408372083,0.6463139935009126,,0.6463139935009126,aligned_single_history_n25,1,101,metric_computed_before_cross_seed_aggregation
zero_cash,V4_real_garch_current_cap_0p70,TD3,V4_real_garch_current,0p70,asset_specific,228,2022-01-07,2026-05-15,weekly Friday,-0.10180973705516849,-0.024191246281836554,0.13356030341499092,-0.11649093025179835,-0.24664691146377474,-0.0618029222729448,-0.3914256056533859,0.5866177514997692,0.0373716715206206,0.00016391084000272192,0.6286363401324763,2.1448558644057094,0.3020065098734866,0.5964912280701754,0.14383262521860718,0.0,9.798394585020336e-05,0.0,-0.3914256056533859,0.012511979361017445,,0.012511979361017445,aligned_single_history_n25,1,123,metric_computed_before_cross_seed_aggregation
zero_cash,V4_real_garch_current_cap_0p70,TD3,V4_real_garch_current,0p70,asset_specific,228,2022-01-07,2026-05-15,weekly Friday,0.5402800159356582,0.10353444148505164,0.11652139181893893,0.9038673637658168,1.4679016108011895,0.7497541823063906,-0.13809118232133022,0.40780879428897593,0.02899573840974524,0.00012717429127081245,0.6504392508970726,1.9760982205700621,0.4633729625342632,0.9166666666666666,0.13469084384182922,0.0,8.8403079194443e-05,0.0,-0.13809118232133022,0.4730985396682588,,0.4730985396682588,aligned_single_history_n25,1,202,metric_computed_before_cross_seed_aggregation
zero_cash,V4_real_garch_current_cap_0p70,TD3,V4_real_garch_current,0p70,asset_specific,228,2022-01-07,2026-05-15,weekly Friday,0.2607739910987579,0.05427122514293892,0.08285470980587342,0.6795604182710803,0.9471993479857403,0.4038088250340505,-0.13439831370293254,0.46887932608718114,0.02061060769877547,9.039740218761171e-05,0.6486627789239064,1.9945220069732432,0.42783002212079435,0.8728070175438597,0.03377440999273711,0.0,3.097380610610874e-05,0.0,-0.13439831370293254,0.26871713230240635,,0.26871713230240635,aligned_single_history_n25,1,303,metric_computed_before_cross_seed_aggregation
zero_cash,V4_real_garch_current_cap_0p70,TD3,V4_real_garch_current,0p70,asset_specific,228,2022-01-07,2026-05-15,weekly Friday,0.05287967919392478,0.011821548021676787,0.10590542102391493,0.16387395318618508,0.1546872279949126,0.0470633480450455,-0.2511837451590161,0.4005256964746957,0.01644335372891989,7.211997249526268e-05,0.6616408482615829,1.986785343725182,0.336817079988626,0.6140350877192983,0.036141300012420774,0.0,2.153804088157089e-05,0.0,-0.2511837451590161,0.04885268797653164,,0.04885268797653164,aligned_single_history_n25,1,404,metric_computed_before_cross_seed_aggregation
zero_cash,V4_real_garch_current_cap_0p70,TD3,V4_real_garch_current,0p70,asset_specific,228,2022-01-07,2026-05-15,weekly Friday,0.18682519098820416,0.0398373203734399,0.09366363276743553,0.4637109960088396,0.6564121979328181,0.3007166570528145,-0.1324746050447193,0.4583418926766446,0.026309842389188265,0.00011539404556661519,0.6466570220994374,2.0221533646326293,0.5243255503777391,0.8947368421052632,0.0892957897791478,0.0,6.157637516186054e-05,0.0,-0.1324746050447193,0.15357421348159817,,0.15357421348159817,aligned_single_history_n25,1,505,metric_computed_before_cross_seed_aggregation
zero_cash,V5_no_volatility_block_cap_0p50,TD3,V5_no_volatility_block,0p50,asset_specific,228,2022-01-07,2026-05-15,weekly Friday,0.05609531073826046,0.01252550908255845,0.17410327277245563,0.16059825667420466,0.09446376274053628,0.028119263747175178,-0.4454422845198692,0.460145112444111,0.033063676713175796,0.00014501612593498155,0.49589400309087917,2.8400362410799445,0.10833680640157164,0.3684210526315789,0.17367263941173294,0.0,8.777442756219573e-05,0.0,-0.4454422845198692,0.047714740228862074,,0.047714740228862074,aligned_single_history_n25,1,7,metric_computed_before_cross_seed_aggregation
zero_cash,V5_no_volatility_block_cap_0p50,TD3,V5_no_volatility_block,0p50,asset_specific,228,2022-01-07,2026-05-15,weekly Friday,0.30885908924352456,0.06330971700186994,0.1233215380988449,0.5587994834577565,0.8295226459252082,0.23367497930039186,-0.27093066271543165,0.43183946837487786,0.02484174905626952,0.00010895503972048035,0.4917707103835006,2.7796463023540223,0.21593844262587095,0.6228070175438597,0.0770477484723237,0.0,5.121571307362252e-05,0.0,-0.27093066271543165,0.21412431260024828,,0.21412431260024828,aligned_single_history_n25,1,21,metric_computed_before_cross_seed_aggregation
zero_cash,V5_no_volatility_block_cap_0p50,TD3,V5_no_volatility_block,0p50,asset_specific,228,2022-01-07,2026-05-15,weekly Friday,0.1523234464017975,0.032864340890324195,0.10025065213536562,0.3726449340520535,0.46974940988159125,0.1370096283233694,-0.23986884201129244,0.42570497778068783,0.021322871737698743,9.352136727060853e-05,0.4935164844314093,2.845204577470587,0.16967579525402232,0.5263157894736842,0.05882633321249703,0.0,3.630519431073207e-05,0.0,-0.23986884201129244,0.11047144376975643,,0.11047144376975643,aligned_single_history_n25,1,42,metric_computed_before_cross_seed_aggregation
zero_cash,V5_no_volatility_block_cap_0p50,TD3,V5_no_volatility_block,0p50,asset_specific,228,2022-01-07,2026-05-15,weekly Friday,0.46241818558871284,0.09055583048466609,0.10918755970002222,0.8487314483683507,1.2971334361181464,0.5715813940715802,-0.15843033279933116,0.38767214299557723,0.021777817233784674,9.551674225344156e-05,0.4926094527657837,2.7812132694910603,0.31237186026507424,0.8245614035087719,0.08301241949826221,0.0,4.2957856861537936e-05,0.0,-0.15843033279933116,0.41662343566197285,,0.41662343566197285,aligned_single_history_n25,1,84,metric_computed_before_cross_seed_aggregation
zero_cash,V5_no_volatility_block_cap_0p50,TD3,V5_no_volatility_block,0p50,asset_specific,228,2022-01-07,2026-05-15,weekly Friday,0.008251815524222827,0.001876028081479575,0.12976772366638606,0.08005629125309399,0.019053466483535373,0.004954746492699784,-0.3786325060714355,0.5344866784639111,0.03469521590409246,0.0001521719995793529,0.48641341729976456,2.8834752580143608,0.20625301192811127,0.6096491228070176,0.11968000460729505,0.0,8.464228106165941e-05,0.0,-0.3786325060714355,0.03354972581067961,,0.03354972581067961,aligned_single_history_n25,1,101,metric_computed_before_cross_seed_aggregation
zero_cash,V5_no_volatility_block_cap_0p50,TD3,V5_no_volatility_block,0p50,asset_specific,228,2022-01-07,2026-05-15,weekly Friday,0.32516637689226946,0.06631675527544867,0.12446678938374948,0.5775772285358806,0.8775668402716151,0.25908571116665974,-0.2559645415288444,0.40340477720415224,0.028056961591611862,0.00012305684908601693,0.4908466889344638,2.800941678549577,0.27373996530335076,0.793859649122807,0.12211136099726234,0.0,7.663636777826528e-05,0.0,-0.2559645415288444,0.22462264127567588,,0.22462264127567588,aligned_single_history_n25,1,123,metric_computed_before_cross_seed_aggregation
zero_cash,V5_no_volatility_block_cap_0p50,TD3,V5_no_volatility_block,0p50,asset_specific,228,2022-01-07,2026-05-15,weekly Friday,0.2131395151673101,0.04505113018408902,0.10513119408325278,0.4715040092067992,0.6598624572370269,0.18734726702284954,-0.24046857421514678,0.3310642015688603,0.019691143807044453,8.636466582037041e-05,0.49851475106358545,2.7581334805569035,0.31620644432399997,0.8640350877192983,0.07035939391778104,0.0,4.635490343260538e-05,0.0,-0.24046857421514678,0.1573236622309428,,0.1573236622309428,aligned_single_history_n25,1,202,metric_computed_before_cross_seed_aggregation
zero_cash,V5_no_volatility_block_cap_0p50,TD3,V5_no_volatility_block,0p50,asset_specific,228,2022-01-07,2026-05-15,weekly Friday,0.3038790118636505,0.06238563559818466,0.1118068420104102,0.5968575652718272,0.8769252944173282,0.2339232118925113,-0.2666927967236151,0.42019834340215295,0.02426487231574622,0.0001064248785778343,0.49575597972167573,2.772273303558714,0.1956907201984774,0.5877192982456141,0.0716900800863493,0.0,4.927007850603672e-05,0.0,-0.2666927967236151,0.2345616745178365,,0.2345616745178365,aligned_single_history_n25,1,303,metric_computed_before_cross_seed_aggregation
zero_cash,V5_no_volatility_block_cap_0p50,TD3,V5_no_volatility_block,0p50,asset_specific,228,2022-01-07,2026-05-15,weekly Friday,0.46888542936713384,0.09165388544413955,0.10978896065670557,0.8542235490693222,1.2339511400751735,0.36967871861789886,-0.2479284871652926,0.41386996817759986,0.027357002131418874,0.00011998685145359155,0.4964771337290194,2.6859106678915365,0.29882956047115994,0.7850877192982456,0.08582493022773394,0.0,7.132746264773672e-05,0.0,-0.2479284871652926,0.3956229470448916,,0.3956229470448916,aligned_single_history_n25,1,404,metric_computed_before_cross_seed_aggregation
zero_cash,V5_no_volatility_block_cap_0p50,TD3,V5_no_volatility_block,0p50,asset_specific,228,2022-01-07,2026-05-15,weekly Friday,0.28696468093313454,0.05922660400779489,0.12022918683506548,0.5381341584349203,0.8035827843205141,0.2551351310428259,-0.23213817621162236,0.3868667403673946,0.025961207718838274,0.00011386494613525558,0.4925788570547945,2.8598280841239587,0.31851277596555777,0.9078947368421053,0.10969568045114982,0.0,6.659781379405818e-05,0.0,-0.23213817621162236,0.19994099225339312,,0.19994099225339312,aligned_single_history_n25,1,505,metric_computed_before_cross_seed_aggregation
zero_cash,V7_real_macro_vintage_clean_no_dxy_garch_cap_0p80,TD3,V7_real_macro_vintage_clean_no_dxy_garch,0p80,asset_specific,228,2022-01-07,2026-05-15,weekly Friday,0.18180575571746593,0.03883267654795408,0.0869684107052217,0.48151976711187583,0.6616568867005496,0.17020900333242459,-0.22814701800534254,0.20492334664942682,0.008478900894850691,3.7188161819520576e-05,0.7421207816496402,1.6538367602255342,0.4820687122715025,0.8552631578947368,0.02960638212035759,0.0,1.4031980913255835e-05,0.0,-0.22814701800534254,0.1597264305324091,,0.1597264305324091,aligned_single_history_n25,1,7,metric_computed_before_cross_seed_aggregation
zero_cash,V7_real_macro_vintage_clean_no_dxy_garch_cap_0p80,TD3,V7_real_macro_vintage_clean_no_dxy_garch,0p80,asset_specific,228,2022-01-07,2026-05-15,weekly Friday,0.2897338297232055,0.059745973788400075,0.09624152612753217,0.6510552443078906,0.9536264408330285,0.26161667171306136,-0.22837219584357715,0.33283408807744835,0.014626996906010836,6.415349520180191e-05,0.7231300600918356,1.717818680951447,0.5432119799082654,0.8947368421052632,0.02303392628854719,0.0,2.2826745136936336e-05,0.0,-0.22837219584357715,0.26487014061774694,,0.26487014061774694,aligned_single_history_n25,1,21,metric_computed_before_cross_seed_aggregation
zero_cash,V7_real_macro_vintage_clean_no_dxy_garch_cap_0p80,TD3,V7_real_macro_vintage_clean_no_dxy_garch,0p80,asset_specific,228,2022-01-07,2026-05-15,weekly Friday,0.24243246026478005,0.05075341853781046,0.16953152099605043,0.37666975783791445,0.4339611915683547,0.16826630902813364,-0.30162555315410544,0.3090803044074631,0.020073325648877614,8.804090196876147e-05,0.7170354230959389,1.745684314030692,0.2171882092540042,0.38596491228070173,0.18321887941958626,0.0,5.0185715134134576e-05,0.0,-0.30162555315410544,0.11258488494803398,,0.11258488494803398,aligned_single_history_n25,1,42,metric_computed_before_cross_seed_aggregation
zero_cash,V7_real_macro_vintage_clean_no_dxy_garch_cap_0p80,TD3,V7_real_macro_vintage_clean_no_dxy_garch,0p80,asset_specific,228,2022-01-07,2026-05-15,weekly Friday,0.5031155263530431,0.09740435360462918,0.10278498020675565,0.9563994900039263,1.4238709793188475,0.5724992807957515,-0.1701388226536127,0.2693018967210412,0.011790686664518813,5.17135380022755e-05,0.7117274948971443,1.716368355928207,0.3095041907891905,0.44298245614035087,0.017189646049929147,0.0,1.2472220645158943e-05,0.0,-0.1701388226536127,0.4701739346431331,,0.4701739346431331,aligned_single_history_n25,1,84,metric_computed_before_cross_seed_aggregation
zero_cash,V7_real_macro_vintage_clean_no_dxy_garch_cap_0p80,TD3,V7_real_macro_vintage_clean_no_dxy_garch,0p80,asset_specific,228,2022-01-07,2026-05-15,weekly Friday,0.23836946307602114,0.04996873974907623,0.12224835531007137,0.4600728147025016,0.5964867492279227,0.22450422906305795,-0.22257371256485858,0.33423919852510836,0.014530997222017707,6.373244395621801e-05,0.7303420376550221,1.7072024598229465,0.30406452176029664,0.5394736842105263,0.02264952318820496,0.0,1.89039966773921e-05,0.0,-0.22257371256485858,0.14767606574858094,,0.14767606574858094,aligned_single_history_n25,1,101,metric_computed_before_cross_seed_aggregation
zero_cash,V7_real_macro_vintage_clean_no_dxy_garch_cap_0p80,TD3,V7_real_macro_vintage_clean_no_dxy_garch,0p80,asset_specific,228,2022-01-07,2026-05-15,weekly Friday,0.9591374478823393,0.16576575719615794,0.10994466404798385,1.451702049229967,2.4821185240921344,0.902670923386749,-0.1836391899876625,0.36084536746119683,0.01701111259639625,7.461014296665022e-05,0.7078759735884537,1.7920098023754771,0.22194561707033433,0.3815789473684211,0.033113540085720705,0.0,2.2424583443174295e-05,0.0,-0.1836391899876625,0.8376729389151552,,0.8376729389151552,aligned_single_history_n25,1,123,metric_computed_before_cross_seed_aggregation
zero_cash,V7_real_macro_vintage_clean_no_dxy_garch_cap_0p80,TD3,V7_real_macro_vintage_clean_no_dxy_garch,0p80,asset_specific,228,2022-01-07,2026-05-15,weekly Friday,1.4113745706760743,0.2223150858856815,0.22632931607569767,0.9932901265141313,2.1694525316339095,1.53809609356855,-0.14453913953443986,0.27698374791985253,0.012606878044030028,5.5293324754517664e-05,0.7530116029570497,1.6384377589159616,0.3517106029767731,0.5657894736842105,0.1895338324979125,0.0,2.420945236946172e-05,0.0,-0.14453913953443986,0.7366844248549299,,0.7366844248549299,aligned_single_history_n25,1,202,metric_computed_before_cross_seed_aggregation
zero_cash,V7_real_macro_vintage_clean_no_dxy_garch_cap_0p80,TD3,V7_real_macro_vintage_clean_no_dxy_garch,0p80,asset_specific,228,2022-01-07,2026-05-15,weekly Friday,0.012556627257507058,0.002850015096010461,0.10538014202531336,0.07934872638279994,0.0391649977230555,0.011978022839994204,-0.2379370230030251,0.30480667486646973,0.016999321501372698,7.455842763759955e-05,0.7545335881229986,1.6370478064101284,0.5289889664152481,0.75,0.04506785337973351,0.0,3.8998003338611534e-05,0.0,-0.2379370230030251,0.03354118826672736,,0.03354118826672736,aligned_single_history_n25,1,303,metric_computed_before_cross_seed_aggregation
zero_cash,V7_real_macro_vintage_clean_no_dxy_garch_cap_0p80,TD3,V7_real_macro_vintage_clean_no_dxy_garch,0p80,asset_specific,228,2022-01-07,2026-05-15,weekly Friday,0.13002598822943745,0.028271710704919073,0.11758382775667207,0.29560766179497727,0.355948659712507,0.14200303196657837,-0.19909230326556027,0.3239448916972078,0.013691642455957203,6.0051063403321064e-05,0.7430378139726626,1.656561531590663,0.33582530099539715,0.4649122807017544,0.020297055370491993,0.0,1.4391613791088163e-05,0.0,-0.19909230326556027,0.08405929729687905,,0.08405929729687905,aligned_single_history_n25,1,404,metric_computed_before_cross_seed_aggregation
zero_cash,V7_real_macro_vintage_clean_no_dxy_garch_cap_0p80,TD3,V7_real_macro_vintage_clean_no_dxy_garch,0p80,asset_specific,228,2022-01-07,2026-05-15,weekly Friday,0.8133913982134595,0.14539217935937265,0.1364359070820628,1.0639979370422423,1.7378127390577165,0.7346359137777024,-0.19791052497246642,0.3657680363806299,0.017158574780463717,7.525690693185842e-05,0.7095995353545452,1.7420077861980947,0.12095246580914205,0.2850877192982456,0.017558780066768115,0.0,2.1296959827007846e-05,0.0,-0.19791052497246642,0.5826795431404451,,0.5826795431404451,aligned_single_history_n25,1,505,metric_computed_before_cross_seed_aggregation
zero_cash,V8_ewma_garch_vol_current_cap_uncapped,TD3,V8_ewma_garch_vol_current,uncapped,asset_specific,228,2022-01-07,2026-05-15,weekly Friday,0.4609367664940869,0.09030377704495285,0.21489462084729097,0.5087064932717278,0.670913465465522,0.39780733272059227,-0.2270038021354912,0.4726176162816859,0.04109600584649625,0.00018024563967761515,0.8814432033766183,1.304203845190823,0.07820993808921042,0.11842105263157894,0.1784958867038351,0.0,0.00012053482422167196,0.0,-0.2270038021354912,0.1786635607021544,,0.1786635607021544,aligned_single_history_n25,1,7,metric_computed_before_cross_seed_aggregation
zero_cash,V8_ewma_garch_vol_current_cap_uncapped,TD3,V8_ewma_garch_vol_current,uncapped,asset_specific,228,2022-01-07,2026-05-15,weekly Friday,0.005873652791173578,0.0013365785990444579,0.1527760516815322,0.08711662350719442,0.011252146116946323,0.0033379396534885036,-0.4004202405659403,0.42048804393300643,0.02768274980378587,0.00012141556931485031,0.888800222240892,1.2807469346987723,0.5191637187801547,0.6447368421052632,0.15019856127292322,0.0,8.678440704157055e-05,0.0,-0.4004202405659403,0.0345934390635072,,0.0345934390635072,aligned_single_history_n25,1,21,metric_computed_before_cross_seed_aggregation
zero_cash,V8_ewma_garch_vol_current_cap_uncapped,TD3,V8_ewma_garch_vol_current,uncapped,asset_specific,228,2022-01-07,2026-05-15,weekly Friday,0.10815584536007838,0.02369862929179556,0.19493238610093347,0.21964388176257924,0.16417559629990316,0.06038041826387982,-0.39248865730319593,0.5258858620458011,0.04521183105810593,0.0001982975046408155,0.8633495025858532,1.3550568738141757,0.5591076191036101,0.7324561403508771,0.27800165340351596,0.0,0.0001688855457183649,0.0,-0.39248865730319593,0.06095731322053166,,0.06095731322053166,aligned_single_history_n25,1,42,metric_computed_before_cross_seed_aggregation
zero_cash,V8_ewma_garch_vol_current_cap_uncapped,TD3,V8_ewma_garch_vol_current,uncapped,asset_specific,228,2022-01-07,2026-05-15,weekly Friday,0.12226319360389826,0.02665638277585347,0.13566022431436917,0.26186597579381027,0.27573156838049157,0.10902636420977323,-0.24449483360341173,0.5399414103395077,0.027118859658844315,0.00011894236692475577,0.8934238827281873,1.2476011128055748,0.3607617225531511,0.5043859649122807,0.08356783518573929,0.0,6.966662095710113e-05,0.0,-0.24449483360341173,0.07291158349975724,,0.07291158349975724,aligned_single_history_n25,1,84,metric_computed_before_cross_seed_aggregation
zero_cash,V8_ewma_garch_vol_current_cap_uncapped,TD3,V8_ewma_garch_vol_current,uncapped,asset_specific,228,2022-01-07,2026-05-15,weekly Friday,0.1619708410708891,0.034830183396583614,0.17541390356217412,0.28117678832569726,0.3168849872264299,0.15351777999217758,-0.22688045253363076,0.6483225735758017,0.0251720574451964,0.00011040376072454562,0.8933160041445708,1.2657428668466606,0.48954852126787446,0.6535087719298246,0.13275666130986946,0.0,4.4684923862460256e-05,0.0,-0.22688045253363076,0.08110714789961104,,0.08110714789961104,aligned_single_history_n25,1,101,metric_computed_before_cross_seed_aggregation
zero_cash,V8_ewma_garch_vol_current_cap_uncapped,TD3,V8_ewma_garch_vol_current,uncapped,asset_specific,228,2022-01-07,2026-05-15,weekly Friday,-0.14317097989844807,-0.034626971427049846,0.14303591341703942,-0.1748654856658842,-0.328176381286766,-0.11705518025232567,-0.2958175054910641,0.5531927011696033,0.03160937333408244,0.00013863760234246683,0.8279910066158167,1.4352900099610615,0.5550053429051985,0.7587719298245614,0.08383679907031419,0.0,9.043274827282232e-05,0.0,-0.2958175054910641,0.009086940245552566,,0.009086940245552566,aligned_single_history_n25,1,123,metric_computed_before_cross_seed_aggregation
zero_cash,V8_ewma_garch_vol_current_cap_uncapped,TD3,V8_ewma_garch_vol_current,uncapped,asset_specific,228,2022-01-07,2026-05-15,weekly Friday,0.661561832926461,0.12277630460669631,0.18742544058783217,0.7094583813202887,1.1238755298297327,0.6600357519611072,-0.18601462760449217,0.6208778371353842,0.04379263707848777,0.00019207296964249022,0.8503198179769995,1.396880717082441,0.24931702828870703,0.42543859649122806,0.21389143454930662,0.0,0.00013214453138846397,0.0,-0.18601462760449217,0.3397103166189366,,0.3397103166189366,aligned_single_history_n25,1,202,metric_computed_before_cross_seed_aggregation
zero_cash,V8_ewma_garch_vol_current_cap_uncapped,TD3,V8_ewma_garch_vol_current,uncapped,asset_specific,228,2022-01-07,2026-05-15,weekly Friday,-0.021296824131889158,-0.004897605259688742,0.18756542423946146,0.06828525435202668,-0.0364283363072724,-0.011840830520986566,-0.41362007935239653,0.4888437694279085,0.04283469536186242,0.00018787147088536148,0.870955149993314,1.3245459755443418,0.4947438505568487,0.6140350877192983,0.12646195949897615,0.0,0.00014266501723766132,0.0,-0.41362007935239653,0.031818143634351925,,0.031818143634351925,aligned_single_history_n25,1,303,metric_computed_before_cross_seed_aggregation
zero_cash,V8_ewma_garch_vol_current_cap_uncapped,TD3,V8_ewma_garch_vol_current,uncapped,asset_specific,228,2022-01-07,2026-05-15,weekly Friday,0.927203285942084,0.16140441108883863,0.18018600723511582,0.9211595299837699,1.3904067317320377,0.7223922470156822,-0.22343043098209603,0.5180956473508664,0.04723895919650044,0.0002071884175285107,0.9062688576806535,1.2428719434436302,0.24204913301365052,0.2543859649122807,0.2039265660785396,0.0,0.00013688646284394851,0.0,-0.22343043098209603,0.46310214967632446,,0.46310214967632446,aligned_single_history_n25,1,404,metric_computed_before_cross_seed_aggregation
zero_cash,V8_ewma_garch_vol_current_cap_uncapped,TD3,V8_ewma_garch_vol_current,uncapped,asset_specific,228,2022-01-07,2026-05-15,weekly Friday,0.2964555478848405,0.061003099429910446,0.16826303700350775,0.43415459539977264,0.6108854222996203,0.2828143837687019,-0.21570013030101565,0.5157300280812852,0.04163945515266044,0.00018262918926605456,0.8980257675235533,1.2543016535462201,0.5869832037667501,0.6885964912280702,0.22794022033079211,0.0,0.00014937335532335468,0.0,-0.21570013030101565,0.1461430681278686,,0.1461430681278686,aligned_single_history_n25,1,505,metric_computed_before_cross_seed_aggregation
bil_cash,V3_real_macro_vintage_clean_no_dxy_cap_0p70,TD3,V3_real_macro_vintage_clean_no_dxy,0p70,asset_specific,228,2022-01-07,2026-05-15,weekly Friday,0.8557979250582843,0.15144670250428094,0.14778604260065764,1.0290420068719943,1.615966589811498,0.9899734879665377,-0.15298056396981008,0.2531573621453568,0.02210110629845553,9.693467674761197e-05,0.6570054646122029,1.9704981665072265,0.11542624433133936,0.16228070175438597,0.14129489207223553,6.261148357270557e-06,5.787900539818468e-05,0.0,-0.15298056396981008,0.5464835999399134,,0.5464835999399134,aligned_single_history_n25,1,7,metric_computed_before_cross_seed_aggregation
bil_cash,V3_real_macro_vintage_clean_no_dxy_cap_0p70,TD3,V3_real_macro_vintage_clean_no_dxy,0p70,asset_specific,228,2022-01-07,2026-05-15,weekly Friday,0.4778448340024286,0.09316892773175334,0.07204967179981579,1.2731894910344088,2.14733360807343,0.9738110240012418,-0.09567454612388382,0.16974028215189277,0.010968435212928136,4.8107171986526914e-05,0.6709040431878835,1.9191658139594328,0.5198166716586075,0.8157894736842105,0.03623238613060447,9.246449303803255e-06,1.7698894445194328e-05,0.0,-0.09567454612388382,0.7525674888632949,,0.7525674888632949,aligned_single_history_n25,1,21,metric_computed_before_cross_seed_aggregation
bil_cash,V3_real_macro_vintage_clean_no_dxy_cap_0p70,TD3,V3_real_macro_vintage_clean_no_dxy,0p70,asset_specific,228,2022-01-07,2026-05-15,weekly Friday,0.3603111063090727,0.07270152424257703,0.11693033416189283,0.6589872646266152,0.9093676821836597,0.37209494846925933,-0.1953843354811985,0.20898083775471396,0.012419317199649046,5.4470689472144943e-05,0.6691032569757133,1.9336523093066824,0.23039636738015698,0.37719298245614036,0.03784420924244805,8.818915125854585e-06,1.584315240151279e-05,0.0,-0.1953843354811985,0.25825977205215445,,0.25825977205215445,aligned_single_history_n25,1,42,metric_computed_before_cross_seed_aggregation
bil_cash,V3_real_macro_vintage_clean_no_dxy_cap_0p70,TD3,V3_real_macro_vintage_clean_no_dxy,0p70,asset_specific,228,2022-01-07,2026-05-15,weekly Friday,0.517290318286648,0.09975606854020103,0.09512722262497231,1.0474425605467808,1.8761997447913783,0.7033107501780603,-0.14183782704152514,0.33197408722575256,0.02505721997255249,0.00010990008759891442,0.6595428257309328,1.9661128289357273,0.5025428980603277,0.8771929824561403,0.10712723667258182,2.2507460118766177e-05,5.4381587692220484e-05,0.0,-0.14183782704152514,0.6177031920101853,,0.6177031920101853,aligned_single_history_n25,1,84,metric_computed_before_cross_seed_aggregation
bil_cash,V3_real_macro_vintage_clean_no_dxy_cap_0p70,TD3,V3_real_macro_vintage_clean_no_dxy,0p70,asset_specific,228,2022-01-07,2026-05-15,weekly Friday,0.08319804476009973,0.0183939940415494,0.09474322973751961,0.2395085211548666,0.2821503301629347,0.07456599233957392,-0.24668073828861625,0.19142465497697683,0.011491159898617813,5.039982411674479e-05,0.647636458221802,1.9208317189498147,0.4115138346316144,0.7017543859649122,0.017402590515175155,1.0796313898674306e-05,1.5143616401696302e-05,0.0,-0.24668073828861625,0.0673755730747953,,0.0673755730747953,aligned_single_history_n25,1,101,metric_computed_before_cross_seed_aggregation
bil_cash,V3_real_macro_vintage_clean_no_dxy_cap_0p70,TD3,V3_real_macro_vintage_clean_no_dxy,0p70,asset_specific,228,2022-01-07,2026-05-15,weekly Friday,-0.14344385395749937,-0.03469709840613988,0.12260795114608772,-0.2266699032719865,-0.3840130648383713,-0.11102413339289974,-0.31251852498907995,0.34415246396469273,0.022958142208400666,0.0001006936061771959,0.628039169486041,2.011427252107878,0.33811238945829164,0.6929824561403509,0.05678596255547404,2.3632798035237058e-05,3.982889173034209e-05,0.0,-0.31251852498907995,0.006717256235665825,,0.006717256235665825,aligned_single_history_n25,1,123,metric_computed_before_cross_seed_aggregation
bil_cash,V3_real_macro_vintage_clean_no_dxy_cap_0p70,TD3,V3_real_macro_vintage_clean_no_dxy,0p70,asset_specific,228,2022-01-07,2026-05-15,weekly Friday,0.532487125357773,0.10225858135500743,0.08135149494299318,1.2382994206483617,2.0465942271121524,0.8877595770065637,-0.11518724664149849,0.27773152332313333,0.016691215271400744,7.320708452368748e-05,0.6492973366298761,1.9916363056813076,0.497568076724581,0.8728070175438597,0.030735921707955503,1.737747295179969e-05,2.207597482383986e-05,0.0,-0.11518724664149849,0.719363528325465,,0.719363528325465,aligned_single_history_n25,1,202,metric_computed_before_cross_seed_aggregation
bil_cash,V3_real_macro_vintage_clean_no_dxy_cap_0p70,TD3,V3_real_macro_vintage_clean_no_dxy,0p70,asset_specific,228,2022-01-07,2026-05-15,weekly Friday,0.43188199343673506,0.0853199565550371,0.13108734385947346,0.6903514613530147,0.9751664264678575,0.3220967083513574,-0.2648892532672712,0.21170869344499546,0.014924049843888829,6.545635896442469e-05,0.6401793082869681,1.976756449956655,0.19765702125946916,0.3684210526315789,0.05811325994860179,8.313538990876912e-06,2.889327534428818e-05,0.0,-0.2648892532672712,0.28491635209135213,,0.28491635209135213,aligned_single_history_n25,1,303,metric_computed_before_cross_seed_aggregation
bil_cash,V3_real_macro_vintage_clean_no_dxy_cap_0p70,TD3,V3_real_macro_vintage_clean_no_dxy,0p70,asset_specific,228,2022-01-07,2026-05-15,weekly Friday,0.5751763471538214,0.10918733263171676,0.1289607656036835,0.8685493136659861,1.3011128946680746,0.44470893579252263,-0.24552538490626985,0.12619490172176165,0.007393034679389774,3.242559069907796e-05,0.6441732664540818,1.8957008213367057,0.16497362125843823,0.22807017543859648,0.021827067075350984,1.3914656483087129e-06,8.983262943409081e-06,0.0,-0.24552538490626985,0.41829622812047523,,0.41829622812047523,aligned_single_history_n25,1,404,metric_computed_before_cross_seed_aggregation
bil_cash,V3_real_macro_vintage_clean_no_dxy_cap_0p70,TD3,V3_real_macro_vintage_clean_no_dxy,0p70,asset_specific,228,2022-01-07,2026-05-15,weekly Friday,-0.03788627245349063,-0.008769984030309708,0.13653100465414628,0.004258081011719586,-0.08560976472854648,-0.028352050340460264,-0.30932450828060065,0.3035681365513758,0.020949617719942235,9.188428824536068e-05,0.623939049604088,2.093888160037623,0.24597202192912324,0.6447368421052632,0.06213857930052315,1.5101471525931239e-05,3.896332616887378e-05,0.0,-0.30932450828060065,0.023391721284451494,,0.023391721284451494,aligned_single_history_n25,1,505,metric_computed_before_cross_seed_aggregation
bil_cash,V4_real_garch_current_cap_0p80,TD3,V4_real_garch_current,0p80,asset_specific,228,2022-01-07,2026-05-15,weekly Friday,0.5995993228181504,0.11308639069625093,0.130390958409816,0.8873002403021253,1.3419250862221785,0.44141666119800343,-0.25618967437553175,0.2686733293507216,0.01504178155102726,6.597272610099675e-05,0.7727570268665628,1.5761386989949189,0.217710974813309,0.3684210526315789,0.02603349802070401,1.1834984080684056e-05,1.5297575288578788e-05,0.0,-0.25618967437553175,0.43894960407975453,,0.43894960407975453,aligned_single_history_n25,1,7,metric_computed_before_cross_seed_aggregation
bil_cash,V4_real_garch_current_cap_0p80,TD3,V4_real_garch_current,0p80,asset_specific,228,2022-01-07,2026-05-15,weekly Friday,0.07478746436137573,0.016585121441265782,0.05358215644616547,0.33377924238167045,0.42451242261045097,0.19208994328797394,-0.08634039428291151,0.30393894492074436,0.017260661331035293,7.570465496068111e-05,0.7456382898448138,1.6607818622934962,0.6974316391677208,0.9912280701754386,0.026809121513269626,2.200665634145187e-05,1.864608247068489e-05,0.0,-0.08634039428291151,0.09512680008061325,,0.09512680008061325,aligned_single_history_n25,1,21,metric_computed_before_cross_seed_aggregation
bil_cash,V4_real_garch_current_cap_0p80,TD3,V4_real_garch_current,0p80,asset_specific,228,2022-01-07,2026-05-15,weekly Friday,-0.24421940616703786,-0.06186423249342754,0.20233753276221422,-0.21372155487220104,-0.40908311971879274,-0.16196423700811818,-0.38196230004977394,0.3271329278958363,0.026652052927741948,0.00011689496898132433,0.7034523444430746,1.7941901301024235,0.016685293005912916,0.008771929824561403,0.22948919311268734,3.068856693164893e-06,6.433547925271083e-05,0.0,-0.38196230004977394,0.007223250245881552,,0.007223250245881552,aligned_single_history_n25,1,42,metric_computed_before_cross_seed_aggregation
bil_cash,V4_real_garch_current_cap_0p80,TD3,V4_real_garch_current,0p80,asset_specific,228,2022-01-07,2026-05-15,weekly Friday,0.11506768804830725,0.02515137868624784,0.08794391422498214,0.32615320685687094,0.439815370418407,0.13593762166284257,-0.1850214707200719,0.24981980075201524,0.015673063937743342,6.874150849887431e-05,0.7460995962122522,1.6309238896979954,0.41767655461406816,0.6228070175438597,0.03484607719447391,1.6773216246936865e-05,2.3471935435597414e-05,0.0,-0.1850214707200719,0.09504695677107261,,0.09504695677107261,aligned_single_history_n25,1,84,metric_computed_before_cross_seed_aggregation
bil_cash,V4_real_garch_current_cap_0p80,TD3,V4_real_garch_current,0p80,asset_specific,228,2022-01-07,2026-05-15,weekly Friday,0.061365440068230415,0.013675667902234512,0.16705824104712358,0.1646949030948432,0.11568003272341258,0.04221814772560345,-0.3239286572002026,0.3930890003133102,0.031056126134994644,0.00013621107953945018,0.6866714554605219,1.7847496320333527,0.19615782754735583,0.4298245614035088,0.1347806619831173,1.4510181872223197e-05,7.199159934600275e-05,0.0,-0.3239286572002026,0.049107366770296146,,0.049107366770296146,aligned_single_history_n25,1,101,metric_computed_before_cross_seed_aggregation
bil_cash,V4_real_garch_current_cap_0p80,TD3,V4_real_garch_current,0p80,asset_specific,228,2022-01-07,2026-05-15,weekly Friday,0.4635371179648162,0.09074607863750783,0.13186597610865602,0.7246024048973475,1.0987945371256895,0.45535063473152504,-0.19928835432723568,0.4892918964368984,0.03560369045524586,0.00015615653708441168,0.6909709259688654,1.820842104098551,0.38039539940493483,0.6929824561403509,0.09684114012831374,2.682581830607606e-05,7.287269724631119e-05,0.0,-0.19928835432723568,0.3194906615866323,,0.3194906615866323,aligned_single_history_n25,1,123,metric_computed_before_cross_seed_aggregation
bil_cash,V4_real_garch_current_cap_0p80,TD3,V4_real_garch_current,0p80,asset_specific,228,2022-01-07,2026-05-15,weekly Friday,0.6484176327059872,0.1207443705789093,0.10516520554029979,1.1372505249715694,1.8996411296805529,0.739802572993877,-0.16321161210655677,0.2895732767310208,0.01826857369899421,8.012532324120267e-05,0.7231904743856291,1.6714132164631021,0.4050996165037856,0.7763157894736842,0.02213218994857741,1.8215741501856316e-05,2.7763334868761625e-05,0.0,-0.16321161210655677,0.6559903225044176,,0.6559903225044176,aligned_single_history_n25,1,202,metric_computed_before_cross_seed_aggregation
bil_cash,V4_real_garch_current_cap_0p80,TD3,V4_real_garch_current,0p80,asset_specific,228,2022-01-07,2026-05-15,weekly Friday,0.506927614136546,0.09803848758287614,0.12550024897369738,0.808208464698408,1.224215036274712,0.5750496501976097,-0.17048699629533948,0.582269158683727,0.034032884265579766,0.00014926703625254284,0.7001253592320927,1.8193287445238333,0.3424647398129896,0.6491228070175439,0.04716444166415045,3.096347769814322e-05,4.101650564477444e-05,0.0,-0.17048699629533948,0.3779571020662864,,0.3779571020662864,aligned_single_history_n25,1,303,metric_computed_before_cross_seed_aggregation
bil_cash,V4_real_garch_current_cap_0p80,TD3,V4_real_garch_current,0p80,asset_specific,228,2022-01-07,2026-05-15,weekly Friday,0.41693479917128284,0.08272556316464641,0.08447205444975076,0.9833947150611215,1.6700550553675493,0.46619149262139437,-0.177449748598973,0.27970614011846384,0.015055497663289617,6.603288448811236e-05,0.7216835422684805,1.7002215369626315,0.47358459921485047,0.7149122807017544,0.014212052941440519,1.8951456432679655e-05,1.261457058053618e-05,0.0,-0.177449748598973,0.5561932277295376,,0.5561932277295376,aligned_single_history_n25,1,404,metric_computed_before_cross_seed_aggregation
bil_cash,V4_real_garch_current_cap_0p80,TD3,V4_real_garch_current,0p80,asset_specific,228,2022-01-07,2026-05-15,weekly Friday,0.37613574301041486,0.07553488510255502,0.12495996429062042,0.6453248821426033,0.902251400979381,0.2760362554314574,-0.27364117436128277,0.2778003097501667,0.016676392743745858,7.314207343748183e-05,0.6954845793264298,1.7770486751498307,0.27548373185359676,0.42543859649122806,0.02691071537832784,7.372722319074675e-06,2.1977514359319734e-05,0.0,-0.27364117436128277,0.2553945938232597,,0.2553945938232597,aligned_single_history_n25,1,505,metric_computed_before_cross_seed_aggregation
bil_cash,V5_no_volatility_block_cap_0p70,TD3,V5_no_volatility_block,0p70,asset_specific,228,2022-01-07,2026-05-15,weekly Friday,0.01500613662225958,0.003402803792860176,0.12194270399899887,0.08922629161879046,0.03652777640561796,0.00843887159595461,-0.4032297155097606,0.38067557749001896,0.02453767726746128,0.00010762139152395298,0.6458053362662001,1.9525276101927103,0.3154025208995058,0.7149122807017544,0.045648351932561906,2.380409383234997e-05,3.935784503245838e-05,0.0,-0.4032297155097606,0.035009002903487685,,0.035009002903487685,aligned_single_history_n25,1,7,metric_computed_before_cross_seed_aggregation
bil_cash,V5_no_volatility_block_cap_0p70,TD3,V5_no_volatility_block,0p70,asset_specific,228,2022-01-07,2026-05-15,weekly Friday,0.26532445064944543,0.05513785718228714,0.12534331087198153,0.4906975827408946,0.6636933019929253,0.2169938509835331,-0.2540987080157924,0.5175112826299966,0.03338640589908821,0.00014643160482056232,0.6395599653004231,1.9986919853684457,0.23054600758050034,0.4517543859649123,0.05839996812822827,2.3901314629908844e-05,5.366168536822624e-05,0.0,-0.2540987080157924,0.16589030795044385,,0.16589030795044385,aligned_single_history_n25,1,21,metric_computed_before_cross_seed_aggregation
bil_cash,V5_no_volatility_block_cap_0p70,TD3,V5_no_volatility_block,0p70,asset_specific,228,2022-01-07,2026-05-15,weekly Friday,0.2856456337563704,0.05897890575213438,0.11906427269234253,0.5410483450703307,0.7070415012979998,0.194154932488849,-0.3037723790793816,0.24399084810265673,0.014034808428966424,6.155617732002817e-05,0.6669972987105373,1.9252820627584135,0.2550871894221717,0.4166666666666667,0.02826288500834913,1.1803398903836556e-05,1.5947509624383968e-05,0.0,-0.3037723790793816,0.18780949259562618,,0.18780949259562618,aligned_single_history_n25,1,42,metric_computed_before_cross_seed_aggregation
bil_cash,V5_no_volatility_block_cap_0p70,TD3,V5_no_volatility_block,0p70,asset_specific,228,2022-01-07,2026-05-15,weekly Friday,-0.15830997879124642,-0.03854393319152849,0.17377328963198105,-0.13280200055617192,-0.25464565081053514,-0.08215401897741369,-0.4691667391479075,0.36453420313058993,0.027595481502168707,0.0001210328136060031,0.6516892482643818,1.9597846385361877,0.20631467873599524,0.32894736842105265,0.08986069437625385,1.0229580181012125e-05,6.0157466224871135e-05,0.0,-0.4691667391479075,0.011142561391919548,,0.011142561391919548,aligned_single_history_n25,1,84,metric_computed_before_cross_seed_aggregation
bil_cash,V5_no_volatility_block_cap_0p70,TD3,V5_no_volatility_block,0p70,asset_specific,228,2022-01-07,2026-05-15,weekly Friday,0.46018986925472993,0.09017662271249738,0.12317680004420749,0.7639207270789237,0.9907054805478949,0.25069190337361824,-0.3597109499707408,0.3101297155433346,0.018994979122039533,8.331131193876989e-05,0.6561725620283382,1.9490212397950746,0.31410057436066463,0.6359649122807017,0.03635574307861036,1.6404888337059834e-05,2.660671103764228e-05,0.0,-0.3597109499707408,0.2949496633799348,,0.2949496633799348,aligned_single_history_n25,1,101,metric_computed_before_cross_seed_aggregation
bil_cash,V5_no_volatility_block_cap_0p70,TD3,V5_no_volatility_block,0p70,asset_specific,228,2022-01-07,2026-05-15,weekly Friday,0.14190613125006313,0.03072729418735043,0.11693299525493753,0.3180616168173995,0.350487734869905,0.10829666136519155,-0.2837326081894037,0.3576985706319,0.023027711312063912,0.00010099873382484172,0.6425847693827941,1.9700149795498725,0.31498667222689414,0.6710526315789473,0.03565432510695532,1.25782813894674e-05,3.6823774623092934e-05,0.0,-0.2837326081894037,0.08778274955922655,,0.08778274955922655,aligned_single_history_n25,1,123,metric_computed_before_cross_seed_aggregation
bil_cash,V5_no_volatility_block_cap_0p70,TD3,V5_no_volatility_block,0p70,asset_specific,228,2022-01-07,2026-05-15,weekly Friday,0.17678410769744413,0.03782428842302221,0.13961681412693247,0.33649906268227026,0.36861603800455206,0.1186734448555955,-0.31872579808437895,0.2790574603266259,0.016702449516627797,7.325635752906929e-05,0.6483942978563964,1.9280481672844987,0.1228388757667427,0.29385964912280704,0.02237659393344974,9.275762639467913e-06,2.1806081829693437e-05,0.0,-0.31872579808437895,0.0947378667007236,,0.0947378667007236,aligned_single_history_n25,1,202,metric_computed_before_cross_seed_aggregation
bil_cash,V5_no_volatility_block_cap_0p70,TD3,V5_no_volatility_block,0p70,asset_specific,228,2022-01-07,2026-05-15,weekly Friday,0.2911857145796366,0.060017939243423024,0.12789888102463903,0.5197918567852925,0.6751358642574423,0.19876661486306008,-0.30195181059340515,0.41759234589576144,0.023557143469882535,0.00010332080469246726,0.6643163929656989,1.9342868623841531,0.06851793531574817,0.11403508771929824,0.022318717825423502,1.1057798675707668e-05,2.4752919391670156e-05,0.0,-0.30195181059340515,0.17793112623908425,,0.17793112623908425,aligned_single_history_n25,1,303,metric_computed_before_cross_seed_aggregation
bil_cash,V5_no_volatility_block_cap_0p70,TD3,V5_no_volatility_block,0p70,asset_specific,228,2022-01-07,2026-05-15,weekly Friday,0.4863184212885179,0.09459530800761629,0.12012662608811141,0.8129596233247006,1.1726961164985348,0.4435623068066256,-0.21326272894701992,0.25670360291912336,0.01622502208501752,7.116237756586632e-05,0.6595005238010284,1.9193371589204131,0.36786867010946994,0.7631578947368421,0.04003858676468016,1.8257416983248137e-05,2.477707122756192e-05,0.0,-0.21326272894701992,0.36990993459326216,,0.36990993459326216,aligned_single_history_n25,1,404,metric_computed_before_cross_seed_aggregation
bil_cash,V5_no_volatility_block_cap_0p70,TD3,V5_no_volatility_block,0p70,asset_specific,228,2022-01-07,2026-05-15,weekly Friday,0.8285859847486656,0.14757400568657997,0.13069554187587193,1.1195081693794056,1.8311933805658003,0.7100360537512987,-0.2078401581256465,0.2177544934736492,0.016594541475035127,7.278307664489091e-05,0.6746402165068119,1.9509466637555326,0.16749438406582934,0.3157894736842105,0.07603574866700862,1.0452431533744478e-05,3.6540222437712075e-05,0.0,-0.2078401581256465,0.6269483379835922,,0.6269483379835922,aligned_single_history_n25,1,505,metric_computed_before_cross_seed_aggregation
bil_cash,V7_real_macro_vintage_clean_no_dxy_garch_cap_0p80,TD3,V7_real_macro_vintage_clean_no_dxy_garch,0p80,asset_specific,228,2022-01-07,2026-05-15,weekly Friday,0.6384349139888419,0.11919279044561626,0.11979738213336039,1.0009022324917876,1.493404917411073,0.8449297892031232,-0.1410682780613408,0.2901743916619216,0.016446169473070142,7.213232225030764e-05,0.7376283505394355,1.6581602016416086,0.34156777554790874,0.8596491228070176,0.018482005396765904,2.3532218884557446e-05,1.762180489741939e-05,0.0,-0.1410682780613408,0.4986772138902406,,0.4986772138902406,aligned_single_history_n25,1,7,metric_computed_before_cross_seed_aggregation
bil_cash,V7_real_macro_vintage_clean_no_dxy_garch_cap_0p80,TD3,V7_real_macro_vintage_clean_no_dxy_garch,0p80,asset_specific,228,2022-01-07,2026-05-15,weekly Friday,0.1958826508194198,0.041641908866279165,0.1259177846573099,0.3879046941863423,0.4556593566304911,0.17209245080158617,-0.24197405913110137,0.4276908391566274,0.03309615237457533,0.00014515856304638303,0.7436064261862607,1.6792630998395435,0.4457835671624144,0.6842105263157895,0.10244054023403089,2.570121095463599e-05,7.452549401883934e-05,0.0,-0.24197405913110137,0.11142760545963992,,0.11142760545963992,aligned_single_history_n25,1,21,metric_computed_before_cross_seed_aggregation
bil_cash,V7_real_macro_vintage_clean_no_dxy_garch_cap_0p80,TD3,V7_real_macro_vintage_clean_no_dxy_garch,0p80,asset_specific,228,2022-01-07,2026-05-15,weekly Friday,-0.3386472298776061,-0.0899900033435782,0.24594368545362918,-0.25199066117453184,-0.4302529708803875,-0.16082701017680476,-0.5595453353553481,0.24691984976592068,0.013653098288571528,5.988201003759442e-05,0.7435868863085842,1.6339759033300951,0.14212693419804087,0.2236842105263158,0.19525183369971494,8.752292651094186e-06,1.3122550105522928e-05,0.0,-0.5595453353553481,0.0054252226365067435,,0.0054252226365067435,aligned_single_history_n25,1,42,metric_computed_before_cross_seed_aggregation
bil_cash,V7_real_macro_vintage_clean_no_dxy_garch_cap_0p80,TD3,V7_real_macro_vintage_clean_no_dxy_garch,0p80,asset_specific,228,2022-01-07,2026-05-15,weekly Friday,0.5631134415114925,0.1072442836542542,0.10104313632066228,1.0593443376558873,1.714978908811296,0.5876908276613895,-0.18248418829508306,0.3260575512684166,0.01707583515092944,7.489401381986597e-05,0.7141439102892659,1.7014786496832925,0.2856921956198104,0.5087719298245614,0.011780504664835378,1.7929177837649623e-05,1.2103129457741596e-05,0.0,-0.18248418829508306,0.5885625800309089,,0.5885625800309089,aligned_single_history_n25,1,84,metric_computed_before_cross_seed_aggregation
bil_cash,V7_real_macro_vintage_clean_no_dxy_garch_cap_0p80,TD3,V7_real_macro_vintage_clean_no_dxy_garch,0p80,asset_specific,228,2022-01-07,2026-05-15,weekly Friday,1.397872302439528,0.22075073415765556,0.23309497653251177,0.9654346019966334,2.090147509558057,1.5462425067918513,-0.14276592008563382,0.2638444974370725,0.016664994227350002,7.309207994451756e-05,0.7312816774150295,1.6625270360604774,0.3687099075209376,0.543859649122807,0.1848917221999372,1.393819275734613e-05,2.5403975571391388e-05,0.0,-0.14276592008563382,0.6937349686333387,,0.6937349686333387,aligned_single_history_n25,1,101,metric_computed_before_cross_seed_aggregation
bil_cash,V7_real_macro_vintage_clean_no_dxy_garch_cap_0p80,TD3,V7_real_macro_vintage_clean_no_dxy_garch,0p80,asset_specific,228,2022-01-07,2026-05-15,weekly Friday,0.20824663826370537,0.04408832875962165,0.10229983725477156,0.4728280799814337,0.6319111744806681,0.22714572230600252,-0.1940971122503793,0.2735357622618629,0.014848406142388389,6.512458834380873e-05,0.7547565202366078,1.6292300758383162,0.46314257976135953,0.7280701754385965,0.02267543802606735,2.0372424838117526e-05,1.3021794864310717e-05,0.0,-0.1940971122503793,0.1557749396827623,,0.1557749396827623,aligned_single_history_n25,1,123,metric_computed_before_cross_seed_aggregation
bil_cash,V7_real_macro_vintage_clean_no_dxy_garch_cap_0p80,TD3,V7_real_macro_vintage_clean_no_dxy_garch,0p80,asset_specific,228,2022-01-07,2026-05-15,weekly Friday,0.6385380472219224,0.11920885735292219,0.14781773236042256,0.8358600706443048,1.3056079703498753,0.5972929727443397,-0.19958188492525153,0.38905283258866763,0.027421540479595954,0.00012026991438419278,0.7106180361316622,1.722121442283678,0.09677691382666294,0.17543859649122806,0.05479769892703406,1.1127958536839706e-05,5.307418483309082e-05,0.0,-0.19958188492525153,0.4106477338069984,,0.4106477338069984,aligned_single_history_n25,1,202,metric_computed_before_cross_seed_aggregation
bil_cash,V7_real_macro_vintage_clean_no_dxy_garch_cap_0p80,TD3,V7_real_macro_vintage_clean_no_dxy_garch,0p80,asset_specific,228,2022-01-07,2026-05-15,weekly Friday,0.3923844739945397,0.07841812778434343,0.1291735464384662,0.6490446416116095,0.9181790223157974,0.3425094288214284,-0.2289517344213835,0.27852529489970246,0.018987226825796046,8.327731063945635e-05,0.7304504442518013,1.7174680697964424,0.3073072571253024,0.4780701754385965,0.0475052742643522,1.3417617523894862e-05,3.4465314574404993e-05,0.0,-0.2289517344213835,0.2610616820197521,,0.2610616820197521,aligned_single_history_n25,1,303,metric_computed_before_cross_seed_aggregation
bil_cash,V7_real_macro_vintage_clean_no_dxy_garch_cap_0p80,TD3,V7_real_macro_vintage_clean_no_dxy_garch,0p80,asset_specific,228,2022-01-07,2026-05-15,weekly Friday,1.007081499491521,0.17221170699432875,0.10141947379699484,1.6192936937705926,2.9940111087110495,1.8971823900841578,-0.09077235161701536,0.18279331116037986,0.011936973510925283,5.235514697774247e-05,0.7354391711280805,1.6722698791777535,0.42810316483258626,0.7456140350877193,0.022711743010063207,1.1281422557363355e-05,1.9745605932088953e-05,0.0,-0.09077235161701536,0.9161654122140461,,0.9161654122140461,aligned_single_history_n25,1,404,metric_computed_before_cross_seed_aggregation
bil_cash,V7_real_macro_vintage_clean_no_dxy_garch_cap_0p80,TD3,V7_real_macro_vintage_clean_no_dxy_garch,0p80,asset_specific,228,2022-01-07,2026-05-15,weekly Friday,0.664369619227652,0.12320874495872602,0.159307298671043,0.8102254425942201,1.143904133572804,0.48151483190378846,-0.25587736201518374,0.24209504503100887,0.017959331663421348,7.876899852377784e-05,0.6783521005878195,1.8756883959962103,0.38162627330019294,0.7236842105263158,0.0921953995382691,1.627397691955194e-05,3.793748689698305e-05,0.0,-0.25587736201518374,0.35007503841106036,,0.35007503841106036,aligned_single_history_n25,1,505,metric_computed_before_cross_seed_aggregation
bil_cash,V8_ewma_garch_vol_current_cap_0p70,TD3,V8_ewma_garch_vol_current,0p70,asset_specific,228,2022-01-07,2026-05-15,weekly Friday,0.7869154281149031,0.14155647875374733,0.10934600878491356,1.2665524143586415,2.0999097727689224,0.7422989301211388,-0.19070009804627652,0.3135353322786969,0.021492307274104623,9.426450558817817e-05,0.6284890654983006,1.973093829785664,0.2776236907406865,0.5877192982456141,0.05459700281914162,1.3618706633241749e-05,3.9446798915563006e-05,0.0,-0.19070009804627652,0.7396869896321859,,0.7396869896321859,aligned_single_history_n25,1,7,metric_computed_before_cross_seed_aggregation
bil_cash,V8_ewma_garch_vol_current_cap_0p70,TD3,V8_ewma_garch_vol_current,0p70,asset_specific,228,2022-01-07,2026-05-15,weekly Friday,0.28294350749321406,0.058470871769732424,0.06472534958658613,0.9106442725306261,1.3915372374258261,0.49297160321938305,-0.1186090058491901,0.25174898043415,0.013682445212487841,6.0010724616174745e-05,0.6335970645445388,2.001598991393659,0.5909273560340319,0.9824561403508771,0.026202726469829886,1.4900548763268484e-05,1.2076160661693363e-05,0.0,-0.1186090058491901,0.4473543601104598,,0.4473543601104598,aligned_single_history_n25,1,21,metric_computed_before_cross_seed_aggregation
bil_cash,V8_ewma_garch_vol_current_cap_0p70,TD3,V8_ewma_garch_vol_current,0p70,asset_specific,228,2022-01-07,2026-05-15,weekly Friday,-0.07010893622516123,-0.016441269747685894,0.19041183980699347,0.013346795793770948,-0.10492230239409388,-0.035836488694912565,-0.45878573338073536,0.4600969015340412,0.03306452848208163,0.0001450198617635159,0.6475252101889024,2.0166482389004283,0.10238332602173479,0.21052631578947367,0.16608535660037474,1.565678658464238e-05,6.62506018209018e-05,0.0,-0.45878573338073536,0.02445717367803213,,0.02445717367803213,aligned_single_history_n25,1,42,metric_computed_before_cross_seed_aggregation
bil_cash,V8_ewma_garch_vol_current_cap_0p70,TD3,V8_ewma_garch_vol_current,0p70,asset_specific,228,2022-01-07,2026-05-15,weekly Friday,0.5177445886146164,0.09983115478208493,0.12857167095088848,0.8053222094920315,1.1435235033175724,0.4371591721565889,-0.22836339974201836,0.2765354694221633,0.019750723845081135,8.662598177667164e-05,0.6335571098926033,1.9574326266017634,0.2816622323904405,0.5701754385964912,0.0871204522836403,1.6247848706371226e-05,3.914860986530564e-05,0.0,-0.22836339974201836,0.34388642205023645,,0.34388642205023645,aligned_single_history_n25,1,84,metric_computed_before_cross_seed_aggregation
bil_cash,V8_ewma_garch_vol_current_cap_0p70,TD3,V8_ewma_garch_vol_current,0p70,asset_specific,228,2022-01-07,2026-05-15,weekly Friday,0.6538949426201006,0.12159261085544482,0.11523226992814903,1.0540595654825526,1.682471069543423,0.9114836449396158,-0.13340075988253208,0.42659097998516826,0.028564981617428757,0.0001252850070939858,0.658175831099956,2.0084299733647937,0.34800273421420425,0.7192982456140351,0.06027623187650902,2.507776071381444e-05,4.9958513871213503e-05,0.0,-0.13340075988253208,0.574140066127849,,0.574140066127849,aligned_single_history_n25,1,101,metric_computed_before_cross_seed_aggregation
bil_cash,V8_ewma_garch_vol_current_cap_0p70,TD3,V8_ewma_garch_vol_current,0p70,asset_specific,228,2022-01-07,2026-05-15,weekly Friday,-0.07148103611948176,-0.016772454193141217,0.129404245228562,-0.06537768619215498,-0.1707481479988641,-0.053316168656740694,-0.3145847613530778,0.2554471213236895,0.019172143244577118,8.408834756393473e-05,0.6444100710855286,1.9656357167681615,0.4823851411367359,0.9780701754385965,0.15847377268486054,1.6130947136001477e-05,4.124865412400733e-05,0.0,-0.3145847613530778,0.01640655289571713,,0.01640655289571713,aligned_single_history_n25,1,123,metric_computed_before_cross_seed_aggregation
bil_cash,V8_ewma_garch_vol_current_cap_0p70,TD3,V8_ewma_garch_vol_current,0p70,asset_specific,228,2022-01-07,2026-05-15,weekly Friday,0.2835379104631057,0.05858269787464465,0.15032412319557903,0.45419863911882447,0.5546945834330451,0.1857684890754676,-0.31535325590577257,0.4711463786690312,0.03375765972348405,0.00014805991106791252,0.613314328090242,2.1583133534972587,0.30838016557817666,0.6228070175438597,0.16120693324412136,2.239862988937272e-05,6.728829416766013e-05,0.0,-0.31535325590577257,0.14386769095691265,,0.14386769095691265,aligned_single_history_n25,1,202,metric_computed_before_cross_seed_aggregation
bil_cash,V8_ewma_garch_vol_current_cap_0p70,TD3,V8_ewma_garch_vol_current,0p70,asset_specific,228,2022-01-07,2026-05-15,weekly Friday,-0.008177590703114301,-0.0018709797754903335,0.14072648502196888,0.057798831726814326,-0.01747001908766887,-0.005514976217388152,-0.33925436878427995,0.22883755346471552,0.02151592472576254,9.436809090246728e-05,0.6625368775058209,1.9146200260182544,0.5103283526709101,0.8070175438596491,0.16664553522000586,9.786260063725498e-06,6.075072526191086e-05,0.0,-0.33925436878427995,0.030267335977512133,,0.030267335977512133,aligned_single_history_n25,1,303,metric_computed_before_cross_seed_aggregation
bil_cash,V8_ewma_garch_vol_current_cap_0p70,TD3,V8_ewma_garch_vol_current,0p70,asset_specific,228,2022-01-07,2026-05-15,weekly Friday,0.21275204393853597,0.04497499449348119,0.09366238280875326,0.5165629360699008,0.6987430459543508,0.17455820773260947,-0.2576504140233524,0.39214059502354154,0.024996050177047077,0.0001096317990221363,0.6494870902537243,2.058587675247412,0.31449949995927545,0.543859649122807,0.0510192181793387,1.2091333974286658e-05,3.900460002180728e-05,0.0,-0.2576504140233524,0.1768977629984384,,0.1768977629984384,aligned_single_history_n25,1,404,metric_computed_before_cross_seed_aggregation
bil_cash,V8_ewma_garch_vol_current_cap_0p70,TD3,V8_ewma_garch_vol_current,0p70,asset_specific,228,2022-01-07,2026-05-15,weekly Friday,0.8775226893191144,0.15450714016738543,0.096955362277459,1.5318789400295945,2.820887724403426,1.516762081306167,-0.10186643117708405,0.34408601065982025,0.021833652905948825,9.576163555240712e-05,0.6457620661023629,1.96087475393508,0.3031231706358149,0.6578947368421053,0.04027851420795436,2.1475843763519252e-05,3.36805417755722e-05,0.0,-0.10186643117708405,0.8977685939039071,,0.8977685939039071,aligned_single_history_n25,1,505,metric_computed_before_cross_seed_aggregation
